id_venda,data_venda,id_cliente,id_produto,id_vendedor,quantidade,preco_unitario,desconto_pct,valor_total,custo_total,lucro_total,margem_lucro_pct,canal_venda
10001,2025-01-19,119,1005,3,1,850.0,0.1,765.0,520.0,245.0,32.03,E-commerce
10002,2024-06-18,84,1015,6,13,32.0,0.05,395.2,234.0,161.2,40.79,Venda Direta / B2B
10003,2025-03-21,65,1014,2,8,280.0,0.15,1904.0,720.0,1184.0,62.18,Venda Direta / B2B
10004,2023-08-02,58,1012,2,13,150.0,0.0,1950.0,520.0,1430.0,73.33,Website
10005,2025-03-22,52,1008,1,3,2800.0,0.0,8400.0,5400.0,3000.0,35.71,Website
10006,2023-11-28,145,1004,4,8,220.0,0.05,1672.0,880.0,792.0,47.37,Website
10007,2025-03-29,30,1006,3,5,650.0,0.15,2762.5,1950.0,812.5,29.41,Venda Direta / B2B
10008,2023-05-30,148,1010,7,7,420.0,0.0,2940.0,1680.0,1260.0,42.86,Website
10009,2023-09-15,27,1008,5,14,2800.0,0.15,33320.0,25200.0,8120.0,24.37,Website
10010,2025-04-21,89,1002,7,11,2200.0,0.0,24200.0,15950.0,8250.0,34.09,Venda Direta / B2B
10011,2024-10-26,4,1011,7,14,12000.0,0.0,168000.0,56000.0,112000.0,66.67,Venda Direta / B2B
10012,2024-09-07,118,1012,3,7,150.0,0.15,892.5,280.0,612.5,68.63,Venda Direta / B2B
10013,2025-09-05,138,1009,8,8,550.0,0.15,3740.0,2560.0,1180.0,31.55,Venda Direta / B2B
10014,2024-04-29,23,1008,5,15,2800.0,0.0,42000.0,27000.0,15000.0,35.71,Venda Direta / B2B
10015,2025-03-20,87,1013,1,8,300.0,0.0,2400.0,640.0,1760.0,73.33,Venda Direta / B2B
10016,2024-10-14,67,1012,6,5,150.0,0.05,712.5,200.0,512.5,71.93,Website
10017,2024-11-27,49,1017,2,1,45.0,0.1,40.5,15.0,25.5,62.96,E-commerce
10018,2024-11-27,122,1008,8,8,2800.0,0.0,22400.0,14400.0,8000.0,35.71,Venda Direta / B2B
10019,2024-05-21,63,1013,5,11,300.0,0.05,3135.0,880.0,2255.0,71.93,Website
10020,2024-10-04,89,1017,7,12,45.0,0.05,513.0,180.0,333.0,64.91,Website
10021,2024-07-08,70,1015,5,2,32.0,0.0,64.0,36.0,28.0,43.75,Website
10022,2025-03-04,31,1011,3,1,12000.0,0.1,10800.0,4000.0,6800.0,62.96,Website
10023,2024-05-06,73,1017,2,1,45.0,0.0,45.0,15.0,30.0,66.67,E-commerce
10024,2024-07-15,4,1010,3,5,420.0,0.0,2100.0,1200.0,900.0,42.86,Venda Direta / B2B
10025,2024-11-26,126,1005,2,14,850.0,0.15,10115.0,7280.0,2835.0,28.03,Venda Direta / B2B
10026,2024-05-13,113,1016,6,1,280.0,0.05,266.0,150.0,116.0,43.61,Website
10027,2025-08-06,30,1016,2,7,280.0,0.0,1960.0,1050.0,910.0,46.43,Venda Direta / B2B
10028,2024-12-10,39,1002,3,13,2200.0,0.05,27170.0,18850.0,8320.0,30.62,Website
10029,2023-09-30,31,1008,7,3,2800.0,0.15,7140.0,5400.0,1740.0,24.37,Website
10030,2024-07-30,77,1015,7,5,32.0,0.15,136.0,90.0,46.0,33.82,Website
10031,2023-08-18,54,1004,4,5,220.0,0.0,1100.0,550.0,550.0,50.0,Website
10032,2024-01-06,142,1006,2,1,650.0,0.1,585.0,390.0,195.0,33.33,Website
10033,2024-09-19,75,1016,1,4,280.0,0.05,1064.0,600.0,464.0,43.61,Venda Direta / B2B
10034,2025-02-22,19,1015,4,2,32.0,0.1,57.6,36.0,21.6,37.5,Website
10035,2023-11-13,39,1008,5,14,2800.0,0.0,39200.0,25200.0,14000.0,35.71,Venda Direta / B2B
10036,2023-08-17,146,1010,5,8,420.0,0.1,3024.0,1920.0,1104.0,36.51,Venda Direta / B2B
10037,2025-02-14,70,1013,8,2,300.0,0.15,510.0,160.0,350.0,68.63,Website
10038,2023-07-06,83,1014,5,1,280.0,0.0,280.0,90.0,190.0,67.86,Venda Direta / B2B
10039,2025-08-31,69,1001,1,13,4500.0,0.1,52650.0,40300.0,12350.0,23.46,Venda Direta / B2B
10040,2024-11-04,72,1015,3,10,32.0,0.1,288.0,180.0,108.0,37.5,Venda Direta / B2B
10041,2025-09-11,90,1016,7,6,280.0,0.0,1680.0,900.0,780.0,46.43,Venda Direta / B2B
10042,2025-05-25,106,1011,8,2,12000.0,0.15,20400.0,8000.0,12400.0,60.78,E-commerce
10043,2023-06-29,81,1003,5,6,350.0,0.1,1890.0,1080.0,810.0,42.86,Venda Direta / B2B
10044,2025-05-30,139,1001,8,7,4500.0,0.0,31500.0,21700.0,9800.0,31.11,Venda Direta / B2B
10045,2024-11-03,114,1016,1,4,280.0,0.15,952.0,600.0,352.0,36.97,Venda Direta / B2B
10046,2023-12-05,113,1010,8,1,420.0,0.15,357.0,240.0,117.0,32.77,Website
10047,2025-04-17,80,1006,1,9,650.0,0.0,5850.0,3510.0,2340.0,40.0,Venda Direta / B2B
10048,2024-03-18,119,1004,2,3,220.0,0.1,594.0,330.0,264.0,44.44,Website
10049,2025-07-27,131,1010,5,7,420.0,0.1,2646.0,1680.0,966.0,36.51,Venda Direta / B2B
10050,2024-04-06,38,1018,7,4,95.0,0.15,323.0,180.0,143.0,44.27,Website
10051,2025-03-18,18,1005,5,2,850.0,0.15,1445.0,1040.0,405.0,28.03,E-commerce
10052,2024-04-28,73,1001,5,3,4500.0,0.0,13500.0,9300.0,4200.0,31.11,E-commerce
10053,2024-09-16,89,1016,6,9,280.0,0.1,2268.0,1350.0,918.0,40.48,Website
10054,2024-09-22,49,1011,4,3,12000.0,0.0,36000.0,12000.0,24000.0,66.67,E-commerce
10055,2025-05-24,12,1014,6,3,280.0,0.1,756.0,270.0,486.0,64.29,E-commerce
10056,2024-08-03,127,1005,1,1,850.0,0.0,850.0,520.0,330.0,38.82,E-commerce
10057,2025-06-06,26,1015,8,1,32.0,0.1,28.8,18.0,10.8,37.5,Website
10058,2025-06-04,20,1005,8,13,850.0,0.05,10497.5,6760.0,3737.5,35.6,Venda Direta / B2B
10059,2025-01-07,21,1013,6,14,300.0,0.15,3570.0,1120.0,2450.0,68.63,Website
10060,2024-07-30,125,1011,1,10,12000.0,0.0,120000.0,40000.0,80000.0,66.67,Venda Direta / B2B
10061,2025-01-12,59,1010,2,7,420.0,0.0,2940.0,1680.0,1260.0,42.86,Venda Direta / B2B
10062,2024-09-14,8,1010,1,2,420.0,0.05,798.0,480.0,318.0,39.85,Website
10063,2024-07-13,38,1014,4,9,280.0,0.15,2142.0,810.0,1332.0,62.18,Venda Direta / B2B
10064,2025-02-10,44,1006,3,1,650.0,0.15,552.5,390.0,162.5,29.41,E-commerce
10065,2025-02-11,150,1016,3,1,280.0,0.05,266.0,150.0,116.0,43.61,E-commerce
10066,2024-09-25,120,1001,5,11,4500.0,0.0,49500.0,34100.0,15400.0,31.11,Website
10067,2023-09-11,77,1012,7,12,150.0,0.1,1620.0,480.0,1140.0,70.37,Venda Direta / B2B
10068,2025-05-16,99,1007,8,2,1200.0,0.1,2160.0,1500.0,660.0,30.56,Venda Direta / B2B
10069,2024-12-07,76,1010,1,14,420.0,0.1,5292.0,3360.0,1932.0,36.51,Website
10070,2024-05-04,128,1002,5,13,2200.0,0.15,24310.0,18850.0,5460.0,22.46,Venda Direta / B2B
10071,2025-04-18,49,1008,5,3,2800.0,0.0,8400.0,5400.0,3000.0,35.71,Website
10072,2025-06-30,80,1002,8,1,2200.0,0.05,2090.0,1450.0,640.0,30.62,Website
10073,2025-03-10,76,1003,6,12,350.0,0.0,4200.0,2160.0,2040.0,48.57,Venda Direta / B2B
10074,2024-02-23,94,1018,5,14,95.0,0.05,1263.5,630.0,633.5,50.14,Venda Direta / B2B
10075,2025-07-09,76,1016,6,13,280.0,0.1,3276.0,1950.0,1326.0,40.48,Venda Direta / B2B
10076,2025-09-02,58,1005,7,14,850.0,0.05,11305.0,7280.0,4025.0,35.6,Website
10077,2023-10-08,4,1013,5,9,300.0,0.1,2430.0,720.0,1710.0,70.37,Venda Direta / B2B
10078,2024-07-21,150,1009,7,3,550.0,0.0,1650.0,960.0,690.0,41.82,E-commerce
10079,2025-02-06,7,1016,6,15,280.0,0.0,4200.0,2250.0,1950.0,46.43,Website
10080,2025-01-22,78,1015,7,2,32.0,0.0,64.0,36.0,28.0,43.75,Venda Direta / B2B
10081,2025-08-11,127,1010,2,1,420.0,0.15,357.0,240.0,117.0,32.77,Website
10082,2023-12-11,95,1015,7,10,32.0,0.0,320.0,180.0,140.0,43.75,Website
10083,2025-06-15,126,1004,7,5,220.0,0.05,1045.0,550.0,495.0,47.37,Venda Direta / B2B
10084,2024-03-11,61,1015,6,2,32.0,0.05,60.8,36.0,24.8,40.79,Website
10085,2024-11-20,16,1012,7,5,150.0,0.0,750.0,200.0,550.0,73.33,Venda Direta / B2B
10086,2025-08-15,24,1015,4,3,32.0,0.0,96.0,54.0,42.0,43.75,Website
10087,2025-04-09,33,1008,4,1,2800.0,0.15,2380.0,1800.0,580.0,24.37,Website
10088,2024-03-10,85,1008,3,13,2800.0,0.0,36400.0,23400.0,13000.0,35.71,Website
10089,2024-05-07,34,1005,5,13,850.0,0.0,11050.0,6760.0,4290.0,38.82,Venda Direta / B2B
10090,2025-01-29,34,1001,1,6,4500.0,0.15,22950.0,18600.0,4350.0,18.95,Venda Direta / B2B
10091,2024-06-15,68,1006,1,1,650.0,0.15,552.5,390.0,162.5,29.41,E-commerce
10092,2023-11-12,122,1003,8,13,350.0,0.15,3867.5,2340.0,1527.5,39.5,Venda Direta / B2B
10093,2024-12-20,129,1015,4,3,32.0,0.15,81.6,54.0,27.6,33.82,Website
10094,2024-05-28,16,1001,8,14,4500.0,0.1,56700.0,43400.0,13300.0,23.46,Venda Direta / B2B
10095,2025-02-13,114,1016,2,15,280.0,0.05,3990.0,2250.0,1740.0,43.61,Venda Direta / B2B
10096,2024-12-29,33,1003,5,3,350.0,0.1,945.0,540.0,405.0,42.86,E-commerce
10097,2025-11-05,76,1017,8,9,45.0,0.1,364.5,135.0,229.5,62.96,Website
10098,2023-10-22,142,1004,4,2,220.0,0.0,440.0,220.0,220.0,50.0,E-commerce
10099,2024-08-24,103,1015,7,12,32.0,0.05,364.8,216.0,148.8,40.79,Venda Direta / B2B
10100,2024-09-02,96,1009,3,11,550.0,0.0,6050.0,3520.0,2530.0,41.82,Venda Direta / B2B
10101,2023-10-10,24,1003,7,1,350.0,0.0,350.0,180.0,170.0,48.57,E-commerce
10102,2024-11-28,144,1018,6,11,95.0,0.1,940.5,495.0,445.5,47.37,Venda Direta / B2B
10103,2024-07-09,14,1014,5,10,280.0,0.05,2660.0,900.0,1760.0,66.17,Venda Direta / B2B
10104,2023-10-28,55,1017,3,11,45.0,0.0,495.0,165.0,330.0,66.67,Venda Direta / B2B
10105,2025-05-18,143,1012,6,2,150.0,0.15,255.0,80.0,175.0,68.63,Venda Direta / B2B
10106,2024-03-20,144,1014,1,10,280.0,0.05,2660.0,900.0,1760.0,66.17,Website
10107,2023-06-09,80,1009,6,6,550.0,0.0,3300.0,1920.0,1380.0,41.82,Venda Direta / B2B
10108,2025-06-03,18,1013,3,3,300.0,0.0,900.0,240.0,660.0,73.33,Website
10109,2025-03-18,97,1007,7,2,1200.0,0.0,2400.0,1500.0,900.0,37.5,E-commerce
10110,2024-07-22,146,1011,2,15,12000.0,0.0,180000.0,60000.0,120000.0,66.67,Venda Direta / B2B
10111,2024-01-06,21,1002,5,8,2200.0,0.1,15840.0,11600.0,4240.0,26.77,Website
10112,2024-10-13,107,1015,5,4,32.0,0.0,128.0,72.0,56.0,43.75,Website
10113,2024-07-02,73,1004,8,3,220.0,0.0,660.0,330.0,330.0,50.0,E-commerce
10114,2024-03-14,2,1002,4,5,2200.0,0.0,11000.0,7250.0,3750.0,34.09,Venda Direta / B2B
10115,2025-03-28,84,1010,2,1,420.0,0.1,378.0,240.0,138.0,36.51,Venda Direta / B2B
10116,2024-01-27,137,1013,4,9,300.0,0.05,2565.0,720.0,1845.0,71.93,Website
10117,2023-09-08,112,1002,1,2,2200.0,0.05,4180.0,2900.0,1280.0,30.62,Website
10118,2024-12-10,107,1013,5,2,300.0,0.0,600.0,160.0,440.0,73.33,Venda Direta / B2B
10119,2025-09-06,118,1006,6,2,650.0,0.0,1300.0,780.0,520.0,40.0,Venda Direta / B2B
10120,2024-04-05,135,1013,2,7,300.0,0.05,1995.0,560.0,1435.0,71.93,Venda Direta / B2B
10121,2024-03-15,20,1006,2,9,650.0,0.0,5850.0,3510.0,2340.0,40.0,Website
10122,2025-07-02,90,1012,3,4,150.0,0.0,600.0,160.0,440.0,73.33,Venda Direta / B2B
10123,2024-04-17,40,1006,2,3,650.0,0.1,1755.0,1170.0,585.0,33.33,Website
10124,2024-09-28,145,1015,6,14,32.0,0.05,425.6,252.0,173.6,40.79,Website
10125,2023-12-30,121,1003,8,3,350.0,0.05,997.5,540.0,457.5,45.86,E-commerce
10126,2024-12-19,130,1012,2,5,150.0,0.1,675.0,200.0,475.0,70.37,Venda Direta / B2B
10127,2023-07-01,74,1012,2,3,150.0,0.15,382.5,120.0,262.5,68.63,Website
10128,2024-12-21,119,1013,1,2,300.0,0.05,570.0,160.0,410.0,71.93,Website
10129,2024-12-27,39,1017,1,8,45.0,0.05,342.0,120.0,222.0,64.91,Venda Direta / B2B
10130,2025-10-04,130,1003,3,1,350.0,0.1,315.0,180.0,135.0,42.86,Venda Direta / B2B
10131,2025-10-24,134,1017,3,2,45.0,0.05,85.5,30.0,55.5,64.91,E-commerce
10132,2024-08-04,14,1011,6,2,12000.0,0.0,24000.0,8000.0,16000.0,66.67,Venda Direta / B2B
10133,2024-11-28,73,1013,5,3,300.0,0.05,855.0,240.0,615.0,71.93,Website
10134,2023-09-24,90,1005,5,11,850.0,0.1,8415.0,5720.0,2695.0,32.03,Website
10135,2023-12-02,80,1003,7,11,350.0,0.0,3850.0,1980.0,1870.0,48.57,Venda Direta / B2B
10136,2025-02-03,24,1017,7,3,45.0,0.0,135.0,45.0,90.0,66.67,E-commerce
10137,2024-07-16,55,1006,6,13,650.0,0.0,8450.0,5070.0,3380.0,40.0,Venda Direta / B2B
10138,2024-03-20,40,1005,2,5,850.0,0.15,3612.5,2600.0,1012.5,28.03,Venda Direta / B2B
10139,2025-03-31,10,1017,6,15,45.0,0.0,675.0,225.0,450.0,66.67,Website
10140,2024-12-23,42,1005,3,3,850.0,0.1,2295.0,1560.0,735.0,32.03,Website
10141,2023-07-15,61,1012,8,10,150.0,0.1,1350.0,400.0,950.0,70.37,Venda Direta / B2B
10142,2024-03-28,80,1008,8,15,2800.0,0.05,39900.0,27000.0,12900.0,32.33,Venda Direta / B2B
10143,2025-02-08,119,1015,5,2,32.0,0.0,64.0,36.0,28.0,43.75,E-commerce
10144,2025-04-28,65,1005,1,11,850.0,0.05,8882.5,5720.0,3162.5,35.6,Venda Direta / B2B
10145,2024-11-26,133,1004,2,5,220.0,0.0,1100.0,550.0,550.0,50.0,Venda Direta / B2B
10146,2024-05-03,38,1017,7,2,45.0,0.1,81.0,30.0,51.0,62.96,Venda Direta / B2B
10147,2025-06-14,107,1001,1,7,4500.0,0.05,29925.0,21700.0,8225.0,27.49,Website
10148,2024-03-29,96,1003,4,1,350.0,0.0,350.0,180.0,170.0,48.57,Venda Direta / B2B
10149,2025-05-12,38,1011,3,1,12000.0,0.1,10800.0,4000.0,6800.0,62.96,Venda Direta / B2B
10150,2025-02-18,121,1005,8,3,850.0,0.0,2550.0,1560.0,990.0,38.82,Website
10151,2023-05-09,39,1007,7,2,1200.0,0.0,2400.0,1500.0,900.0,37.5,Venda Direta / B2B
10152,2024-05-27,62,1002,7,3,2200.0,0.0,6600.0,4350.0,2250.0,34.09,E-commerce
10153,2023-11-08,138,1016,1,11,280.0,0.15,2618.0,1650.0,968.0,36.97,Website
10154,2024-04-04,75,1005,7,1,850.0,0.05,807.5,520.0,287.5,35.6,Website
10155,2024-04-03,48,1014,2,9,280.0,0.0,2520.0,810.0,1710.0,67.86,Venda Direta / B2B
10156,2025-08-20,130,1018,1,7,95.0,0.0,665.0,315.0,350.0,52.63,Venda Direta / B2B
10157,2025-01-15,65,1012,1,6,150.0,0.05,855.0,240.0,615.0,71.93,Venda Direta / B2B
10158,2024-04-03,149,1004,6,1,220.0,0.05,209.0,110.0,99.0,47.37,Website
10159,2024-11-21,119,1006,8,3,650.0,0.0,1950.0,1170.0,780.0,40.0,Website
10160,2023-08-23,10,1015,5,4,32.0,0.0,128.0,72.0,56.0,43.75,Venda Direta / B2B
10161,2025-06-15,80,1011,7,14,12000.0,0.1,151200.0,56000.0,95200.0,62.96,Website
10162,2024-04-15,74,1007,6,1,1200.0,0.05,1140.0,750.0,390.0,34.21,E-commerce
10163,2023-11-26,112,1012,7,3,150.0,0.1,405.0,120.0,285.0,70.37,E-commerce
10164,2024-06-28,128,1006,8,6,650.0,0.05,3705.0,2340.0,1365.0,36.84,Website
10165,2025-04-18,21,1014,7,10,280.0,0.15,2380.0,900.0,1480.0,62.18,Venda Direta / B2B
10166,2024-05-21,21,1004,6,11,220.0,0.05,2299.0,1210.0,1089.0,47.37,Venda Direta / B2B
10167,2024-09-15,43,1014,8,2,280.0,0.0,560.0,180.0,380.0,67.86,E-commerce
10168,2025-03-07,112,1012,5,3,150.0,0.0,450.0,120.0,330.0,73.33,Website
10169,2025-02-04,94,1013,3,1,300.0,0.15,255.0,80.0,175.0,68.63,Venda Direta / B2B
10170,2025-02-08,9,1015,3,2,32.0,0.05,60.8,36.0,24.8,40.79,Venda Direta / B2B
10171,2024-07-16,40,1002,8,6,2200.0,0.1,11880.0,8700.0,3180.0,26.77,Venda Direta / B2B
10172,2025-03-27,136,1005,6,7,850.0,0.05,5652.5,3640.0,2012.5,35.6,Venda Direta / B2B
10173,2024-04-11,7,1004,3,8,220.0,0.1,1584.0,880.0,704.0,44.44,Website
10174,2025-07-09,68,1004,5,3,220.0,0.0,660.0,330.0,330.0,50.0,E-commerce
10175,2025-11-12,126,1010,4,2,420.0,0.0,840.0,480.0,360.0,42.86,Venda Direta / B2B
10176,2024-09-20,23,1015,6,11,32.0,0.0,352.0,198.0,154.0,43.75,Venda Direta / B2B
10177,2024-11-23,77,1010,3,12,420.0,0.0,5040.0,2880.0,2160.0,42.86,Website
10178,2025-04-13,58,1017,2,4,45.0,0.0,180.0,60.0,120.0,66.67,Venda Direta / B2B
10179,2025-04-11,93,1001,6,8,4500.0,0.0,36000.0,24800.0,11200.0,31.11,Website
10180,2024-12-31,17,1003,5,7,350.0,0.1,2205.0,1260.0,945.0,42.86,Website
10181,2024-11-08,148,1014,2,3,280.0,0.0,840.0,270.0,570.0,67.86,Venda Direta / B2B
10182,2024-09-18,89,1017,3,15,45.0,0.15,573.75,225.0,348.75,60.78,Website
10183,2024-02-03,111,1005,1,1,850.0,0.05,807.5,520.0,287.5,35.6,Website
10184,2024-01-15,58,1011,6,9,12000.0,0.0,108000.0,36000.0,72000.0,66.67,Venda Direta / B2B
10185,2024-04-12,71,1018,3,11,95.0,0.15,888.25,495.0,393.25,44.27,Venda Direta / B2B
10186,2024-11-13,44,1017,3,1,45.0,0.15,38.25,15.0,23.25,60.78,E-commerce
10187,2023-07-09,21,1001,1,11,4500.0,0.05,47025.0,34100.0,12925.0,27.49,Website
10188,2025-01-24,8,1014,8,3,280.0,0.05,798.0,270.0,528.0,66.17,E-commerce
10189,2024-10-11,77,1013,8,2,300.0,0.0,600.0,160.0,440.0,73.33,Website
10190,2024-01-07,124,1014,8,4,280.0,0.15,952.0,360.0,592.0,62.18,Venda Direta / B2B
10191,2023-12-21,89,1011,7,3,12000.0,0.15,30600.0,12000.0,18600.0,60.78,Venda Direta / B2B
10192,2024-12-01,62,1011,8,1,12000.0,0.1,10800.0,4000.0,6800.0,62.96,E-commerce
10193,2024-04-10,13,1004,5,2,220.0,0.0,440.0,220.0,220.0,50.0,E-commerce
10194,2025-09-01,84,1006,6,4,650.0,0.1,2340.0,1560.0,780.0,33.33,Venda Direta / B2B
10195,2025-11-10,128,1015,5,8,32.0,0.0,256.0,144.0,112.0,43.75,Venda Direta / B2B
10196,2025-08-10,118,1017,4,4,45.0,0.05,171.0,60.0,111.0,64.91,Website
10197,2023-07-26,127,1010,8,2,420.0,0.0,840.0,480.0,360.0,42.86,Website
10198,2024-09-05,94,1009,7,6,550.0,0.1,2970.0,1920.0,1050.0,35.35,Venda Direta / B2B
10199,2023-07-31,50,1018,6,9,95.0,0.0,855.0,405.0,450.0,52.63,Venda Direta / B2B
10200,2024-08-03,141,1015,5,14,32.0,0.15,380.8,252.0,128.8,33.82,Website
10201,2023-11-19,101,1004,6,13,220.0,0.15,2431.0,1430.0,1001.0,41.18,Venda Direta / B2B
10202,2025-08-03,51,1005,7,9,850.0,0.0,7650.0,4680.0,2970.0,38.82,Venda Direta / B2B
10203,2023-07-04,122,1011,8,3,12000.0,0.15,30600.0,12000.0,18600.0,60.78,Website
10204,2023-12-16,42,1011,7,3,12000.0,0.15,30600.0,12000.0,18600.0,60.78,E-commerce
10205,2024-06-25,137,1017,8,12,45.0,0.05,513.0,180.0,333.0,64.91,Website
10206,2024-10-05,95,1001,6,11,4500.0,0.1,44550.0,34100.0,10450.0,23.46,Venda Direta / B2B
10207,2024-12-14,122,1001,5,11,4500.0,0.15,42075.0,34100.0,7975.0,18.95,Website
10208,2024-03-21,150,1002,8,1,2200.0,0.0,2200.0,1450.0,750.0,34.09,E-commerce
10209,2025-05-01,9,1008,2,4,2800.0,0.1,10080.0,7200.0,2880.0,28.57,Venda Direta / B2B
10210,2024-06-07,106,1005,4,2,850.0,0.0,1700.0,1040.0,660.0,38.82,E-commerce
10211,2025-02-24,54,1017,6,11,45.0,0.15,420.75,165.0,255.75,60.78,Venda Direta / B2B
10212,2024-07-27,118,1006,6,9,650.0,0.05,5557.5,3510.0,2047.5,36.84,Venda Direta / B2B
10213,2024-12-30,64,1007,5,9,1200.0,0.0,10800.0,6750.0,4050.0,37.5,Venda Direta / B2B
10214,2025-08-06,74,1010,4,3,420.0,0.05,1197.0,720.0,477.0,39.85,E-commerce
10215,2024-10-09,71,1018,5,2,95.0,0.15,161.5,90.0,71.5,44.27,Website
10216,2024-07-29,89,1013,3,5,300.0,0.05,1425.0,400.0,1025.0,71.93,Venda Direta / B2B
10217,2025-08-22,89,1003,8,11,350.0,0.1,3465.0,1980.0,1485.0,42.86,Venda Direta / B2B
10218,2024-03-08,70,1018,5,1,95.0,0.15,80.75,45.0,35.75,44.27,Website
10219,2025-03-15,63,1008,1,11,2800.0,0.0,30800.0,19800.0,11000.0,35.71,Website
10220,2025-01-16,26,1002,7,2,2200.0,0.0,4400.0,2900.0,1500.0,34.09,E-commerce
10221,2025-02-10,2,1005,3,7,850.0,0.1,5355.0,3640.0,1715.0,32.03,Website
10222,2024-10-07,74,1007,6,2,1200.0,0.0,2400.0,1500.0,900.0,37.5,Website
10223,2025-01-24,137,1008,1,15,2800.0,0.1,37800.0,27000.0,10800.0,28.57,Venda Direta / B2B
10224,2025-06-12,10,1006,7,13,650.0,0.0,8450.0,5070.0,3380.0,40.0,Venda Direta / B2B
10225,2025-08-01,10,1010,1,5,420.0,0.15,1785.0,1200.0,585.0,32.77,Website
10226,2023-11-03,73,1011,8,3,12000.0,0.0,36000.0,12000.0,24000.0,66.67,E-commerce
10227,2025-05-20,70,1015,4,1,32.0,0.0,32.0,18.0,14.0,43.75,E-commerce
10228,2025-03-09,48,1009,1,12,550.0,0.05,6270.0,3840.0,2430.0,38.76,Venda Direta / B2B
10229,2024-12-05,45,1007,7,2,1200.0,0.0,2400.0,1500.0,900.0,37.5,E-commerce
10230,2024-08-14,48,1004,3,8,220.0,0.0,1760.0,880.0,880.0,50.0,Venda Direta / B2B
10231,2023-03-19,61,1013,8,13,300.0,0.05,3705.0,1040.0,2665.0,71.93,Venda Direta / B2B
10232,2024-05-28,67,1001,6,12,4500.0,0.0,54000.0,37200.0,16800.0,31.11,Venda Direta / B2B
10233,2025-02-02,79,1015,3,2,32.0,0.0,64.0,36.0,28.0,43.75,E-commerce
10234,2025-01-16,95,1010,4,4,420.0,0.1,1512.0,960.0,552.0,36.51,Venda Direta / B2B
10235,2024-01-01,107,1012,8,13,150.0,0.0,1950.0,520.0,1430.0,73.33,Website
10236,2025-03-26,135,1003,8,9,350.0,0.05,2992.5,1620.0,1372.5,45.86,Website
10237,2023-09-19,16,1004,4,10,220.0,0.0,2200.0,1100.0,1100.0,50.0,Website
10238,2024-01-15,114,1017,2,11,45.0,0.15,420.75,165.0,255.75,60.78,Venda Direta / B2B
10239,2024-10-15,115,1017,1,8,45.0,0.15,306.0,120.0,186.0,60.78,Venda Direta / B2B
10240,2024-08-25,144,1002,8,11,2200.0,0.0,24200.0,15950.0,8250.0,34.09,Venda Direta / B2B
10241,2024-08-10,56,1001,2,1,4500.0,0.05,4275.0,3100.0,1175.0,27.49,Venda Direta / B2B
10242,2025-02-21,16,1018,2,15,95.0,0.0,1425.0,675.0,750.0,52.63,Venda Direta / B2B
10243,2024-05-15,35,1006,7,6,650.0,0.1,3510.0,2340.0,1170.0,33.33,Venda Direta / B2B
10244,2025-06-03,97,1013,2,3,300.0,0.05,855.0,240.0,615.0,71.93,Website
10245,2023-11-18,101,1018,3,12,95.0,0.0,1140.0,540.0,600.0,52.63,Venda Direta / B2B
10246,2025-03-23,119,1010,7,3,420.0,0.0,1260.0,720.0,540.0,42.86,E-commerce
10247,2024-04-09,40,1012,5,4,150.0,0.0,600.0,160.0,440.0,73.33,Website
10248,2023-06-17,5,1014,4,4,280.0,0.0,1120.0,360.0,760.0,67.86,Venda Direta / B2B
10249,2024-12-21,13,1015,4,3,32.0,0.1,86.4,54.0,32.4,37.5,Website
10250,2024-09-11,56,1018,1,3,95.0,0.05,270.75,135.0,135.75,50.14,Website
10251,2024-03-28,148,1011,6,4,12000.0,0.0,48000.0,16000.0,32000.0,66.67,Venda Direta / B2B
10252,2025-10-11,57,1017,7,2,45.0,0.0,90.0,30.0,60.0,66.67,E-commerce
10253,2024-11-28,110,1006,8,1,650.0,0.1,585.0,390.0,195.0,33.33,Venda Direta / B2B
10254,2025-04-09,107,1011,7,3,12000.0,0.1,32400.0,12000.0,20400.0,62.96,Venda Direta / B2B
10255,2024-02-05,122,1018,4,14,95.0,0.05,1263.5,630.0,633.5,50.14,Venda Direta / B2B
10256,2025-05-25,119,1005,1,3,850.0,0.1,2295.0,1560.0,735.0,32.03,E-commerce
10257,2024-11-28,100,1005,4,2,850.0,0.05,1615.0,1040.0,575.0,35.6,Website
10258,2025-01-21,95,1015,2,9,32.0,0.0,288.0,162.0,126.0,43.75,Website
10259,2023-08-01,11,1013,2,1,300.0,0.1,270.0,80.0,190.0,70.37,Website
10260,2024-03-03,78,1011,1,4,12000.0,0.0,48000.0,16000.0,32000.0,66.67,Venda Direta / B2B
10261,2025-03-18,63,1016,4,7,280.0,0.15,1666.0,1050.0,616.0,36.97,Venda Direta / B2B
10262,2024-06-13,98,1010,8,9,420.0,0.05,3591.0,2160.0,1431.0,39.85,Website
10263,2024-06-02,132,1012,8,2,150.0,0.1,270.0,80.0,190.0,70.37,Website
10264,2025-03-26,53,1011,6,6,12000.0,0.0,72000.0,24000.0,48000.0,66.67,Venda Direta / B2B
10265,2024-12-01,38,1008,1,5,2800.0,0.15,11900.0,9000.0,2900.0,24.37,Website
10266,2024-12-12,76,1014,3,4,280.0,0.0,1120.0,360.0,760.0,67.86,Venda Direta / B2B
10267,2024-07-29,128,1008,6,5,2800.0,0.1,12600.0,9000.0,3600.0,28.57,Venda Direta / B2B
10268,2024-09-26,44,1012,3,3,150.0,0.0,450.0,120.0,330.0,73.33,E-commerce
10269,2025-07-12,16,1018,1,14,95.0,0.0,1330.0,630.0,700.0,52.63,Venda Direta / B2B
10270,2025-03-28,36,1014,4,2,280.0,0.0,560.0,180.0,380.0,67.86,Website
10271,2023-03-31,117,1017,6,1,45.0,0.15,38.25,15.0,23.25,60.78,Website
10272,2025-07-08,5,1016,1,9,280.0,0.1,2268.0,1350.0,918.0,40.48,Website
10273,2023-04-12,71,1017,5,1,45.0,0.1,40.5,15.0,25.5,62.96,Website
10274,2025-04-21,28,1006,2,9,650.0,0.0,5850.0,3510.0,2340.0,40.0,Venda Direta / B2B
10275,2024-02-14,65,1017,6,5,45.0,0.0,225.0,75.0,150.0,66.67,Venda Direta / B2B
10276,2024-07-24,118,1013,4,12,300.0,0.05,3420.0,960.0,2460.0,71.93,Venda Direta / B2B
10277,2025-02-11,9,1003,2,7,350.0,0.1,2205.0,1260.0,945.0,42.86,Venda Direta / B2B
10278,2024-11-25,3,1002,3,1,2200.0,0.1,1980.0,1450.0,530.0,26.77,E-commerce
10279,2025-01-20,145,1011,2,15,12000.0,0.0,180000.0,60000.0,120000.0,66.67,Website
10280,2024-03-23,70,1016,1,1,280.0,0.15,238.0,150.0,88.0,36.97,E-commerce
10281,2024-12-02,46,1002,6,1,2200.0,0.15,1870.0,1450.0,420.0,22.46,Venda Direta / B2B
10282,2023-12-21,20,1013,5,3,300.0,0.0,900.0,240.0,660.0,73.33,Website
10283,2024-12-04,139,1013,6,7,300.0,0.0,2100.0,560.0,1540.0,73.33,Website
10284,2025-04-12,129,1003,6,1,350.0,0.1,315.0,180.0,135.0,42.86,Website
10285,2024-03-26,88,1003,7,2,350.0,0.05,665.0,360.0,305.0,45.86,Website
10286,2025-04-08,126,1015,4,6,32.0,0.1,172.8,108.0,64.8,37.5,Website
10287,2024-09-06,22,1013,5,13,300.0,0.0,3900.0,1040.0,2860.0,73.33,Venda Direta / B2B
10288,2023-09-25,98,1005,3,12,850.0,0.05,9690.0,6240.0,3450.0,35.6,Venda Direta / B2B
10289,2024-07-15,2,1003,5,8,350.0,0.05,2660.0,1440.0,1220.0,45.86,Venda Direta / B2B
10290,2023-10-26,48,1003,7,8,350.0,0.15,2380.0,1440.0,940.0,39.5,Website
10291,2024-10-30,7,1004,2,6,220.0,0.0,1320.0,660.0,660.0,50.0,Website
10292,2024-12-22,99,1011,1,5,12000.0,0.1,54000.0,20000.0,34000.0,62.96,Venda Direta / B2B
10293,2025-04-05,63,1018,3,11,95.0,0.0,1045.0,495.0,550.0,52.63,Venda Direta / B2B
10294,2023-12-15,69,1010,8,3,420.0,0.0,1260.0,720.0,540.0,42.86,Venda Direta / B2B
10295,2024-09-08,77,1014,8,13,280.0,0.05,3458.0,1170.0,2288.0,66.17,Venda Direta / B2B
10296,2024-04-13,127,1008,4,2,2800.0,0.0,5600.0,3600.0,2000.0,35.71,Website
10297,2024-05-30,86,1013,7,2,300.0,0.05,570.0,160.0,410.0,71.93,E-commerce
10298,2024-09-05,77,1005,6,10,850.0,0.0,8500.0,5200.0,3300.0,38.82,Website
10299,2024-10-08,102,1006,6,5,650.0,0.1,2925.0,1950.0,975.0,33.33,Website
10300,2025-09-09,84,1008,7,5,2800.0,0.05,13300.0,9000.0,4300.0,32.33,Venda Direta / B2B
10301,2023-11-12,140,1007,3,11,1200.0,0.0,13200.0,8250.0,4950.0,37.5,Website
10302,2025-08-20,54,1015,8,13,32.0,0.0,416.0,234.0,182.0,43.75,Venda Direta / B2B
10303,2025-04-29,128,1014,3,11,280.0,0.0,3080.0,990.0,2090.0,67.86,Venda Direta / B2B
10304,2024-04-14,109,1005,7,1,850.0,0.15,722.5,520.0,202.5,28.03,E-commerce
10305,2024-10-08,137,1013,7,9,300.0,0.05,2565.0,720.0,1845.0,71.93,Venda Direta / B2B
10306,2025-02-21,22,1018,2,13,95.0,0.05,1173.25,585.0,588.25,50.14,Venda Direta / B2B
10307,2024-01-17,145,1002,7,13,2200.0,0.1,25740.0,18850.0,6890.0,26.77,Venda Direta / B2B
10308,2023-11-01,67,1004,4,9,220.0,0.15,1683.0,990.0,693.0,41.18,Website
10309,2024-11-29,115,1008,6,7,2800.0,0.15,16660.0,12600.0,4060.0,24.37,Venda Direta / B2B
10310,2025-02-15,89,1005,1,8,850.0,0.05,6460.0,4160.0,2300.0,35.6,Venda Direta / B2B
10311,2024-08-25,30,1003,3,6,350.0,0.05,1995.0,1080.0,915.0,45.86,Venda Direta / B2B
10312,2024-09-22,134,1007,8,2,1200.0,0.0,2400.0,1500.0,900.0,37.5,E-commerce
10313,2024-09-10,82,1015,2,2,32.0,0.0,64.0,36.0,28.0,43.75,Website
10314,2023-05-21,28,1011,3,15,12000.0,0.0,180000.0,60000.0,120000.0,66.67,Website
10315,2024-11-02,41,1018,6,9,95.0,0.1,769.5,405.0,364.5,47.37,Venda Direta / B2B
10316,2024-03-25,48,1013,3,11,300.0,0.1,2970.0,880.0,2090.0,70.37,Website
10317,2024-08-10,116,1007,7,7,1200.0,0.0,8400.0,5250.0,3150.0,37.5,Venda Direta / B2B
10318,2024-02-28,148,1003,2,13,350.0,0.0,4550.0,2340.0,2210.0,48.57,Website
10319,2024-07-19,118,1007,2,5,1200.0,0.1,5400.0,3750.0,1650.0,30.56,Website
10320,2024-11-09,100,1011,7,3,12000.0,0.05,34200.0,12000.0,22200.0,64.91,Website
10321,2024-07-08,45,1015,5,3,32.0,0.0,96.0,54.0,42.0,43.75,Website
10322,2024-06-06,79,1008,2,1,2800.0,0.0,2800.0,1800.0,1000.0,35.71,E-commerce
10323,2024-10-29,36,1014,7,7,280.0,0.1,1764.0,630.0,1134.0,64.29,Venda Direta / B2B
10324,2025-01-14,143,1006,3,8,650.0,0.0,5200.0,3120.0,2080.0,40.0,Venda Direta / B2B
10325,2024-02-09,14,1015,6,1,32.0,0.0,32.0,18.0,14.0,43.75,Venda Direta / B2B
10326,2024-02-17,144,1013,8,7,300.0,0.1,1890.0,560.0,1330.0,70.37,Website
10327,2024-08-25,126,1015,3,2,32.0,0.0,64.0,36.0,28.0,43.75,Website
10328,2025-04-15,75,1008,1,5,2800.0,0.15,11900.0,9000.0,2900.0,24.37,Venda Direta / B2B
10329,2024-05-17,145,1015,8,9,32.0,0.0,288.0,162.0,126.0,43.75,Website
10330,2024-12-08,140,1009,6,9,550.0,0.1,4455.0,2880.0,1575.0,35.35,Venda Direta / B2B
10331,2024-11-21,27,1014,4,5,280.0,0.1,1260.0,450.0,810.0,64.29,Venda Direta / B2B
10332,2024-04-24,113,1003,2,1,350.0,0.15,297.5,180.0,117.5,39.5,Website
10333,2025-02-14,43,1014,3,1,280.0,0.0,280.0,90.0,190.0,67.86,Website
10334,2024-12-06,72,1018,3,6,95.0,0.05,541.5,270.0,271.5,50.14,Website
10335,2024-05-17,132,1009,2,1,550.0,0.0,550.0,320.0,230.0,41.82,E-commerce
10336,2025-10-29,34,1005,4,3,850.0,0.05,2422.5,1560.0,862.5,35.6,Website
10337,2025-05-05,126,1013,3,10,300.0,0.05,2850.0,800.0,2050.0,71.93,Website
10338,2025-01-10,116,1013,2,11,300.0,0.1,2970.0,880.0,2090.0,70.37,Venda Direta / B2B
10339,2024-11-01,95,1009,8,8,550.0,0.15,3740.0,2560.0,1180.0,31.55,Venda Direta / B2B
10340,2023-02-16,118,1003,6,14,350.0,0.15,4165.0,2520.0,1645.0,39.5,Venda Direta / B2B
10341,2024-08-12,55,1014,8,5,280.0,0.05,1330.0,450.0,880.0,66.17,Venda Direta / B2B
10342,2024-06-27,145,1005,8,13,850.0,0.0,11050.0,6760.0,4290.0,38.82,Venda Direta / B2B
10343,2023-07-20,5,1015,2,15,32.0,0.1,432.0,270.0,162.0,37.5,Venda Direta / B2B
10344,2024-09-23,52,1014,3,3,280.0,0.0,840.0,270.0,570.0,67.86,E-commerce
10345,2025-06-06,24,1009,6,2,550.0,0.05,1045.0,640.0,405.0,38.76,Website
10346,2025-01-31,14,1006,7,11,650.0,0.0,7150.0,4290.0,2860.0,40.0,Venda Direta / B2B
10347,2024-09-04,25,1003,1,4,350.0,0.0,1400.0,720.0,680.0,48.57,Venda Direta / B2B
10348,2023-12-07,133,1008,8,1,2800.0,0.05,2660.0,1800.0,860.0,32.33,Venda Direta / B2B
10349,2025-04-28,34,1014,8,2,280.0,0.1,504.0,180.0,324.0,64.29,Venda Direta / B2B
10350,2023-10-07,27,1004,6,6,220.0,0.0,1320.0,660.0,660.0,50.0,Venda Direta / B2B
10351,2024-08-01,37,1005,2,9,850.0,0.0,7650.0,4680.0,2970.0,38.82,Website
10352,2024-12-31,113,1006,6,3,650.0,0.0,1950.0,1170.0,780.0,40.0,Website
10353,2025-07-15,56,1015,2,15,32.0,0.0,480.0,270.0,210.0,43.75,Venda Direta / B2B
10354,2025-03-21,90,1013,7,6,300.0,0.0,1800.0,480.0,1320.0,73.33,Venda Direta / B2B
10355,2024-05-06,64,1003,5,13,350.0,0.0,4550.0,2340.0,2210.0,48.57,Website
10356,2025-05-18,53,1010,4,12,420.0,0.05,4788.0,2880.0,1908.0,39.85,Venda Direta / B2B
10357,2025-01-21,127,1008,7,1,2800.0,0.1,2520.0,1800.0,720.0,28.57,Website
10358,2025-01-16,136,1003,1,6,350.0,0.0,2100.0,1080.0,1020.0,48.57,Venda Direta / B2B
10359,2024-08-04,94,1014,3,13,280.0,0.0,3640.0,1170.0,2470.0,67.86,Venda Direta / B2B
10360,2023-05-01,4,1003,5,4,350.0,0.0,1400.0,720.0,680.0,48.57,Venda Direta / B2B
10361,2025-08-14,130,1013,5,11,300.0,0.15,2805.0,880.0,1925.0,68.63,Website
10362,2025-03-29,103,1014,2,11,280.0,0.15,2618.0,990.0,1628.0,62.18,Website
10363,2025-01-03,22,1009,5,2,550.0,0.0,1100.0,640.0,460.0,41.82,Website
10364,2025-09-19,138,1005,6,7,850.0,0.0,5950.0,3640.0,2310.0,38.82,Website
10365,2024-06-04,62,1014,1,1,280.0,0.1,252.0,90.0,162.0,64.29,Website
10366,2023-11-15,80,1002,3,2,2200.0,0.0,4400.0,2900.0,1500.0,34.09,Venda Direta / B2B
10367,2025-02-21,128,1006,6,9,650.0,0.05,5557.5,3510.0,2047.5,36.84,Website
10368,2024-01-17,69,1005,2,13,850.0,0.05,10497.5,6760.0,3737.5,35.6,Venda Direta / B2B
10369,2025-04-22,135,1009,2,5,550.0,0.15,2337.5,1600.0,737.5,31.55,Website
10370,2025-01-10,117,1016,6,1,280.0,0.15,238.0,150.0,88.0,36.97,Venda Direta / B2B
10371,2024-01-17,66,1006,2,15,650.0,0.0,9750.0,5850.0,3900.0,40.0,Website
10372,2024-03-22,1,1017,1,1,45.0,0.0,45.0,15.0,30.0,66.67,Website
10373,2024-10-03,39,1013,3,15,300.0,0.15,3825.0,1200.0,2625.0,68.63,Venda Direta / B2B
10374,2025-04-19,58,1014,6,4,280.0,0.05,1064.0,360.0,704.0,66.17,Venda Direta / B2B
10375,2024-05-01,147,1003,6,2,350.0,0.0,700.0,360.0,340.0,48.57,Website
10376,2024-01-31,12,1017,7,1,45.0,0.05,42.75,15.0,27.75,64.91,E-commerce
10377,2025-04-02,84,1010,2,9,420.0,0.0,3780.0,2160.0,1620.0,42.86,Venda Direta / B2B
10378,2024-07-21,145,1010,5,12,420.0,0.0,5040.0,2880.0,2160.0,42.86,Website
10379,2024-09-28,51,1016,4,3,280.0,0.1,756.0,450.0,306.0,40.48,Venda Direta / B2B
10380,2023-05-25,89,1018,1,6,95.0,0.1,513.0,270.0,243.0,47.37,Venda Direta / B2B
10381,2025-05-19,27,1010,4,9,420.0,0.1,3402.0,2160.0,1242.0,36.51,Venda Direta / B2B
10382,2024-10-17,37,1002,5,2,2200.0,0.0,4400.0,2900.0,1500.0,34.09,Venda Direta / B2B
10383,2025-06-25,106,1017,6,2,45.0,0.15,76.5,30.0,46.5,60.78,Website
10384,2023-10-16,101,1005,2,10,850.0,0.0,8500.0,5200.0,3300.0,38.82,Website
10385,2024-09-08,61,1005,5,5,850.0,0.1,3825.0,2600.0,1225.0,32.03,Venda Direta / B2B
10386,2025-02-21,82,1011,8,2,12000.0,0.0,24000.0,8000.0,16000.0,66.67,Website
10387,2025-08-08,150,1005,2,1,850.0,0.0,850.0,520.0,330.0,38.82,Website
10388,2024-09-18,105,1011,2,9,12000.0,0.0,108000.0,36000.0,72000.0,66.67,Venda Direta / B2B
10389,2024-09-20,68,1015,2,1,32.0,0.05,30.4,18.0,12.4,40.79,Website
10390,2025-05-04,56,1002,6,3,2200.0,0.0,6600.0,4350.0,2250.0,34.09,Venda Direta / B2B
10391,2025-09-10,132,1013,1,3,300.0,0.05,855.0,240.0,615.0,71.93,E-commerce
10392,2025-04-30,8,1006,7,2,650.0,0.0,1300.0,780.0,520.0,40.0,Website
10393,2024-09-27,32,1005,1,1,850.0,0.0,850.0,520.0,330.0,38.82,Venda Direta / B2B
10394,2024-02-20,96,1013,2,10,300.0,0.05,2850.0,800.0,2050.0,71.93,Website
10395,2025-07-12,6,1003,2,4,350.0,0.1,1260.0,720.0,540.0,42.86,Website
10396,2025-04-23,85,1003,2,1,350.0,0.0,350.0,180.0,170.0,48.57,Venda Direta / B2B
10397,2024-01-18,102,1014,8,1,280.0,0.1,252.0,90.0,162.0,64.29,Venda Direta / B2B
10398,2024-01-24,48,1007,5,5,1200.0,0.0,6000.0,3750.0,2250.0,37.5,Venda Direta / B2B
10399,2023-06-23,76,1008,8,7,2800.0,0.1,17640.0,12600.0,5040.0,28.57,Website
10400,2023-08-19,99,1009,3,7,550.0,0.15,3272.5,2240.0,1032.5,31.55,Venda Direta / B2B
10401,2024-04-11,5,1018,7,13,95.0,0.05,1173.25,585.0,588.25,50.14,Website
10402,2024-10-09,89,1016,6,7,280.0,0.0,1960.0,1050.0,910.0,46.43,Venda Direta / B2B
10403,2023-05-31,8,1008,5,1,2800.0,0.15,2380.0,1800.0,580.0,24.37,E-commerce
10404,2024-07-12,41,1008,2,4,2800.0,0.0,11200.0,7200.0,4000.0,35.71,Website
10405,2024-04-27,57,1002,7,2,2200.0,0.0,4400.0,2900.0,1500.0,34.09,Website
10406,2024-03-30,92,1011,1,12,12000.0,0.05,136800.0,48000.0,88800.0,64.91,Website
10407,2025-08-13,145,1005,4,14,850.0,0.15,10115.0,7280.0,2835.0,28.03,Venda Direta / B2B
10408,2024-06-03,10,1016,2,1,280.0,0.15,238.0,150.0,88.0,36.97,Venda Direta / B2B
10409,2024-03-13,123,1017,1,6,45.0,0.0,270.0,90.0,180.0,66.67,Website
10410,2025-04-21,46,1011,6,1,12000.0,0.0,12000.0,4000.0,8000.0,66.67,Venda Direta / B2B
10411,2024-12-16,29,1005,6,2,850.0,0.1,1530.0,1040.0,490.0,32.03,Venda Direta / B2B
10412,2024-12-16,78,1011,6,3,12000.0,0.1,32400.0,12000.0,20400.0,62.96,Venda Direta / B2B
10413,2025-04-12,82,1016,3,3,280.0,0.0,840.0,450.0,390.0,46.43,E-commerce
10414,2025-02-01,97,1006,5,3,650.0,0.0,1950.0,1170.0,780.0,40.0,E-commerce
10415,2024-01-29,147,1001,7,14,4500.0,0.0,63000.0,43400.0,19600.0,31.11,Website
10416,2024-02-03,57,1011,2,2,12000.0,0.05,22800.0,8000.0,14800.0,64.91,Website
10417,2025-03-17,89,1008,6,3,2800.0,0.0,8400.0,5400.0,3000.0,35.71,Website
10418,2025-05-01,115,1011,1,5,12000.0,0.0,60000.0,20000.0,40000.0,66.67,Venda Direta / B2B
10419,2025-02-16,66,1012,2,12,150.0,0.0,1800.0,480.0,1320.0,73.33,Venda Direta / B2B
10420,2024-08-03,43,1014,7,2,280.0,0.05,532.0,180.0,352.0,66.17,E-commerce
10421,2024-11-21,123,1004,4,3,220.0,0.0,660.0,330.0,330.0,50.0,Venda Direta / B2B
10422,2025-04-17,76,1002,1,6,2200.0,0.0,13200.0,8700.0,4500.0,34.09,Venda Direta / B2B
10423,2023-09-12,97,1006,3,3,650.0,0.15,1657.5,1170.0,487.5,29.41,Website
10424,2025-08-06,87,1003,8,12,350.0,0.1,3780.0,2160.0,1620.0,42.86,Venda Direta / B2B
10425,2025-08-07,112,1006,3,1,650.0,0.05,617.5,390.0,227.5,36.84,Website
10426,2024-02-28,105,1007,5,11,1200.0,0.05,12540.0,8250.0,4290.0,34.21,Venda Direta / B2B
10427,2024-03-31,101,1002,8,3,2200.0,0.05,6270.0,4350.0,1920.0,30.62,Venda Direta / B2B
10428,2023-02-27,76,1003,8,4,350.0,0.0,1400.0,720.0,680.0,48.57,Venda Direta / B2B
10429,2024-03-01,21,1010,8,14,420.0,0.05,5586.0,3360.0,2226.0,39.85,Venda Direta / B2B
10430,2025-04-08,126,1016,5,2,280.0,0.15,476.0,300.0,176.0,36.97,Website
10431,2024-08-04,98,1012,6,3,150.0,0.0,450.0,120.0,330.0,73.33,Venda Direta / B2B
10432,2024-04-24,68,1015,4,2,32.0,0.0,64.0,36.0,28.0,43.75,Website
10433,2025-03-21,22,1004,6,13,220.0,0.1,2574.0,1430.0,1144.0,44.44,Website
10434,2025-09-13,142,1008,1,2,2800.0,0.15,4760.0,3600.0,1160.0,24.37,E-commerce
10435,2025-02-13,147,1016,4,8,280.0,0.0,2240.0,1200.0,1040.0,46.43,Venda Direta / B2B
10436,2024-08-10,129,1002,3,1,2200.0,0.0,2200.0,1450.0,750.0,34.09,E-commerce
10437,2025-08-15,55,1006,4,3,650.0,0.1,1755.0,1170.0,585.0,33.33,Venda Direta / B2B
10438,2023-09-19,52,1014,3,3,280.0,0.05,798.0,270.0,528.0,66.17,E-commerce
10439,2025-07-06,23,1003,7,9,350.0,0.15,2677.5,1620.0,1057.5,39.5,Venda Direta / B2B
10440,2024-06-17,134,1009,8,1,550.0,0.0,550.0,320.0,230.0,41.82,E-commerce
10441,2024-08-24,146,1005,2,15,850.0,0.15,10837.5,7800.0,3037.5,28.03,Venda Direta / B2B
10442,2025-04-05,138,1010,6,15,420.0,0.05,5985.0,3600.0,2385.0,39.85,Venda Direta / B2B
10443,2024-08-01,147,1016,8,1,280.0,0.05,266.0,150.0,116.0,43.61,Venda Direta / B2B
10444,2024-08-16,10,1013,7,15,300.0,0.0,4500.0,1200.0,3300.0,73.33,Venda Direta / B2B
10445,2023-07-27,69,1016,6,1,280.0,0.05,266.0,150.0,116.0,43.61,Venda Direta / B2B
10446,2024-06-05,26,1016,4,1,280.0,0.1,252.0,150.0,102.0,40.48,E-commerce
10447,2025-04-02,69,1011,7,10,12000.0,0.0,120000.0,40000.0,80000.0,66.67,Website
10448,2024-02-10,105,1007,8,13,1200.0,0.05,14820.0,9750.0,5070.0,34.21,Website
10449,2025-04-30,41,1017,2,5,45.0,0.15,191.25,75.0,116.25,60.78,Website
10450,2024-08-16,146,1017,1,3,45.0,0.0,135.0,45.0,90.0,66.67,Venda Direta / B2B
10451,2025-05-11,9,1008,8,1,2800.0,0.0,2800.0,1800.0,1000.0,35.71,Venda Direta / B2B
10452,2024-05-04,130,1015,7,11,32.0,0.0,352.0,198.0,154.0,43.75,Venda Direta / B2B
10453,2024-04-04,115,1016,3,14,280.0,0.15,3332.0,2100.0,1232.0,36.97,Venda Direta / B2B
10454,2024-11-24,42,1012,5,3,150.0,0.05,427.5,120.0,307.5,71.93,Website
10455,2023-06-04,42,1002,4,1,2200.0,0.0,2200.0,1450.0,750.0,34.09,Website
10456,2024-04-29,132,1014,1,3,280.0,0.1,756.0,270.0,486.0,64.29,Website
10457,2025-07-07,3,1006,4,2,650.0,0.05,1235.0,780.0,455.0,36.84,E-commerce
10458,2024-08-31,90,1013,8,5,300.0,0.1,1350.0,400.0,950.0,70.37,Venda Direta / B2B
10459,2024-05-28,102,1017,2,1,45.0,0.05,42.75,15.0,27.75,64.91,Website
10460,2024-12-01,77,1010,2,8,420.0,0.05,3192.0,1920.0,1272.0,39.85,Venda Direta / B2B
10461,2025-10-17,71,1011,5,11,12000.0,0.05,125400.0,44000.0,81400.0,64.91,Website
10462,2024-02-10,62,1017,1,3,45.0,0.05,128.25,45.0,83.25,64.91,E-commerce
10463,2025-02-09,128,1001,5,5,4500.0,0.1,20250.0,15500.0,4750.0,23.46,Venda Direta / B2B
10464,2024-08-05,150,1002,4,2,2200.0,0.15,3740.0,2900.0,840.0,22.46,Website
10465,2025-01-16,92,1016,5,14,280.0,0.15,3332.0,2100.0,1232.0,36.97,Venda Direta / B2B
10466,2024-02-02,121,1004,3,3,220.0,0.15,561.0,330.0,231.0,41.18,E-commerce
10467,2025-03-27,86,1006,2,1,650.0,0.0,650.0,390.0,260.0,40.0,E-commerce
10468,2025-03-17,108,1010,6,2,420.0,0.15,714.0,480.0,234.0,32.77,E-commerce
10469,2024-05-21,121,1004,1,3,220.0,0.1,594.0,330.0,264.0,44.44,Website
10470,2025-06-18,31,1017,7,3,45.0,0.1,121.5,45.0,76.5,62.96,E-commerce
10471,2023-08-06,36,1005,4,6,850.0,0.15,4335.0,3120.0,1215.0,28.03,Venda Direta / B2B
10472,2025-06-21,37,1015,6,14,32.0,0.0,448.0,252.0,196.0,43.75,Website
10473,2025-04-05,86,1016,3,2,280.0,0.0,560.0,300.0,260.0,46.43,Website
10474,2024-09-20,44,1007,3,2,1200.0,0.0,2400.0,1500.0,900.0,37.5,Website
10475,2025-01-02,104,1014,7,8,280.0,0.0,2240.0,720.0,1520.0,67.86,Venda Direta / B2B
10476,2023-07-01,96,1007,1,15,1200.0,0.15,15300.0,11250.0,4050.0,26.47,Venda Direta / B2B
10477,2024-02-12,64,1001,4,12,4500.0,0.05,51300.0,37200.0,14100.0,27.49,Venda Direta / B2B
10478,2023-12-02,129,1013,5,1,300.0,0.0,300.0,80.0,220.0,73.33,Website
10479,2024-05-25,117,1010,6,7,420.0,0.0,2940.0,1680.0,1260.0,42.86,Website
10480,2024-07-01,92,1016,4,3,280.0,0.0,840.0,450.0,390.0,46.43,Venda Direta / B2B
10481,2024-03-22,55,1005,1,10,850.0,0.0,8500.0,5200.0,3300.0,38.82,Website
10482,2023-11-24,97,1002,5,3,2200.0,0.15,5610.0,4350.0,1260.0,22.46,Website
10483,2025-11-05,6,1004,1,12,220.0,0.1,2376.0,1320.0,1056.0,44.44,Venda Direta / B2B
10484,2024-09-14,141,1004,5,8,220.0,0.0,1760.0,880.0,880.0,50.0,Website
10485,2024-02-28,78,1001,7,11,4500.0,0.15,42075.0,34100.0,7975.0,18.95,Venda Direta / B2B
10486,2024-04-30,108,1005,2,3,850.0,0.05,2422.5,1560.0,862.5,35.6,Website
10487,2023-11-12,128,1004,4,10,220.0,0.05,2090.0,1100.0,990.0,47.37,Venda Direta / B2B
10488,2025-05-07,92,1007,7,5,1200.0,0.0,6000.0,3750.0,2250.0,37.5,Venda Direta / B2B
10489,2024-11-22,124,1007,6,4,1200.0,0.0,4800.0,3000.0,1800.0,37.5,Venda Direta / B2B
10490,2025-02-04,147,1004,8,3,220.0,0.15,561.0,330.0,231.0,41.18,Venda Direta / B2B
10491,2023-09-13,66,1004,4,8,220.0,0.05,1672.0,880.0,792.0,47.37,Venda Direta / B2B
10492,2024-09-28,45,1004,1,2,220.0,0.05,418.0,220.0,198.0,47.37,E-commerce
10493,2024-09-01,25,1004,1,1,220.0,0.0,220.0,110.0,110.0,50.0,Venda Direta / B2B
10494,2024-06-19,69,1015,2,6,32.0,0.0,192.0,108.0,84.0,43.75,Venda Direta / B2B
10495,2023-11-12,117,1013,5,14,300.0,0.1,3780.0,1120.0,2660.0,70.37,Venda Direta / B2B
10496,2025-04-17,29,1006,3,12,650.0,0.0,7800.0,4680.0,3120.0,40.0,Website
10497,2025-10-02,27,1006,7,15,650.0,0.1,8775.0,5850.0,2925.0,33.33,Website
10498,2025-04-19,47,1015,7,2,32.0,0.0,64.0,36.0,28.0,43.75,Website
10499,2024-10-11,29,1016,7,8,280.0,0.0,2240.0,1200.0,1040.0,46.43,Venda Direta / B2B
10500,2024-04-22,4,1011,4,11,12000.0,0.15,112200.0,44000.0,68200.0,60.78,Venda Direta / B2B
10501,2024-11-06,111,1004,4,2,220.0,0.1,396.0,220.0,176.0,44.44,E-commerce
10502,2023-12-27,14,1018,1,11,95.0,0.15,888.25,495.0,393.25,44.27,Venda Direta / B2B
10503,2025-05-19,43,1016,2,2,280.0,0.0,560.0,300.0,260.0,46.43,E-commerce
10504,2024-06-21,13,1009,4,3,550.0,0.1,1485.0,960.0,525.0,35.35,E-commerce
10505,2025-04-28,118,1003,8,13,350.0,0.1,4095.0,2340.0,1755.0,42.86,Website
10506,2023-10-05,115,1016,6,2,280.0,0.0,560.0,300.0,260.0,46.43,Venda Direta / B2B
10507,2023-10-27,10,1014,1,14,280.0,0.15,3332.0,1260.0,2072.0,62.18,Venda Direta / B2B
10508,2025-09-02,131,1010,4,11,420.0,0.1,4158.0,2640.0,1518.0,36.51,Website
10509,2025-08-16,14,1012,4,14,150.0,0.05,1995.0,560.0,1435.0,71.93,Venda Direta / B2B
10510,2024-11-30,94,1016,8,2,280.0,0.0,560.0,300.0,260.0,46.43,Venda Direta / B2B
10511,2023-02-13,75,1012,6,12,150.0,0.0,1800.0,480.0,1320.0,73.33,Venda Direta / B2B
10512,2025-06-24,36,1016,7,2,280.0,0.15,476.0,300.0,176.0,36.97,Venda Direta / B2B
10513,2024-02-18,101,1004,4,8,220.0,0.05,1672.0,880.0,792.0,47.37,Venda Direta / B2B
10514,2023-11-03,12,1014,2,2,280.0,0.15,476.0,180.0,296.0,62.18,E-commerce
10515,2025-08-24,128,1005,1,9,850.0,0.0,7650.0,4680.0,2970.0,38.82,Website
10516,2024-11-26,150,1014,8,3,280.0,0.15,714.0,270.0,444.0,62.18,Website
10517,2024-01-25,27,1005,7,11,850.0,0.15,7947.5,5720.0,2227.5,28.03,Website
10518,2025-06-13,99,1017,7,10,45.0,0.0,450.0,150.0,300.0,66.67,Website
10519,2024-05-03,76,1011,8,13,12000.0,0.0,156000.0,52000.0,104000.0,66.67,Venda Direta / B2B
10520,2024-08-23,77,1017,6,12,45.0,0.15,459.0,180.0,279.0,60.78,Website
10521,2025-01-13,54,1007,5,11,1200.0,0.0,13200.0,8250.0,4950.0,37.5,Venda Direta / B2B
10522,2025-10-02,129,1006,6,3,650.0,0.05,1852.5,1170.0,682.5,36.84,Website
10523,2024-12-01,137,1014,5,15,280.0,0.0,4200.0,1350.0,2850.0,67.86,Venda Direta / B2B
10524,2024-11-06,98,1001,3,1,4500.0,0.0,4500.0,3100.0,1400.0,31.11,Website
10525,2024-02-22,74,1006,5,1,650.0,0.05,617.5,390.0,227.5,36.84,Website
10526,2024-02-27,9,1018,6,14,95.0,0.0,1330.0,630.0,700.0,52.63,Venda Direta / B2B
10527,2025-01-03,58,1018,7,4,95.0,0.05,361.0,180.0,181.0,50.14,Website
10528,2025-02-16,98,1002,7,7,2200.0,0.05,14630.0,10150.0,4480.0,30.62,Website
10529,2025-09-06,4,1002,5,4,2200.0,0.1,7920.0,5800.0,2120.0,26.77,Website
10530,2025-05-06,140,1012,4,13,150.0,0.0,1950.0,520.0,1430.0,73.33,Website
10531,2024-05-21,20,1006,3,3,650.0,0.15,1657.5,1170.0,487.5,29.41,Website
10532,2023-11-19,110,1002,5,9,2200.0,0.0,19800.0,13050.0,6750.0,34.09,Venda Direta / B2B
10533,2024-01-10,2,1009,6,8,550.0,0.0,4400.0,2560.0,1840.0,41.82,Website
10534,2023-07-06,14,1011,5,8,12000.0,0.15,81600.0,32000.0,49600.0,60.78,Website
10535,2024-07-13,135,1011,4,3,12000.0,0.0,36000.0,12000.0,24000.0,66.67,Website
10536,2025-04-09,107,1006,7,2,650.0,0.0,1300.0,780.0,520.0,40.0,Venda Direta / B2B
10537,2025-06-13,85,1011,6,5,12000.0,0.15,51000.0,20000.0,31000.0,60.78,Venda Direta / B2B
10538,2024-11-11,3,1018,2,3,95.0,0.1,256.5,135.0,121.5,47.37,E-commerce
10539,2024-04-03,11,1008,6,2,2800.0,0.1,5040.0,3600.0,1440.0,28.57,Website
10540,2024-04-18,7,1010,6,9,420.0,0.1,3402.0,2160.0,1242.0,36.51,Website
10541,2024-10-13,50,1010,6,9,420.0,0.0,3780.0,2160.0,1620.0,42.86,Venda Direta / B2B
10542,2024-01-18,137,1018,1,11,95.0,0.0,1045.0,495.0,550.0,52.63,Venda Direta / B2B
10543,2025-02-04,109,1007,2,1,1200.0,0.0,1200.0,750.0,450.0,37.5,E-commerce
10544,2025-03-18,7,1005,8,12,850.0,0.0,10200.0,6240.0,3960.0,38.82,Venda Direta / B2B
10545,2023-10-04,46,1002,5,9,2200.0,0.15,16830.0,13050.0,3780.0,22.46,Venda Direta / B2B
10546,2025-05-01,105,1009,7,8,550.0,0.1,3960.0,2560.0,1400.0,35.35,Website
10547,2024-09-06,100,1001,2,3,4500.0,0.15,11475.0,9300.0,2175.0,18.95,Website
10548,2023-08-23,19,1002,6,3,2200.0,0.05,6270.0,4350.0,1920.0,30.62,Website
10549,2025-04-09,23,1010,5,13,420.0,0.1,4914.0,3120.0,1794.0,36.51,Venda Direta / B2B
10550,2024-08-10,122,1001,3,9,4500.0,0.0,40500.0,27900.0,12600.0,31.11,Venda Direta / B2B
10551,2025-03-18,76,1018,3,5,95.0,0.05,451.25,225.0,226.25,50.14,Website
10552,2025-08-25,142,1001,3,1,4500.0,0.0,4500.0,3100.0,1400.0,31.11,Website
10553,2024-12-08,138,1013,2,5,300.0,0.05,1425.0,400.0,1025.0,71.93,Venda Direta / B2B
10554,2024-03-05,37,1017,3,3,45.0,0.15,114.75,45.0,69.75,60.78,Venda Direta / B2B
10555,2025-05-09,30,1007,3,11,1200.0,0.0,13200.0,8250.0,4950.0,37.5,Website
10556,2025-05-21,119,1018,2,2,95.0,0.05,180.5,90.0,90.5,50.14,Website
10557,2023-10-20,85,1016,6,3,280.0,0.0,840.0,450.0,390.0,46.43,Website
10558,2023-10-23,50,1003,6,8,350.0,0.05,2660.0,1440.0,1220.0,45.86,Venda Direta / B2B
10559,2025-01-03,150,1010,3,3,420.0,0.05,1197.0,720.0,477.0,39.85,E-commerce
10560,2025-08-27,2,1006,6,4,650.0,0.1,2340.0,1560.0,780.0,33.33,Venda Direta / B2B
10561,2024-05-06,35,1012,6,15,150.0,0.1,2025.0,600.0,1425.0,70.37,Venda Direta / B2B
10562,2024-09-15,125,1010,2,3,420.0,0.15,1071.0,720.0,351.0,32.77,Website
10563,2023-09-25,36,1009,4,5,550.0,0.0,2750.0,1600.0,1150.0,41.82,Website
10564,2025-03-07,130,1001,1,14,4500.0,0.15,53550.0,43400.0,10150.0,18.95,Website
10565,2024-08-17,10,1007,5,9,1200.0,0.1,9720.0,6750.0,2970.0,30.56,Website
10566,2025-01-25,94,1005,7,4,850.0,0.05,3230.0,2080.0,1150.0,35.6,Website
10567,2023-12-08,131,1017,2,7,45.0,0.15,267.75,105.0,162.75,60.78,Venda Direta / B2B
10568,2023-04-07,43,1008,3,2,2800.0,0.0,5600.0,3600.0,2000.0,35.71,Website
10569,2024-12-04,124,1005,6,1,850.0,0.1,765.0,520.0,245.0,32.03,Venda Direta / B2B
10570,2024-03-25,95,1009,4,1,550.0,0.0,550.0,320.0,230.0,41.82,Website
10571,2024-11-03,100,1012,8,2,150.0,0.0,300.0,80.0,220.0,73.33,Website
10572,2025-09-30,27,1011,5,14,12000.0,0.05,159600.0,56000.0,103600.0,64.91,Website
10573,2024-12-11,97,1006,7,2,650.0,0.15,1105.0,780.0,325.0,29.41,Website
10574,2024-04-13,133,1008,7,6,2800.0,0.1,15120.0,10800.0,4320.0,28.57,Venda Direta / B2B
10575,2025-04-13,129,1001,3,2,4500.0,0.0,9000.0,6200.0,2800.0,31.11,Website
10576,2023-09-17,55,1009,3,3,550.0,0.05,1567.5,960.0,607.5,38.76,Venda Direta / B2B
10577,2024-12-26,59,1004,7,13,220.0,0.0,2860.0,1430.0,1430.0,50.0,Venda Direta / B2B
10578,2024-10-10,123,1016,4,10,280.0,0.1,2520.0,1500.0,1020.0,40.48,Venda Direta / B2B
10579,2023-05-20,33,1002,3,1,2200.0,0.15,1870.0,1450.0,420.0,22.46,Website
10580,2023-12-25,67,1006,3,9,650.0,0.15,4972.5,3510.0,1462.5,29.41,Venda Direta / B2B
10581,2025-09-11,73,1001,2,1,4500.0,0.15,3825.0,3100.0,725.0,18.95,E-commerce
10582,2025-10-30,44,1016,4,2,280.0,0.15,476.0,300.0,176.0,36.97,Website
10583,2025-04-30,131,1006,5,3,650.0,0.05,1852.5,1170.0,682.5,36.84,Website
10584,2025-07-17,59,1003,7,7,350.0,0.0,2450.0,1260.0,1190.0,48.57,Venda Direta / B2B
10585,2023-05-01,130,1017,7,14,45.0,0.15,535.5,210.0,325.5,60.78,Venda Direta / B2B
10586,2023-10-17,10,1016,2,2,280.0,0.0,560.0,300.0,260.0,46.43,Venda Direta / B2B
10587,2025-06-29,1,1018,7,3,95.0,0.05,270.75,135.0,135.75,50.14,E-commerce
10588,2025-06-07,110,1017,4,13,45.0,0.1,526.5,195.0,331.5,62.96,Venda Direta / B2B
10589,2024-07-07,109,1004,3,2,220.0,0.0,440.0,220.0,220.0,50.0,E-commerce
10590,2025-07-06,73,1003,7,2,350.0,0.0,700.0,360.0,340.0,48.57,Website
10591,2025-02-25,148,1001,2,9,4500.0,0.1,36450.0,27900.0,8550.0,23.46,Venda Direta / B2B
10592,2025-01-26,105,1011,6,2,12000.0,0.1,21600.0,8000.0,13600.0,62.96,Venda Direta / B2B
10593,2025-01-24,67,1009,7,10,550.0,0.15,4675.0,3200.0,1475.0,31.55,Venda Direta / B2B
10594,2024-05-05,53,1013,7,9,300.0,0.1,2430.0,720.0,1710.0,70.37,Website
10595,2024-01-31,143,1018,8,5,95.0,0.15,403.75,225.0,178.75,44.27,Venda Direta / B2B
10596,2024-07-02,36,1013,2,12,300.0,0.1,3240.0,960.0,2280.0,70.37,Venda Direta / B2B
10597,2025-04-07,26,1006,4,3,650.0,0.05,1852.5,1170.0,682.5,36.84,E-commerce
10598,2025-04-18,42,1002,7,3,2200.0,0.0,6600.0,4350.0,2250.0,34.09,Website
10599,2025-05-02,112,1016,2,1,280.0,0.0,280.0,150.0,130.0,46.43,E-commerce
10600,2024-07-23,99,1002,7,10,2200.0,0.15,18700.0,14500.0,4200.0,22.46,Website
10601,2024-05-15,45,1002,8,2,2200.0,0.0,4400.0,2900.0,1500.0,34.09,Website
10602,2025-05-20,74,1017,4,1,45.0,0.15,38.25,15.0,23.25,60.78,Website
10603,2024-01-20,93,1002,4,11,2200.0,0.0,24200.0,15950.0,8250.0,34.09,Venda Direta / B2B
10604,2023-10-03,103,1009,6,11,550.0,0.1,5445.0,3520.0,1925.0,35.35,Venda Direta / B2B
10605,2024-12-16,4,1017,2,15,45.0,0.15,573.75,225.0,348.75,60.78,Venda Direta / B2B
10606,2024-05-13,150,1018,6,2,95.0,0.0,190.0,90.0,100.0,52.63,E-commerce
10607,2024-12-28,117,1007,7,10,1200.0,0.05,11400.0,7500.0,3900.0,34.21,Venda Direta / B2B
10608,2024-01-26,28,1017,2,9,45.0,0.05,384.75,135.0,249.75,64.91,Venda Direta / B2B
10609,2025-08-12,66,1017,5,12,45.0,0.1,486.0,180.0,306.0,62.96,Venda Direta / B2B
10610,2024-12-02,87,1008,8,11,2800.0,0.15,26180.0,19800.0,6380.0,24.37,Venda Direta / B2B
10611,2025-05-28,30,1016,5,2,280.0,0.0,560.0,300.0,260.0,46.43,Venda Direta / B2B
10612,2025-02-07,81,1008,7,6,2800.0,0.15,14280.0,10800.0,3480.0,24.37,Website
10613,2023-04-03,64,1009,5,2,550.0,0.05,1045.0,640.0,405.0,38.76,Venda Direta / B2B
10614,2023-09-15,122,1006,6,6,650.0,0.15,3315.0,2340.0,975.0,29.41,Venda Direta / B2B
10615,2024-04-29,128,1007,4,4,1200.0,0.0,4800.0,3000.0,1800.0,37.5,Website
10616,2025-06-05,59,1007,4,14,1200.0,0.15,14280.0,10500.0,3780.0,26.47,Venda Direta / B2B
10617,2024-07-11,31,1004,2,3,220.0,0.15,561.0,330.0,231.0,41.18,E-commerce
10618,2023-03-18,11,1018,8,2,95.0,0.1,171.0,90.0,81.0,47.37,E-commerce
10619,2025-06-25,126,1009,3,13,550.0,0.05,6792.5,4160.0,2632.5,38.76,Website
10620,2024-08-12,14,1005,7,8,850.0,0.0,6800.0,4160.0,2640.0,38.82,Website
10621,2024-10-24,45,1013,8,1,300.0,0.05,285.0,80.0,205.0,71.93,E-commerce
10622,2025-02-14,54,1001,7,10,4500.0,0.05,42750.0,31000.0,11750.0,27.49,Venda Direta / B2B
10623,2024-07-15,48,1009,5,4,550.0,0.1,1980.0,1280.0,700.0,35.35,Venda Direta / B2B
10624,2025-08-27,94,1011,3,8,12000.0,0.0,96000.0,32000.0,64000.0,66.67,Venda Direta / B2B
10625,2024-08-27,94,1012,7,5,150.0,0.0,750.0,200.0,550.0,73.33,Venda Direta / B2B
10626,2024-12-07,26,1008,5,1,2800.0,0.1,2520.0,1800.0,720.0,28.57,E-commerce
10627,2024-02-18,122,1005,1,3,850.0,0.1,2295.0,1560.0,735.0,32.03,Venda Direta / B2B
10628,2023-12-09,137,1017,6,13,45.0,0.05,555.75,195.0,360.75,64.91,Venda Direta / B2B
10629,2024-04-13,102,1002,2,12,2200.0,0.0,26400.0,17400.0,9000.0,34.09,Venda Direta / B2B
10630,2024-03-09,122,1009,2,8,550.0,0.05,4180.0,2560.0,1620.0,38.76,Website
10631,2024-04-21,144,1012,5,6,150.0,0.1,810.0,240.0,570.0,70.37,Venda Direta / B2B
10632,2023-11-22,148,1007,3,13,1200.0,0.05,14820.0,9750.0,5070.0,34.21,Venda Direta / B2B
10633,2024-06-16,125,1017,8,15,45.0,0.1,607.5,225.0,382.5,62.96,Venda Direta / B2B
10634,2025-01-02,38,1015,3,11,32.0,0.1,316.8,198.0,118.8,37.5,Venda Direta / B2B
10635,2025-01-12,19,1013,2,1,300.0,0.0,300.0,80.0,220.0,73.33,E-commerce
10636,2024-06-07,69,1010,7,5,420.0,0.05,1995.0,1200.0,795.0,39.85,Venda Direta / B2B
10637,2025-03-19,116,1017,7,3,45.0,0.0,135.0,45.0,90.0,66.67,Venda Direta / B2B
10638,2023-11-27,65,1008,2,4,2800.0,0.1,10080.0,7200.0,2880.0,28.57,Venda Direta / B2B
10639,2023-10-27,122,1003,1,1,350.0,0.15,297.5,180.0,117.5,39.5,Venda Direta / B2B
10640,2025-03-28,27,1003,5,10,350.0,0.0,3500.0,1800.0,1700.0,48.57,Venda Direta / B2B
10641,2025-01-26,80,1013,4,4,300.0,0.05,1140.0,320.0,820.0,71.93,Website
10642,2024-09-14,34,1005,3,1,850.0,0.05,807.5,520.0,287.5,35.6,Venda Direta / B2B
10643,2025-05-27,122,1011,8,14,12000.0,0.05,159600.0,56000.0,103600.0,64.91,Website
10644,2024-11-23,139,1005,3,10,850.0,0.1,7650.0,5200.0,2450.0,32.03,Website
10645,2025-01-12,135,1014,5,15,280.0,0.1,3780.0,1350.0,2430.0,64.29,Venda Direta / B2B
10646,2024-11-17,114,1003,5,6,350.0,0.05,1995.0,1080.0,915.0,45.86,Venda Direta / B2B
10647,2024-01-04,1,1001,3,2,4500.0,0.1,8100.0,6200.0,1900.0,23.46,E-commerce
10648,2024-11-14,123,1016,5,1,280.0,0.05,266.0,150.0,116.0,43.61,Venda Direta / B2B
10649,2024-12-23,141,1001,6,4,4500.0,0.15,15300.0,12400.0,2900.0,18.95,Venda Direta / B2B
10650,2024-09-09,42,1008,7,2,2800.0,0.05,5320.0,3600.0,1720.0,32.33,Website
10651,2023-09-20,133,1008,5,5,2800.0,0.15,11900.0,9000.0,2900.0,24.37,Website
10652,2025-04-23,49,1014,2,1,280.0,0.05,266.0,90.0,176.0,66.17,Website
10653,2023-11-07,116,1015,5,12,32.0,0.1,345.6,216.0,129.6,37.5,Website
10654,2024-02-09,39,1001,1,9,4500.0,0.0,40500.0,27900.0,12600.0,31.11,Venda Direta / B2B
10655,2025-09-16,69,1010,3,12,420.0,0.0,5040.0,2880.0,2160.0,42.86,Venda Direta / B2B
10656,2024-03-26,4,1005,8,4,850.0,0.1,3060.0,2080.0,980.0,32.03,Venda Direta / B2B
10657,2024-06-05,96,1016,8,12,280.0,0.05,3192.0,1800.0,1392.0,43.61,Venda Direta / B2B
10658,2023-09-22,15,1005,5,13,850.0,0.0,11050.0,6760.0,4290.0,38.82,Venda Direta / B2B
10659,2024-11-19,50,1006,5,14,650.0,0.0,9100.0,5460.0,3640.0,40.0,Venda Direta / B2B
10660,2023-11-23,99,1008,8,4,2800.0,0.0,11200.0,7200.0,4000.0,35.71,Website
10661,2024-02-22,134,1004,4,2,220.0,0.05,418.0,220.0,198.0,47.37,E-commerce
10662,2025-07-31,11,1006,2,2,650.0,0.05,1235.0,780.0,455.0,36.84,E-commerce
10663,2024-02-21,56,1002,2,4,2200.0,0.1,7920.0,5800.0,2120.0,26.77,Website
10664,2024-06-16,71,1006,2,7,650.0,0.0,4550.0,2730.0,1820.0,40.0,Venda Direta / B2B
10665,2025-09-10,40,1016,6,13,280.0,0.0,3640.0,1950.0,1690.0,46.43,Venda Direta / B2B
10666,2024-01-07,87,1003,1,1,350.0,0.0,350.0,180.0,170.0,48.57,Venda Direta / B2B
10667,2025-02-21,33,1004,8,1,220.0,0.15,187.0,110.0,77.0,41.18,E-commerce
10668,2025-04-10,113,1012,4,1,150.0,0.05,142.5,40.0,102.5,71.93,E-commerce
10669,2025-03-06,11,1009,8,3,550.0,0.15,1402.5,960.0,442.5,31.55,E-commerce
10670,2024-05-22,49,1016,3,3,280.0,0.05,798.0,450.0,348.0,43.61,E-commerce
10671,2025-03-10,142,1009,3,1,550.0,0.1,495.0,320.0,175.0,35.35,Website
10672,2024-05-23,139,1009,6,8,550.0,0.15,3740.0,2560.0,1180.0,31.55,Venda Direta / B2B
10673,2024-07-29,5,1006,6,13,650.0,0.0,8450.0,5070.0,3380.0,40.0,Website
10674,2024-06-13,138,1003,7,4,350.0,0.1,1260.0,720.0,540.0,42.86,Website
10675,2025-03-28,73,1005,6,2,850.0,0.0,1700.0,1040.0,660.0,38.82,E-commerce
10676,2023-10-17,12,1003,3,1,350.0,0.0,350.0,180.0,170.0,48.57,Website
10677,2023-11-02,26,1007,1,3,1200.0,0.1,3240.0,2250.0,990.0,30.56,E-commerce
10678,2024-11-08,13,1009,6,1,550.0,0.0,550.0,320.0,230.0,41.82,Website
10679,2025-07-25,126,1007,2,8,1200.0,0.0,9600.0,6000.0,3600.0,37.5,Website
10680,2024-07-15,95,1014,1,14,280.0,0.05,3724.0,1260.0,2464.0,66.17,Website
10681,2024-11-10,78,1003,2,4,350.0,0.0,1400.0,720.0,680.0,48.57,Website
10682,2023-10-25,137,1008,7,4,2800.0,0.15,9520.0,7200.0,2320.0,24.37,Venda Direta / B2B
10683,2025-01-27,143,1006,7,12,650.0,0.15,6630.0,4680.0,1950.0,29.41,Venda Direta / B2B
10684,2024-07-13,110,1015,2,3,32.0,0.15,81.6,54.0,27.6,33.82,Venda Direta / B2B
10685,2024-08-15,41,1011,8,15,12000.0,0.05,171000.0,60000.0,111000.0,64.91,Venda Direta / B2B
10686,2024-11-24,96,1011,7,13,12000.0,0.1,140400.0,52000.0,88400.0,62.96,Website
10687,2025-05-04,62,1011,4,2,12000.0,0.05,22800.0,8000.0,14800.0,64.91,E-commerce
10688,2025-08-31,102,1015,1,12,32.0,0.05,364.8,216.0,148.8,40.79,Venda Direta / B2B
10689,2024-12-22,35,1017,5,1,45.0,0.0,45.0,15.0,30.0,66.67,Venda Direta / B2B
10690,2024-03-09,6,1011,5,15,12000.0,0.15,153000.0,60000.0,93000.0,60.78,Website
10691,2024-11-27,25,1005,1,8,850.0,0.0,6800.0,4160.0,2640.0,38.82,Venda Direta / B2B
10692,2023-12-14,150,1012,4,1,150.0,0.05,142.5,40.0,102.5,71.93,E-commerce
10693,2023-10-11,146,1013,4,12,300.0,0.05,3420.0,960.0,2460.0,71.93,Venda Direta / B2B
10694,2025-04-13,125,1006,2,10,650.0,0.05,6175.0,3900.0,2275.0,36.84,Website
10695,2023-06-30,21,1013,1,15,300.0,0.05,4275.0,1200.0,3075.0,71.93,Venda Direta / B2B
10696,2025-06-10,107,1014,2,14,280.0,0.15,3332.0,1260.0,2072.0,62.18,Venda Direta / B2B
10697,2025-07-23,14,1013,5,9,300.0,0.05,2565.0,720.0,1845.0,71.93,Venda Direta / B2B
10698,2024-11-17,84,1005,4,3,850.0,0.1,2295.0,1560.0,735.0,32.03,Venda Direta / B2B
10699,2025-09-14,24,1017,4,2,45.0,0.1,81.0,30.0,51.0,62.96,E-commerce
10700,2023-12-26,22,1011,8,10,12000.0,0.0,120000.0,40000.0,80000.0,66.67,Website
10701,2024-11-22,22,1009,7,9,550.0,0.0,4950.0,2880.0,2070.0,41.82,Venda Direta / B2B
10702,2025-03-26,144,1016,4,8,280.0,0.15,1904.0,1200.0,704.0,36.97,Venda Direta / B2B
10703,2024-02-18,64,1017,4,2,45.0,0.1,81.0,30.0,51.0,62.96,Venda Direta / B2B
10704,2024-06-15,29,1003,7,7,350.0,0.05,2327.5,1260.0,1067.5,45.86,Venda Direta / B2B
10705,2024-02-12,7,1012,5,3,150.0,0.15,382.5,120.0,262.5,68.63,Venda Direta / B2B
10706,2025-05-01,38,1015,8,1,32.0,0.0,32.0,18.0,14.0,43.75,Venda Direta / B2B
10707,2025-02-12,22,1005,2,12,850.0,0.0,10200.0,6240.0,3960.0,38.82,Venda Direta / B2B
10708,2025-08-15,74,1005,1,2,850.0,0.05,1615.0,1040.0,575.0,35.6,Website
10709,2024-09-18,85,1001,4,12,4500.0,0.0,54000.0,37200.0,16800.0,31.11,Website
10710,2024-02-26,67,1017,8,10,45.0,0.0,450.0,150.0,300.0,66.67,Website
10711,2025-02-18,97,1001,1,2,4500.0,0.0,9000.0,6200.0,2800.0,31.11,Website
10712,2024-05-12,14,1009,8,11,550.0,0.0,6050.0,3520.0,2530.0,41.82,Venda Direta / B2B
10713,2024-08-05,93,1009,2,1,550.0,0.1,495.0,320.0,175.0,35.35,Venda Direta / B2B
10714,2024-03-25,131,1013,2,15,300.0,0.1,4050.0,1200.0,2850.0,70.37,Venda Direta / B2B
10715,2025-06-01,23,1018,3,4,95.0,0.1,342.0,180.0,162.0,47.37,Website
10716,2024-11-30,11,1001,4,3,4500.0,0.05,12825.0,9300.0,3525.0,27.49,E-commerce
10717,2024-10-16,5,1006,6,11,650.0,0.05,6792.5,4290.0,2502.5,36.84,Venda Direta / B2B
10718,2025-01-08,129,1008,5,1,2800.0,0.1,2520.0,1800.0,720.0,28.57,E-commerce
10719,2025-06-19,143,1001,5,4,4500.0,0.05,17100.0,12400.0,4700.0,27.49,Venda Direta / B2B
10720,2025-06-25,23,1005,7,9,850.0,0.15,6502.5,4680.0,1822.5,28.03,Website
10721,2025-06-05,107,1008,4,10,2800.0,0.1,25200.0,18000.0,7200.0,28.57,Venda Direta / B2B
10722,2025-09-13,115,1011,3,4,12000.0,0.0,48000.0,16000.0,32000.0,66.67,Website
10723,2024-12-13,36,1007,5,12,1200.0,0.15,12240.0,9000.0,3240.0,26.47,Website
10724,2025-07-05,38,1014,3,6,280.0,0.15,1428.0,540.0,888.0,62.18,Venda Direta / B2B
10725,2024-11-13,48,1004,6,14,220.0,0.0,3080.0,1540.0,1540.0,50.0,Venda Direta / B2B
10726,2025-03-28,106,1014,5,2,280.0,0.0,560.0,180.0,380.0,67.86,E-commerce
10727,2025-04-05,34,1004,3,1,220.0,0.15,187.0,110.0,77.0,41.18,Website
10728,2024-04-27,60,1008,4,11,2800.0,0.05,29260.0,19800.0,9460.0,32.33,Venda Direta / B2B
10729,2023-09-21,35,1016,8,12,280.0,0.05,3192.0,1800.0,1392.0,43.61,Website
10730,2024-02-05,126,1013,8,3,300.0,0.0,900.0,240.0,660.0,73.33,Venda Direta / B2B
10731,2024-03-20,4,1014,5,7,280.0,0.0,1960.0,630.0,1330.0,67.86,Venda Direta / B2B
10732,2025-03-24,46,1003,8,14,350.0,0.1,4410.0,2520.0,1890.0,42.86,Website
10733,2025-02-14,64,1015,7,7,32.0,0.15,190.4,126.0,64.4,33.82,Venda Direta / B2B
10734,2025-03-12,81,1013,7,10,300.0,0.15,2550.0,800.0,1750.0,68.63,Website
10735,2024-12-21,10,1017,2,8,45.0,0.0,360.0,120.0,240.0,66.67,Venda Direta / B2B
10736,2025-06-09,133,1008,7,12,2800.0,0.15,28560.0,21600.0,6960.0,24.37,Venda Direta / B2B
10737,2024-08-04,49,1002,5,2,2200.0,0.05,4180.0,2900.0,1280.0,30.62,E-commerce
10738,2025-04-02,119,1010,3,2,420.0,0.15,714.0,480.0,234.0,32.77,E-commerce
10739,2025-07-14,37,1017,8,14,45.0,0.1,567.0,210.0,357.0,62.96,Website
10740,2023-10-09,29,1017,3,13,45.0,0.15,497.25,195.0,302.25,60.78,Website
10741,2023-12-10,83,1014,8,1,280.0,0.1,252.0,90.0,162.0,64.29,Venda Direta / B2B
10742,2024-12-18,117,1007,2,5,1200.0,0.0,6000.0,3750.0,2250.0,37.5,Venda Direta / B2B
10743,2025-03-03,24,1004,2,3,220.0,0.05,627.0,330.0,297.0,47.37,E-commerce
10744,2023-09-30,131,1013,3,7,300.0,0.1,1890.0,560.0,1330.0,70.37,Website
10745,2023-07-15,86,1006,3,1,650.0,0.0,650.0,390.0,260.0,40.0,Website
10746,2025-03-30,108,1002,5,2,2200.0,0.05,4180.0,2900.0,1280.0,30.62,E-commerce
10747,2025-01-09,34,1004,4,1,220.0,0.05,209.0,110.0,99.0,47.37,Website
10748,2023-04-14,128,1016,1,10,280.0,0.0,2800.0,1500.0,1300.0,46.43,Venda Direta / B2B
10749,2024-03-11,117,1016,7,8,280.0,0.15,1904.0,1200.0,704.0,36.97,Venda Direta / B2B
10750,2024-12-24,141,1008,5,10,2800.0,0.15,23800.0,18000.0,5800.0,24.37,Website
10751,2025-04-30,13,1007,3,1,1200.0,0.05,1140.0,750.0,390.0,34.21,Website
10752,2023-06-29,148,1002,5,6,2200.0,0.0,13200.0,8700.0,4500.0,34.09,Venda Direta / B2B
10753,2023-11-05,42,1006,5,3,650.0,0.1,1755.0,1170.0,585.0,33.33,Website
10754,2025-03-19,10,1012,2,13,150.0,0.05,1852.5,520.0,1332.5,71.93,Venda Direta / B2B
10755,2024-07-21,18,1013,7,3,300.0,0.05,855.0,240.0,615.0,71.93,Website
10756,2024-10-03,71,1004,6,9,220.0,0.15,1683.0,990.0,693.0,41.18,Venda Direta / B2B
10757,2024-03-04,15,1007,2,10,1200.0,0.15,10200.0,7500.0,2700.0,26.47,Website
10758,2025-10-14,74,1016,7,3,280.0,0.05,798.0,450.0,348.0,43.61,E-commerce
10759,2024-11-08,34,1012,8,9,150.0,0.1,1215.0,360.0,855.0,70.37,Website
10760,2024-10-17,60,1006,5,4,650.0,0.0,2600.0,1560.0,1040.0,40.0,Venda Direta / B2B
10761,2023-05-25,54,1004,7,7,220.0,0.05,1463.0,770.0,693.0,47.37,Venda Direta / B2B
10762,2024-07-06,3,1007,4,3,1200.0,0.05,3420.0,2250.0,1170.0,34.21,E-commerce
10763,2025-04-11,77,1010,6,13,420.0,0.0,5460.0,3120.0,2340.0,42.86,Venda Direta / B2B
10764,2025-02-12,102,1011,1,14,12000.0,0.0,168000.0,56000.0,112000.0,66.67,Venda Direta / B2B
10765,2024-06-21,123,1011,8,13,12000.0,0.0,156000.0,52000.0,104000.0,66.67,Venda Direta / B2B
10766,2024-10-10,138,1015,6,8,32.0,0.0,256.0,144.0,112.0,43.75,Venda Direta / B2B
10767,2025-05-09,145,1010,6,9,420.0,0.0,3780.0,2160.0,1620.0,42.86,Website
10768,2024-03-02,91,1011,2,1,12000.0,0.0,12000.0,4000.0,8000.0,66.67,E-commerce
10769,2024-06-28,137,1013,3,10,300.0,0.1,2700.0,800.0,1900.0,70.37,Website
10770,2024-02-09,79,1004,6,3,220.0,0.05,627.0,330.0,297.0,47.37,Website
10771,2024-08-24,61,1016,6,8,280.0,0.0,2240.0,1200.0,1040.0,46.43,Venda Direta / B2B
10772,2024-11-08,29,1006,6,13,650.0,0.0,8450.0,5070.0,3380.0,40.0,Venda Direta / B2B
10773,2025-07-09,130,1015,1,13,32.0,0.15,353.6,234.0,119.6,33.82,Venda Direta / B2B
10774,2024-01-02,124,1011,5,13,12000.0,0.0,156000.0,52000.0,104000.0,66.67,Venda Direta / B2B
10775,2025-03-30,133,1004,3,4,220.0,0.0,880.0,440.0,440.0,50.0,Website
10776,2024-09-25,30,1017,1,5,45.0,0.15,191.25,75.0,116.25,60.78,Venda Direta / B2B
10777,2025-06-04,120,1011,1,2,12000.0,0.05,22800.0,8000.0,14800.0,64.91,Website
10778,2023-05-21,54,1010,6,4,420.0,0.05,1596.0,960.0,636.0,39.85,Venda Direta / B2B
10779,2024-05-06,113,1011,2,2,12000.0,0.0,24000.0,8000.0,16000.0,66.67,Website
10780,2024-05-03,144,1001,2,4,4500.0,0.05,17100.0,12400.0,4700.0,27.49,Website
10781,2024-11-23,37,1009,5,10,550.0,0.0,5500.0,3200.0,2300.0,41.82,Venda Direta / B2B
10782,2023-09-07,139,1011,8,1,12000.0,0.0,12000.0,4000.0,8000.0,66.67,Venda Direta / B2B
10783,2024-10-03,28,1002,7,1,2200.0,0.1,1980.0,1450.0,530.0,26.77,Venda Direta / B2B
10784,2024-08-07,92,1015,5,6,32.0,0.15,163.2,108.0,55.2,33.82,Venda Direta / B2B
10785,2023-09-19,146,1015,3,2,32.0,0.1,57.6,36.0,21.6,37.5,Website
10786,2023-10-19,120,1010,8,4,420.0,0.0,1680.0,960.0,720.0,42.86,Venda Direta / B2B
10787,2025-05-27,94,1009,7,3,550.0,0.05,1567.5,960.0,607.5,38.76,Website
10788,2025-04-11,117,1011,8,1,12000.0,0.1,10800.0,4000.0,6800.0,62.96,Venda Direta / B2B
10789,2023-11-10,119,1016,3,2,280.0,0.15,476.0,300.0,176.0,36.97,E-commerce
10790,2024-12-09,27,1017,7,14,45.0,0.0,630.0,210.0,420.0,66.67,Website
10791,2024-06-17,78,1003,8,7,350.0,0.1,2205.0,1260.0,945.0,42.86,Website
10792,2024-04-01,141,1008,3,8,2800.0,0.0,22400.0,14400.0,8000.0,35.71,Venda Direta / B2B
10793,2024-06-29,112,1014,6,3,280.0,0.0,840.0,270.0,570.0,67.86,Website
10794,2025-01-30,147,1003,8,2,350.0,0.15,595.0,360.0,235.0,39.5,Website
10795,2024-09-27,25,1018,8,3,95.0,0.1,256.5,135.0,121.5,47.37,Venda Direta / B2B
10796,2023-09-04,98,1004,6,8,220.0,0.0,1760.0,880.0,880.0,50.0,Website
10797,2023-10-09,149,1005,1,1,850.0,0.1,765.0,520.0,245.0,32.03,Website
10798,2024-11-12,148,1013,8,4,300.0,0.05,1140.0,320.0,820.0,71.93,Venda Direta / B2B
10799,2024-05-26,112,1010,6,1,420.0,0.15,357.0,240.0,117.0,32.77,Website
10800,2025-10-13,33,1013,5,1,300.0,0.15,255.0,80.0,175.0,68.63,E-commerce
10801,2025-09-09,144,1001,6,2,4500.0,0.0,9000.0,6200.0,2800.0,31.11,Venda Direta / B2B
10802,2024-03-29,82,1013,7,2,300.0,0.1,540.0,160.0,380.0,70.37,E-commerce
10803,2024-11-20,122,1006,3,4,650.0,0.1,2340.0,1560.0,780.0,33.33,Website
10804,2025-05-15,107,1012,3,5,150.0,0.0,750.0,200.0,550.0,73.33,Website
10805,2023-12-09,5,1003,3,12,350.0,0.1,3780.0,2160.0,1620.0,42.86,Venda Direta / B2B
10806,2025-09-20,22,1005,3,11,850.0,0.1,8415.0,5720.0,2695.0,32.03,Venda Direta / B2B
10807,2025-06-22,47,1014,8,3,280.0,0.15,714.0,270.0,444.0,62.18,E-commerce
10808,2025-04-30,91,1013,4,1,300.0,0.15,255.0,80.0,175.0,68.63,E-commerce
10809,2023-03-22,61,1016,5,7,280.0,0.15,1666.0,1050.0,616.0,36.97,Website
10810,2024-07-20,146,1002,8,12,2200.0,0.0,26400.0,17400.0,9000.0,34.09,Venda Direta / B2B
10811,2024-12-12,37,1003,5,8,350.0,0.0,2800.0,1440.0,1360.0,48.57,Website
10812,2024-11-07,63,1003,8,11,350.0,0.0,3850.0,1980.0,1870.0,48.57,Website
10813,2025-02-11,149,1018,5,3,95.0,0.05,270.75,135.0,135.75,50.14,Website
10814,2024-11-14,121,1001,8,3,4500.0,0.15,11475.0,9300.0,2175.0,18.95,E-commerce
10815,2025-03-11,91,1014,5,2,280.0,0.0,560.0,180.0,380.0,67.86,Website
10816,2025-02-18,145,1010,5,1,420.0,0.1,378.0,240.0,138.0,36.51,Website
10817,2024-12-11,75,1002,1,5,2200.0,0.0,11000.0,7250.0,3750.0,34.09,Venda Direta / B2B
10818,2023-11-29,72,1003,5,3,350.0,0.05,997.5,540.0,457.5,45.86,Website
10819,2024-05-05,4,1009,2,10,550.0,0.15,4675.0,3200.0,1475.0,31.55,Venda Direta / B2B
10820,2025-03-14,95,1015,3,5,32.0,0.0,160.0,90.0,70.0,43.75,Website
10821,2024-10-12,9,1017,6,2,45.0,0.15,76.5,30.0,46.5,60.78,Venda Direta / B2B
10822,2025-07-29,127,1005,7,2,850.0,0.1,1530.0,1040.0,490.0,32.03,Website
10823,2025-03-07,54,1006,6,1,650.0,0.05,617.5,390.0,227.5,36.84,Website
10824,2025-03-23,14,1004,3,8,220.0,0.1,1584.0,880.0,704.0,44.44,Venda Direta / B2B
10825,2024-05-27,60,1018,7,11,95.0,0.1,940.5,495.0,445.5,47.37,Website
10826,2024-10-05,136,1005,7,1,850.0,0.1,765.0,520.0,245.0,32.03,Venda Direta / B2B
10827,2024-07-31,136,1011,1,2,12000.0,0.05,22800.0,8000.0,14800.0,64.91,Website
10828,2025-08-24,70,1014,6,2,280.0,0.0,560.0,180.0,380.0,67.86,E-commerce
10829,2024-04-17,119,1013,4,3,300.0,0.15,765.0,240.0,525.0,68.63,Website
10830,2024-06-26,81,1006,1,11,650.0,0.0,7150.0,4290.0,2860.0,40.0,Venda Direta / B2B
10831,2023-04-13,135,1004,2,11,220.0,0.05,2299.0,1210.0,1089.0,47.37,Venda Direta / B2B
10832,2024-03-13,65,1010,4,1,420.0,0.15,357.0,240.0,117.0,32.77,Venda Direta / B2B
10833,2023-10-11,32,1007,2,2,1200.0,0.0,2400.0,1500.0,900.0,37.5,Website
10834,2024-07-26,29,1006,3,5,650.0,0.1,2925.0,1950.0,975.0,33.33,Venda Direta / B2B
10835,2025-01-29,117,1003,5,13,350.0,0.05,4322.5,2340.0,1982.5,45.86,Venda Direta / B2B
10836,2024-04-19,71,1003,1,7,350.0,0.05,2327.5,1260.0,1067.5,45.86,Venda Direta / B2B
10837,2025-11-10,68,1009,3,2,550.0,0.1,990.0,640.0,350.0,35.35,Website
10838,2025-09-28,101,1007,3,11,1200.0,0.0,13200.0,8250.0,4950.0,37.5,Venda Direta / B2B
10839,2023-12-21,56,1014,2,15,280.0,0.05,3990.0,1350.0,2640.0,66.17,Venda Direta / B2B
10840,2023-10-28,19,1003,5,2,350.0,0.1,630.0,360.0,270.0,42.86,Website
10841,2023-12-27,10,1001,7,5,4500.0,0.05,21375.0,15500.0,5875.0,27.49,Venda Direta / B2B
10842,2025-07-01,132,1001,8,2,4500.0,0.1,8100.0,6200.0,1900.0,23.46,E-commerce
10843,2025-05-15,139,1003,4,1,350.0,0.1,315.0,180.0,135.0,42.86,Venda Direta / B2B
10844,2023-11-22,92,1018,6,11,95.0,0.1,940.5,495.0,445.5,47.37,Venda Direta / B2B
10845,2023-08-08,94,1003,6,2,350.0,0.05,665.0,360.0,305.0,45.86,Venda Direta / B2B
10846,2025-01-22,142,1006,1,2,650.0,0.05,1235.0,780.0,455.0,36.84,Website
10847,2025-02-18,92,1004,8,2,220.0,0.1,396.0,220.0,176.0,44.44,Website
10848,2025-03-12,10,1005,4,1,850.0,0.15,722.5,520.0,202.5,28.03,Website
10849,2024-04-01,17,1013,5,8,300.0,0.1,2160.0,640.0,1520.0,70.37,Website
10850,2025-09-07,10,1001,6,1,4500.0,0.0,4500.0,3100.0,1400.0,31.11,Venda Direta / B2B
10851,2024-08-18,134,1007,8,3,1200.0,0.15,3060.0,2250.0,810.0,26.47,Website
10852,2024-03-27,10,1003,3,8,350.0,0.0,2800.0,1440.0,1360.0,48.57,Website
10853,2024-10-03,63,1002,3,1,2200.0,0.0,2200.0,1450.0,750.0,34.09,Venda Direta / B2B
10854,2025-07-01,117,1004,3,14,220.0,0.0,3080.0,1540.0,1540.0,50.0,Website
10855,2025-04-28,30,1004,8,10,220.0,0.0,2200.0,1100.0,1100.0,50.0,Website
10856,2023-08-23,110,1007,6,13,1200.0,0.1,14040.0,9750.0,4290.0,30.56,Website
10857,2024-06-16,36,1018,6,14,95.0,0.0,1330.0,630.0,700.0,52.63,Venda Direta / B2B
10858,2024-12-20,17,1011,2,5,12000.0,0.1,54000.0,20000.0,34000.0,62.96,Venda Direta / B2B
10859,2024-01-19,142,1012,3,2,150.0,0.15,255.0,80.0,175.0,68.63,Website
10860,2023-07-08,97,1004,3,1,220.0,0.0,220.0,110.0,110.0,50.0,E-commerce
10861,2023-03-16,23,1006,5,7,650.0,0.1,4095.0,2730.0,1365.0,33.33,Website
10862,2025-02-16,37,1007,5,9,1200.0,0.1,9720.0,6750.0,2970.0,30.56,Venda Direta / B2B
10863,2024-04-02,10,1006,3,12,650.0,0.15,6630.0,4680.0,1950.0,29.41,Venda Direta / B2B
10864,2025-08-16,90,1010,7,1,420.0,0.0,420.0,240.0,180.0,42.86,Website
10865,2024-02-14,25,1017,6,14,45.0,0.15,535.5,210.0,325.5,60.78,Website
10866,2024-03-13,71,1007,1,4,1200.0,0.0,4800.0,3000.0,1800.0,37.5,Venda Direta / B2B
10867,2025-02-12,128,1016,3,3,280.0,0.0,840.0,450.0,390.0,46.43,Website
10868,2023-08-06,73,1012,4,2,150.0,0.05,285.0,80.0,205.0,71.93,E-commerce
10869,2025-01-03,12,1015,2,3,32.0,0.15,81.6,54.0,27.6,33.82,Website
10870,2024-01-27,125,1001,2,2,4500.0,0.1,8100.0,6200.0,1900.0,23.46,Venda Direta / B2B
10871,2024-12-20,108,1011,4,3,12000.0,0.0,36000.0,12000.0,24000.0,66.67,E-commerce
10872,2025-04-05,59,1011,2,4,12000.0,0.1,43200.0,16000.0,27200.0,62.96,Website
10873,2025-06-03,57,1013,2,2,300.0,0.0,600.0,160.0,440.0,73.33,E-commerce
10874,2025-06-19,56,1005,8,3,850.0,0.05,2422.5,1560.0,862.5,35.6,Venda Direta / B2B
10875,2023-12-12,92,1007,5,4,1200.0,0.0,4800.0,3000.0,1800.0,37.5,Venda Direta / B2B
10876,2023-06-17,72,1002,3,2,2200.0,0.1,3960.0,2900.0,1060.0,26.77,Venda Direta / B2B
10877,2024-08-27,57,1011,5,3,12000.0,0.15,30600.0,12000.0,18600.0,60.78,Website
10878,2025-07-02,59,1018,2,7,95.0,0.1,598.5,315.0,283.5,47.37,Website
10879,2025-05-28,122,1007,8,5,1200.0,0.1,5400.0,3750.0,1650.0,30.56,Venda Direta / B2B
10880,2025-03-12,64,1008,6,7,2800.0,0.0,19600.0,12600.0,7000.0,35.71,Website
10881,2025-06-20,147,1005,1,7,850.0,0.0,5950.0,3640.0,2310.0,38.82,Venda Direta / B2B
10882,2025-10-25,9,1017,7,9,45.0,0.1,364.5,135.0,229.5,62.96,Venda Direta / B2B
10883,2025-04-23,116,1004,8,4,220.0,0.15,748.0,440.0,308.0,41.18,Venda Direta / B2B
10884,2025-03-21,56,1014,3,6,280.0,0.0,1680.0,540.0,1140.0,67.86,Venda Direta / B2B
10885,2025-01-22,5,1003,8,11,350.0,0.0,3850.0,1980.0,1870.0,48.57,Venda Direta / B2B
10886,2025-02-22,117,1001,8,13,4500.0,0.1,52650.0,40300.0,12350.0,23.46,Venda Direta / B2B
10887,2024-02-06,119,1012,1,3,150.0,0.1,405.0,120.0,285.0,70.37,Website
10888,2025-06-21,136,1011,1,5,12000.0,0.05,57000.0,20000.0,37000.0,64.91,Venda Direta / B2B
10889,2025-02-19,148,1018,4,13,95.0,0.0,1235.0,585.0,650.0,52.63,Website
10890,2025-01-06,15,1011,6,15,12000.0,0.0,180000.0,60000.0,120000.0,66.67,Venda Direta / B2B
10891,2024-08-01,11,1015,6,2,32.0,0.15,54.4,36.0,18.4,33.82,Website
10892,2025-02-23,53,1018,3,6,95.0,0.15,484.5,270.0,214.5,44.27,Venda Direta / B2B
10893,2023-11-11,149,1016,4,3,280.0,0.05,798.0,450.0,348.0,43.61,Website
10894,2024-07-08,129,1009,7,2,550.0,0.0,1100.0,640.0,460.0,41.82,Website
10895,2024-07-24,125,1015,2,8,32.0,0.15,217.6,144.0,73.6,33.82,Website
10896,2025-02-08,75,1018,8,10,95.0,0.0,950.0,450.0,500.0,52.63,Venda Direta / B2B
10897,2024-02-10,23,1015,2,7,32.0,0.05,212.8,126.0,86.8,40.79,Venda Direta / B2B
10898,2025-08-26,28,1003,3,5,350.0,0.0,1750.0,900.0,850.0,48.57,Venda Direta / B2B
10899,2024-10-20,134,1007,1,2,1200.0,0.15,2040.0,1500.0,540.0,26.47,E-commerce
10900,2025-07-27,89,1016,7,8,280.0,0.0,2240.0,1200.0,1040.0,46.43,Website
10901,2024-05-19,6,1003,4,14,350.0,0.05,4655.0,2520.0,2135.0,45.86,Website
10902,2024-08-22,84,1011,8,10,12000.0,0.15,102000.0,40000.0,62000.0,60.78,Website
10903,2025-05-14,118,1015,5,10,32.0,0.05,304.0,180.0,124.0,40.79,Venda Direta / B2B
10904,2024-01-23,59,1009,8,6,550.0,0.0,3300.0,1920.0,1380.0,41.82,Venda Direta / B2B
10905,2023-12-26,117,1010,3,10,420.0,0.15,3570.0,2400.0,1170.0,32.77,Venda Direta / B2B
10906,2024-05-14,40,1006,3,4,650.0,0.0,2600.0,1560.0,1040.0,40.0,Venda Direta / B2B
10907,2025-11-02,113,1005,5,2,850.0,0.0,1700.0,1040.0,660.0,38.82,Website
10908,2024-12-01,82,1002,6,1,2200.0,0.1,1980.0,1450.0,530.0,26.77,E-commerce
10909,2024-11-17,137,1006,5,2,650.0,0.1,1170.0,780.0,390.0,33.33,Venda Direta / B2B
10910,2025-07-26,118,1005,6,3,850.0,0.15,2167.5,1560.0,607.5,28.03,Venda Direta / B2B
10911,2025-09-21,76,1011,8,15,12000.0,0.15,153000.0,60000.0,93000.0,60.78,Venda Direta / B2B
10912,2025-02-02,87,1015,2,12,32.0,0.0,384.0,216.0,168.0,43.75,Venda Direta / B2B
10913,2023-12-15,30,1018,5,1,95.0,0.15,80.75,45.0,35.75,44.27,Venda Direta / B2B
10914,2025-05-13,92,1015,2,6,32.0,0.15,163.2,108.0,55.2,33.82,Venda Direta / B2B
10915,2025-01-18,57,1017,5,1,45.0,0.0,45.0,15.0,30.0,66.67,Website
10916,2024-11-16,23,1015,7,4,32.0,0.05,121.6,72.0,49.6,40.79,Venda Direta / B2B
10917,2024-12-26,15,1017,6,7,45.0,0.1,283.5,105.0,178.5,62.96,Venda Direta / B2B
10918,2024-07-22,4,1012,5,6,150.0,0.05,855.0,240.0,615.0,71.93,Venda Direta / B2B
10919,2025-09-25,23,1018,4,12,95.0,0.1,1026.0,540.0,486.0,47.37,Venda Direta / B2B
10920,2025-04-19,42,1010,7,3,420.0,0.0,1260.0,720.0,540.0,42.86,E-commerce
10921,2025-05-10,37,1003,4,5,350.0,0.15,1487.5,900.0,587.5,39.5,Venda Direta / B2B
10922,2025-10-13,97,1003,2,1,350.0,0.05,332.5,180.0,152.5,45.86,E-commerce
10923,2024-08-24,119,1018,3,1,95.0,0.1,85.5,45.0,40.5,47.37,Website
10924,2024-05-17,11,1016,5,3,280.0,0.1,756.0,450.0,306.0,40.48,E-commerce
10925,2024-11-29,58,1015,1,13,32.0,0.0,416.0,234.0,182.0,43.75,Venda Direta / B2B
10926,2024-04-23,32,1016,5,7,280.0,0.1,1764.0,1050.0,714.0,40.48,Venda Direta / B2B
10927,2025-07-03,8,1008,2,2,2800.0,0.0,5600.0,3600.0,2000.0,35.71,E-commerce
10928,2024-12-24,149,1012,8,3,150.0,0.05,427.5,120.0,307.5,71.93,E-commerce
10929,2025-01-10,31,1016,6,3,280.0,0.05,798.0,450.0,348.0,43.61,Website
10930,2024-01-13,38,1002,6,8,2200.0,0.0,17600.0,11600.0,6000.0,34.09,Website
10931,2024-07-12,70,1002,6,2,2200.0,0.0,4400.0,2900.0,1500.0,34.09,E-commerce
10932,2024-05-18,20,1017,4,13,45.0,0.0,585.0,195.0,390.0,66.67,Website
10933,2025-03-28,140,1006,6,14,650.0,0.05,8645.0,5460.0,3185.0,36.84,Venda Direta / B2B
10934,2024-05-01,25,1012,6,14,150.0,0.0,2100.0,560.0,1540.0,73.33,Venda Direta / B2B
10935,2023-12-12,96,1010,8,7,420.0,0.0,2940.0,1680.0,1260.0,42.86,Venda Direta / B2B
10936,2023-10-27,129,1005,4,1,850.0,0.1,765.0,520.0,245.0,32.03,Website
10937,2024-09-26,30,1003,3,15,350.0,0.1,4725.0,2700.0,2025.0,42.86,Venda Direta / B2B
10938,2024-07-05,36,1012,8,15,150.0,0.15,1912.5,600.0,1312.5,68.63,Website
10939,2025-03-27,45,1011,5,1,12000.0,0.0,12000.0,4000.0,8000.0,66.67,Website
10940,2023-12-02,59,1005,5,3,850.0,0.0,2550.0,1560.0,990.0,38.82,Venda Direta / B2B
10941,2025-10-01,29,1014,2,1,280.0,0.1,252.0,90.0,162.0,64.29,Venda Direta / B2B
10942,2023-07-12,9,1004,1,8,220.0,0.05,1672.0,880.0,792.0,47.37,Venda Direta / B2B
10943,2023-07-14,3,1010,2,1,420.0,0.15,357.0,240.0,117.0,32.77,Website
10944,2025-06-28,90,1006,1,2,650.0,0.05,1235.0,780.0,455.0,36.84,Venda Direta / B2B
10945,2025-08-14,91,1012,3,3,150.0,0.15,382.5,120.0,262.5,68.63,Website
10946,2024-12-06,149,1004,1,3,220.0,0.0,660.0,330.0,330.0,50.0,Website
10947,2025-09-04,138,1006,1,12,650.0,0.0,7800.0,4680.0,3120.0,40.0,Venda Direta / B2B
10948,2025-07-15,94,1016,3,8,280.0,0.0,2240.0,1200.0,1040.0,46.43,Website
10949,2024-02-02,98,1012,7,4,150.0,0.0,600.0,160.0,440.0,73.33,Website
10950,2024-08-19,32,1011,8,2,12000.0,0.0,24000.0,8000.0,16000.0,66.67,Website
10951,2024-10-19,74,1012,1,1,150.0,0.1,135.0,40.0,95.0,70.37,E-commerce
10952,2023-11-14,117,1010,5,11,420.0,0.0,4620.0,2640.0,1980.0,42.86,Venda Direta / B2B
10953,2024-11-26,110,1010,4,14,420.0,0.1,5292.0,3360.0,1932.0,36.51,Venda Direta / B2B
10954,2025-08-03,46,1012,1,11,150.0,0.0,1650.0,440.0,1210.0,73.33,Venda Direta / B2B
10955,2024-08-11,22,1017,2,3,45.0,0.1,121.5,45.0,76.5,62.96,Venda Direta / B2B
10956,2025-02-18,44,1004,2,2,220.0,0.05,418.0,220.0,198.0,47.37,Website
10957,2024-02-23,32,1013,4,14,300.0,0.1,3780.0,1120.0,2660.0,70.37,Venda Direta / B2B
10958,2024-05-08,103,1009,6,8,550.0,0.15,3740.0,2560.0,1180.0,31.55,Website
10959,2025-08-16,131,1016,5,3,280.0,0.0,840.0,450.0,390.0,46.43,Venda Direta / B2B
10960,2023-11-23,128,1016,4,11,280.0,0.0,3080.0,1650.0,1430.0,46.43,Venda Direta / B2B
10961,2023-10-22,18,1002,8,3,2200.0,0.0,6600.0,4350.0,2250.0,34.09,Website
10962,2024-08-01,40,1011,5,10,12000.0,0.0,120000.0,40000.0,80000.0,66.67,Website
10963,2025-03-25,127,1017,8,1,45.0,0.1,40.5,15.0,25.5,62.96,E-commerce
10964,2024-10-16,139,1009,6,13,550.0,0.15,6077.5,4160.0,1917.5,31.55,Website
10965,2023-05-05,111,1002,2,2,2200.0,0.05,4180.0,2900.0,1280.0,30.62,E-commerce
10966,2025-05-22,118,1015,1,1,32.0,0.15,27.2,18.0,9.2,33.82,Venda Direta / B2B
10967,2025-01-28,43,1010,8,2,420.0,0.05,798.0,480.0,318.0,39.85,Website
10968,2025-03-01,29,1016,8,11,280.0,0.15,2618.0,1650.0,968.0,36.97,Website
10969,2024-12-07,144,1016,3,9,280.0,0.1,2268.0,1350.0,918.0,40.48,Venda Direta / B2B
10970,2024-04-24,91,1013,5,2,300.0,0.0,600.0,160.0,440.0,73.33,Website
10971,2024-12-19,94,1005,6,13,850.0,0.15,9392.5,6760.0,2632.5,28.03,Website
10972,2023-06-03,98,1011,2,7,12000.0,0.05,79800.0,28000.0,51800.0,64.91,Venda Direta / B2B
10973,2024-08-22,63,1002,4,4,2200.0,0.05,8360.0,5800.0,2560.0,30.62,Website
10974,2024-12-20,79,1003,2,2,350.0,0.0,700.0,360.0,340.0,48.57,Website
10975,2024-11-16,118,1002,7,10,2200.0,0.1,19800.0,14500.0,5300.0,26.77,Website
10976,2024-04-27,6,1016,6,7,280.0,0.1,1764.0,1050.0,714.0,40.48,Website
10977,2024-06-14,126,1004,2,12,220.0,0.0,2640.0,1320.0,1320.0,50.0,Website
10978,2024-06-25,87,1017,3,10,45.0,0.05,427.5,150.0,277.5,64.91,Venda Direta / B2B
10979,2025-09-11,128,1007,2,14,1200.0,0.0,16800.0,10500.0,6300.0,37.5,Website
10980,2024-05-15,77,1002,7,13,2200.0,0.15,24310.0,18850.0,5460.0,22.46,Venda Direta / B2B
10981,2025-03-16,149,1003,2,3,350.0,0.05,997.5,540.0,457.5,45.86,E-commerce
10982,2023-08-31,122,1017,7,4,45.0,0.0,180.0,60.0,120.0,66.67,Venda Direta / B2B
10983,2025-01-24,130,1010,5,7,420.0,0.15,2499.0,1680.0,819.0,32.77,Website
10984,2024-06-07,103,1014,5,10,280.0,0.1,2520.0,900.0,1620.0,64.29,Website
10985,2025-02-04,47,1018,1,3,95.0,0.15,242.25,135.0,107.25,44.27,Website
10986,2024-10-22,69,1015,7,15,32.0,0.0,480.0,270.0,210.0,43.75,Website
10987,2024-11-06,119,1012,3,1,150.0,0.05,142.5,40.0,102.5,71.93,Website
10988,2025-05-15,82,1014,2,3,280.0,0.1,756.0,270.0,486.0,64.29,Website
10989,2024-04-27,42,1010,5,3,420.0,0.1,1134.0,720.0,414.0,36.51,Website
10990,2024-04-01,50,1005,1,4,850.0,0.1,3060.0,2080.0,980.0,32.03,Venda Direta / B2B
10991,2024-10-13,109,1014,1,1,280.0,0.05,266.0,90.0,176.0,66.17,Website
10992,2023-12-12,72,1009,3,11,550.0,0.1,5445.0,3520.0,1925.0,35.35,Venda Direta / B2B
10993,2025-04-07,22,1002,6,10,2200.0,0.0,22000.0,14500.0,7500.0,34.09,Venda Direta / B2B
10994,2025-06-27,94,1014,2,7,280.0,0.0,1960.0,630.0,1330.0,67.86,Website
10995,2024-03-29,31,1017,5,2,45.0,0.0,90.0,30.0,60.0,66.67,Website
10996,2024-12-24,85,1011,7,13,12000.0,0.0,156000.0,52000.0,104000.0,66.67,Website
10997,2025-07-30,37,1007,2,3,1200.0,0.05,3420.0,2250.0,1170.0,34.21,Venda Direta / B2B
10998,2024-09-11,15,1009,8,9,550.0,0.0,4950.0,2880.0,2070.0,41.82,Venda Direta / B2B
10999,2024-06-09,122,1014,4,5,280.0,0.05,1330.0,450.0,880.0,66.17,Venda Direta / B2B
11000,2024-10-06,79,1012,1,3,150.0,0.0,450.0,120.0,330.0,73.33,Website
11001,2025-02-15,65,1008,7,5,2800.0,0.05,13300.0,9000.0,4300.0,32.33,Website
11002,2025-06-30,137,1004,4,14,220.0,0.1,2772.0,1540.0,1232.0,44.44,Venda Direta / B2B
11003,2023-03-24,66,1013,5,2,300.0,0.05,570.0,160.0,410.0,71.93,Venda Direta / B2B
11004,2024-03-04,113,1006,6,3,650.0,0.0,1950.0,1170.0,780.0,40.0,E-commerce
11005,2024-05-04,126,1003,8,12,350.0,0.05,3990.0,2160.0,1830.0,45.86,Venda Direta / B2B
11006,2025-03-02,42,1004,5,3,220.0,0.05,627.0,330.0,297.0,47.37,Website
11007,2024-08-29,84,1018,8,12,95.0,0.0,1140.0,540.0,600.0,52.63,Venda Direta / B2B
11008,2025-01-18,114,1006,3,1,650.0,0.0,650.0,390.0,260.0,40.0,Venda Direta / B2B
11009,2025-01-10,148,1011,2,2,12000.0,0.0,24000.0,8000.0,16000.0,66.67,Venda Direta / B2B
11010,2024-11-02,106,1005,6,2,850.0,0.0,1700.0,1040.0,660.0,38.82,E-commerce
11011,2024-04-22,73,1011,4,1,12000.0,0.05,11400.0,4000.0,7400.0,64.91,E-commerce
11012,2024-02-03,147,1013,4,1,300.0,0.15,255.0,80.0,175.0,68.63,Venda Direta / B2B
11013,2025-01-21,23,1008,8,4,2800.0,0.0,11200.0,7200.0,4000.0,35.71,Venda Direta / B2B
11014,2023-07-28,67,1014,3,2,280.0,0.0,560.0,180.0,380.0,67.86,Venda Direta / B2B
11015,2025-08-13,4,1004,7,13,220.0,0.1,2574.0,1430.0,1144.0,44.44,Venda Direta / B2B
11016,2023-11-18,49,1007,5,2,1200.0,0.1,2160.0,1500.0,660.0,30.56,E-commerce
11017,2023-12-04,56,1007,5,12,1200.0,0.0,14400.0,9000.0,5400.0,37.5,Website
11018,2024-08-27,38,1014,1,5,280.0,0.0,1400.0,450.0,950.0,67.86,Venda Direta / B2B
11019,2025-01-04,95,1008,8,2,2800.0,0.1,5040.0,3600.0,1440.0,28.57,Venda Direta / B2B
11020,2023-12-08,102,1011,4,12,12000.0,0.1,129600.0,48000.0,81600.0,62.96,Venda Direta / B2B
11021,2025-03-12,19,1009,2,3,550.0,0.0,1650.0,960.0,690.0,41.82,Website
11022,2024-06-23,121,1008,6,3,2800.0,0.0,8400.0,5400.0,3000.0,35.71,Website
11023,2024-04-15,78,1013,7,11,300.0,0.0,3300.0,880.0,2420.0,73.33,Venda Direta / B2B
11024,2025-09-09,11,1018,3,2,95.0,0.15,161.5,90.0,71.5,44.27,Website
11025,2024-10-18,120,1011,3,2,12000.0,0.15,20400.0,8000.0,12400.0,60.78,Venda Direta / B2B
11026,2024-09-06,30,1009,6,1,550.0,0.1,495.0,320.0,175.0,35.35,Venda Direta / B2B
11027,2025-06-04,93,1009,7,5,550.0,0.15,2337.5,1600.0,737.5,31.55,Venda Direta / B2B
11028,2025-05-06,133,1009,6,7,550.0,0.05,3657.5,2240.0,1417.5,38.76,Venda Direta / B2B
11029,2025-03-13,39,1016,8,1,280.0,0.0,280.0,150.0,130.0,46.43,Venda Direta / B2B
11030,2023-08-07,10,1006,8,5,650.0,0.1,2925.0,1950.0,975.0,33.33,Venda Direta / B2B
11031,2024-09-09,11,1016,8,2,280.0,0.1,504.0,300.0,204.0,40.48,E-commerce
11032,2024-10-18,32,1005,6,2,850.0,0.05,1615.0,1040.0,575.0,35.6,Venda Direta / B2B
11033,2024-02-02,131,1006,5,10,650.0,0.15,5525.0,3900.0,1625.0,29.41,Website
11034,2024-03-06,135,1001,3,7,4500.0,0.0,31500.0,21700.0,9800.0,31.11,Venda Direta / B2B
11035,2025-03-30,85,1004,1,5,220.0,0.0,1100.0,550.0,550.0,50.0,Website
11036,2024-08-09,83,1004,3,1,220.0,0.1,198.0,110.0,88.0,44.44,Venda Direta / B2B
11037,2025-05-07,117,1016,5,10,280.0,0.0,2800.0,1500.0,1300.0,46.43,Website
11038,2024-06-20,116,1002,6,12,2200.0,0.15,22440.0,17400.0,5040.0,22.46,Website
11039,2023-12-03,73,1002,6,1,2200.0,0.15,1870.0,1450.0,420.0,22.46,Website
11040,2025-08-18,24,1013,7,2,300.0,0.0,600.0,160.0,440.0,73.33,Website
11041,2025-09-05,23,1013,1,14,300.0,0.0,4200.0,1120.0,3080.0,73.33,Venda Direta / B2B
11042,2024-08-05,73,1013,3,1,300.0,0.1,270.0,80.0,190.0,70.37,E-commerce
11043,2025-04-18,34,1010,6,11,420.0,0.05,4389.0,2640.0,1749.0,39.85,Venda Direta / B2B
11044,2024-10-31,115,1016,7,8,280.0,0.15,1904.0,1200.0,704.0,36.97,Venda Direta / B2B
11045,2024-12-25,109,1003,6,3,350.0,0.1,945.0,540.0,405.0,42.86,Website
11046,2025-01-12,11,1003,6,2,350.0,0.0,700.0,360.0,340.0,48.57,Website
11047,2025-07-25,135,1017,2,5,45.0,0.1,202.5,75.0,127.5,62.96,Venda Direta / B2B
11048,2023-09-20,77,1016,3,3,280.0,0.05,798.0,450.0,348.0,43.61,Website
11049,2025-05-14,110,1017,5,10,45.0,0.15,382.5,150.0,232.5,60.78,Venda Direta / B2B
11050,2023-09-16,132,1002,2,3,2200.0,0.1,5940.0,4350.0,1590.0,26.77,E-commerce
11051,2023-10-15,91,1009,5,3,550.0,0.15,1402.5,960.0,442.5,31.55,Website
11052,2023-04-30,46,1015,3,14,32.0,0.0,448.0,252.0,196.0,43.75,Venda Direta / B2B
11053,2023-09-27,81,1010,8,13,420.0,0.1,4914.0,3120.0,1794.0,36.51,Website
11054,2025-01-08,88,1009,3,1,550.0,0.0,550.0,320.0,230.0,41.82,Website
11055,2025-03-18,28,1009,7,9,550.0,0.0,4950.0,2880.0,2070.0,41.82,Venda Direta / B2B
11056,2024-08-10,44,1001,8,2,4500.0,0.15,7650.0,6200.0,1450.0,18.95,E-commerce
11057,2025-03-07,93,1010,7,13,420.0,0.0,5460.0,3120.0,2340.0,42.86,Venda Direta / B2B
11058,2023-11-27,49,1001,2,1,4500.0,0.0,4500.0,3100.0,1400.0,31.11,Website
11059,2024-03-03,62,1005,7,3,850.0,0.0,2550.0,1560.0,990.0,38.82,Website
11060,2024-05-27,38,1015,8,7,32.0,0.0,224.0,126.0,98.0,43.75,Venda Direta / B2B
11061,2024-01-16,114,1005,8,8,850.0,0.1,6120.0,4160.0,1960.0,32.03,Venda Direta / B2B
11062,2024-12-15,76,1007,7,1,1200.0,0.0,1200.0,750.0,450.0,37.5,Venda Direta / B2B
11063,2023-10-27,107,1014,8,12,280.0,0.15,2856.0,1080.0,1776.0,62.18,Website
11064,2025-03-09,10,1010,8,7,420.0,0.15,2499.0,1680.0,819.0,32.77,Venda Direta / B2B
11065,2024-12-19,60,1016,1,9,280.0,0.1,2268.0,1350.0,918.0,40.48,Venda Direta / B2B
11066,2024-12-10,17,1018,5,15,95.0,0.1,1282.5,675.0,607.5,47.37,Website
11067,2025-06-18,127,1004,6,2,220.0,0.0,440.0,220.0,220.0,50.0,E-commerce
11068,2024-01-11,121,1007,6,2,1200.0,0.15,2040.0,1500.0,540.0,26.47,Website
11069,2024-03-13,120,1011,3,15,12000.0,0.1,162000.0,60000.0,102000.0,62.96,Venda Direta / B2B
11070,2025-08-28,121,1012,3,3,150.0,0.05,427.5,120.0,307.5,71.93,Website
11071,2025-02-15,124,1003,3,3,350.0,0.0,1050.0,540.0,510.0,48.57,Venda Direta / B2B
11072,2024-12-28,107,1004,8,5,220.0,0.0,1100.0,550.0,550.0,50.0,Venda Direta / B2B
11073,2024-11-28,92,1001,5,6,4500.0,0.0,27000.0,18600.0,8400.0,31.11,Website
11074,2024-01-26,9,1017,2,6,45.0,0.0,270.0,90.0,180.0,66.67,Venda Direta / B2B
11075,2025-01-04,144,1004,4,8,220.0,0.05,1672.0,880.0,792.0,47.37,Venda Direta / B2B
11076,2025-04-08,143,1002,5,15,2200.0,0.15,28050.0,21750.0,6300.0,22.46,Venda Direta / B2B
11077,2024-12-27,13,1004,8,2,220.0,0.0,440.0,220.0,220.0,50.0,Website
11078,2025-04-06,144,1004,1,9,220.0,0.0,1980.0,990.0,990.0,50.0,Venda Direta / B2B
11079,2025-01-11,93,1007,3,12,1200.0,0.1,12960.0,9000.0,3960.0,30.56,Venda Direta / B2B
11080,2025-03-26,26,1016,3,3,280.0,0.05,798.0,450.0,348.0,43.61,E-commerce
11081,2025-04-29,52,1004,8,2,220.0,0.0,440.0,220.0,220.0,50.0,Website
11082,2025-05-09,88,1016,5,3,280.0,0.0,840.0,450.0,390.0,46.43,Website
11083,2024-04-26,93,1014,4,3,280.0,0.1,756.0,270.0,486.0,64.29,Website
11084,2025-04-10,110,1005,7,15,850.0,0.1,11475.0,7800.0,3675.0,32.03,Venda Direta / B2B
11085,2025-08-18,93,1017,1,8,45.0,0.0,360.0,120.0,240.0,66.67,Venda Direta / B2B
11086,2025-03-02,18,1017,2,2,45.0,0.1,81.0,30.0,51.0,62.96,E-commerce
11087,2025-10-03,112,1006,1,2,650.0,0.0,1300.0,780.0,520.0,40.0,Website
11088,2025-06-29,134,1002,5,2,2200.0,0.15,3740.0,2900.0,840.0,22.46,E-commerce
11089,2025-06-06,89,1011,1,14,12000.0,0.15,142800.0,56000.0,86800.0,60.78,Venda Direta / B2B
11090,2024-12-31,104,1005,8,11,850.0,0.15,7947.5,5720.0,2227.5,28.03,Venda Direta / B2B
11091,2025-01-08,89,1015,7,13,32.0,0.05,395.2,234.0,161.2,40.79,Venda Direta / B2B
11092,2023-09-29,86,1018,7,3,95.0,0.15,242.25,135.0,107.25,44.27,Website
11093,2025-10-27,55,1010,2,9,420.0,0.05,3591.0,2160.0,1431.0,39.85,Website
11094,2024-11-05,6,1006,1,15,650.0,0.15,8287.5,5850.0,2437.5,29.41,Website
11095,2024-04-20,109,1010,2,3,420.0,0.05,1197.0,720.0,477.0,39.85,Website
11096,2024-04-21,91,1017,2,1,45.0,0.1,40.5,15.0,25.5,62.96,Website
11097,2024-05-25,117,1001,6,4,4500.0,0.15,15300.0,12400.0,2900.0,18.95,Website
11098,2024-12-03,60,1018,6,5,95.0,0.15,403.75,225.0,178.75,44.27,Venda Direta / B2B
11099,2025-02-05,134,1013,4,1,300.0,0.15,255.0,80.0,175.0,68.63,E-commerce
11100,2024-12-14,117,1012,2,3,150.0,0.1,405.0,120.0,285.0,70.37,Website
11101,2025-05-05,24,1003,1,2,350.0,0.1,630.0,360.0,270.0,42.86,Website
11102,2024-03-09,95,1003,7,10,350.0,0.15,2975.0,1800.0,1175.0,39.5,Website
11103,2025-04-05,150,1009,8,3,550.0,0.1,1485.0,960.0,525.0,35.35,E-commerce
11104,2025-02-14,107,1016,3,3,280.0,0.0,840.0,450.0,390.0,46.43,Website
11105,2024-10-12,34,1015,2,12,32.0,0.1,345.6,216.0,129.6,37.5,Venda Direta / B2B
11106,2024-10-04,144,1006,6,15,650.0,0.15,8287.5,5850.0,2437.5,29.41,Venda Direta / B2B
11107,2025-05-21,31,1004,6,3,220.0,0.0,660.0,330.0,330.0,50.0,E-commerce
11108,2024-11-06,96,1004,5,6,220.0,0.05,1254.0,660.0,594.0,47.37,Venda Direta / B2B
11109,2024-10-13,37,1005,7,1,850.0,0.05,807.5,520.0,287.5,35.6,Venda Direta / B2B
11110,2024-03-09,1,1016,2,3,280.0,0.0,840.0,450.0,390.0,46.43,E-commerce
11111,2025-06-03,124,1014,5,10,280.0,0.05,2660.0,900.0,1760.0,66.17,Venda Direta / B2B
11112,2025-04-06,34,1016,3,9,280.0,0.1,2268.0,1350.0,918.0,40.48,Website
11113,2025-03-26,39,1015,6,2,32.0,0.15,54.4,36.0,18.4,33.82,Website
11114,2024-08-21,102,1008,6,9,2800.0,0.1,22680.0,16200.0,6480.0,28.57,Venda Direta / B2B
11115,2025-03-12,43,1003,1,3,350.0,0.15,892.5,540.0,352.5,39.5,E-commerce
11116,2025-01-20,22,1018,4,10,95.0,0.15,807.5,450.0,357.5,44.27,Website
11117,2025-03-24,49,1017,8,3,45.0,0.0,135.0,45.0,90.0,66.67,Website
11118,2025-01-28,47,1018,1,2,95.0,0.0,190.0,90.0,100.0,52.63,Website
11119,2025-05-06,22,1015,6,7,32.0,0.0,224.0,126.0,98.0,43.75,Website
11120,2024-10-17,88,1001,7,1,4500.0,0.0,4500.0,3100.0,1400.0,31.11,E-commerce
11121,2025-05-26,98,1011,5,2,12000.0,0.0,24000.0,8000.0,16000.0,66.67,Venda Direta / B2B
11122,2024-11-18,37,1010,3,5,420.0,0.0,2100.0,1200.0,900.0,42.86,Venda Direta / B2B
11123,2024-06-01,44,1014,1,3,280.0,0.0,840.0,270.0,570.0,67.86,E-commerce
11124,2023-06-04,77,1002,7,2,2200.0,0.0,4400.0,2900.0,1500.0,34.09,Venda Direta / B2B
11125,2024-08-23,67,1011,7,14,12000.0,0.0,168000.0,56000.0,112000.0,66.67,Venda Direta / B2B
11126,2024-02-25,127,1008,7,1,2800.0,0.0,2800.0,1800.0,1000.0,35.71,E-commerce
11127,2024-06-11,105,1018,2,8,95.0,0.1,684.0,360.0,324.0,47.37,Venda Direta / B2B
11128,2025-01-13,69,1001,2,4,4500.0,0.0,18000.0,12400.0,5600.0,31.11,Website
11129,2024-05-30,115,1014,2,14,280.0,0.15,3332.0,1260.0,2072.0,62.18,Website
11130,2024-02-26,96,1005,3,13,850.0,0.15,9392.5,6760.0,2632.5,28.03,Venda Direta / B2B
11131,2025-08-19,116,1018,1,1,95.0,0.15,80.75,45.0,35.75,44.27,Venda Direta / B2B
11132,2024-05-17,1,1006,1,2,650.0,0.15,1105.0,780.0,325.0,29.41,E-commerce
11133,2024-04-13,90,1013,4,10,300.0,0.05,2850.0,800.0,2050.0,71.93,Website
11134,2023-07-19,145,1018,2,5,95.0,0.1,427.5,225.0,202.5,47.37,Venda Direta / B2B
11135,2025-02-19,143,1005,5,15,850.0,0.0,12750.0,7800.0,4950.0,38.82,Venda Direta / B2B
11136,2024-12-31,88,1011,5,3,12000.0,0.05,34200.0,12000.0,22200.0,64.91,E-commerce
11137,2024-04-08,88,1011,4,2,12000.0,0.0,24000.0,8000.0,16000.0,66.67,E-commerce
11138,2025-07-09,1,1005,8,1,850.0,0.0,850.0,520.0,330.0,38.82,Website
11139,2024-08-23,101,1016,2,13,280.0,0.0,3640.0,1950.0,1690.0,46.43,Website
11140,2024-11-16,32,1015,6,14,32.0,0.15,380.8,252.0,128.8,33.82,Venda Direta / B2B
11141,2024-07-13,3,1006,2,2,650.0,0.0,1300.0,780.0,520.0,40.0,E-commerce
11142,2024-09-15,6,1008,5,11,2800.0,0.05,29260.0,19800.0,9460.0,32.33,Website
11143,2024-02-13,57,1010,4,2,420.0,0.0,840.0,480.0,360.0,42.86,E-commerce
11144,2024-05-10,2,1007,4,14,1200.0,0.1,15120.0,10500.0,4620.0,30.56,Website
11145,2023-11-08,146,1009,8,3,550.0,0.0,1650.0,960.0,690.0,41.82,Website
11146,2025-01-29,17,1006,3,12,650.0,0.0,7800.0,4680.0,3120.0,40.0,Venda Direta / B2B
11147,2024-04-21,134,1008,5,1,2800.0,0.15,2380.0,1800.0,580.0,24.37,Website
11148,2025-01-02,117,1018,1,7,95.0,0.0,665.0,315.0,350.0,52.63,Website
11149,2025-05-22,111,1011,7,2,12000.0,0.15,20400.0,8000.0,12400.0,60.78,Website
11150,2024-09-30,133,1012,1,15,150.0,0.0,2250.0,600.0,1650.0,73.33,Website
11151,2023-07-22,137,1014,8,6,280.0,0.1,1512.0,540.0,972.0,64.29,Venda Direta / B2B
11152,2024-02-17,147,1003,1,12,350.0,0.1,3780.0,2160.0,1620.0,42.86,Venda Direta / B2B
11153,2025-08-26,51,1008,3,6,2800.0,0.0,16800.0,10800.0,6000.0,35.71,Venda Direta / B2B
11154,2025-01-09,8,1004,8,2,220.0,0.15,374.0,220.0,154.0,41.18,Website
11155,2025-04-16,65,1011,4,2,12000.0,0.0,24000.0,8000.0,16000.0,66.67,Venda Direta / B2B
11156,2025-08-27,86,1002,4,1,2200.0,0.0,2200.0,1450.0,750.0,34.09,E-commerce
11157,2025-01-08,22,1004,1,15,220.0,0.1,2970.0,1650.0,1320.0,44.44,Venda Direta / B2B
11158,2024-06-07,33,1003,1,2,350.0,0.05,665.0,360.0,305.0,45.86,Website
11159,2024-12-31,17,1014,2,11,280.0,0.15,2618.0,990.0,1628.0,62.18,Venda Direta / B2B
11160,2023-08-02,103,1013,2,10,300.0,0.0,3000.0,800.0,2200.0,73.33,Venda Direta / B2B
11161,2025-05-30,117,1001,7,8,4500.0,0.15,30600.0,24800.0,5800.0,18.95,Venda Direta / B2B
11162,2025-01-05,7,1011,8,9,12000.0,0.15,91800.0,36000.0,55800.0,60.78,Venda Direta / B2B
11163,2024-02-14,4,1004,2,10,220.0,0.15,1870.0,1100.0,770.0,41.18,Venda Direta / B2B
11164,2023-11-28,66,1017,6,7,45.0,0.15,267.75,105.0,162.75,60.78,Venda Direta / B2B
11165,2024-09-15,36,1008,1,1,2800.0,0.05,2660.0,1800.0,860.0,32.33,Venda Direta / B2B
11166,2024-12-15,92,1017,5,10,45.0,0.0,450.0,150.0,300.0,66.67,Website
11167,2023-12-25,88,1010,5,2,420.0,0.15,714.0,480.0,234.0,32.77,Website
11168,2024-12-16,15,1005,4,9,850.0,0.0,7650.0,4680.0,2970.0,38.82,Website
11169,2024-08-30,52,1007,4,1,1200.0,0.0,1200.0,750.0,450.0,37.5,E-commerce
11170,2025-02-02,85,1015,6,10,32.0,0.1,288.0,180.0,108.0,37.5,Venda Direta / B2B
11171,2024-06-19,117,1004,1,8,220.0,0.0,1760.0,880.0,880.0,50.0,Venda Direta / B2B
11172,2025-01-16,120,1008,4,4,2800.0,0.05,10640.0,7200.0,3440.0,32.33,Venda Direta / B2B
11173,2025-04-22,53,1013,7,3,300.0,0.05,855.0,240.0,615.0,71.93,Venda Direta / B2B
11174,2023-04-03,8,1012,2,1,150.0,0.1,135.0,40.0,95.0,70.37,E-commerce
11175,2024-02-17,12,1012,1,1,150.0,0.05,142.5,40.0,102.5,71.93,Website
11176,2024-01-25,45,1009,6,3,550.0,0.0,1650.0,960.0,690.0,41.82,Website
11177,2024-02-18,68,1006,2,1,650.0,0.1,585.0,390.0,195.0,33.33,Website
11178,2025-01-26,87,1004,4,5,220.0,0.0,1100.0,550.0,550.0,50.0,Venda Direta / B2B
11179,2024-07-22,44,1012,7,3,150.0,0.0,450.0,120.0,330.0,73.33,Website
11180,2023-12-22,49,1005,4,3,850.0,0.05,2422.5,1560.0,862.5,35.6,E-commerce
11181,2024-06-10,63,1014,1,13,280.0,0.15,3094.0,1170.0,1924.0,62.18,Website
11182,2024-02-11,76,1018,3,6,95.0,0.0,570.0,270.0,300.0,52.63,Venda Direta / B2B
11183,2025-01-11,33,1009,8,1,550.0,0.1,495.0,320.0,175.0,35.35,Website
11184,2025-04-12,43,1003,7,3,350.0,0.1,945.0,540.0,405.0,42.86,E-commerce
11185,2024-11-04,83,1006,6,9,650.0,0.1,5265.0,3510.0,1755.0,33.33,Website
11186,2025-03-01,122,1016,5,10,280.0,0.15,2380.0,1500.0,880.0,36.97,Venda Direta / B2B
11187,2025-01-23,57,1007,4,2,1200.0,0.1,2160.0,1500.0,660.0,30.56,Website
11188,2024-03-12,97,1014,3,2,280.0,0.15,476.0,180.0,296.0,62.18,E-commerce
11189,2023-09-30,76,1003,8,9,350.0,0.0,3150.0,1620.0,1530.0,48.57,Venda Direta / B2B
11190,2024-12-15,132,1015,6,2,32.0,0.1,57.6,36.0,21.6,37.5,E-commerce
11191,2024-09-06,128,1012,6,5,150.0,0.0,750.0,200.0,550.0,73.33,Venda Direta / B2B
11192,2024-01-31,68,1008,2,2,2800.0,0.05,5320.0,3600.0,1720.0,32.33,Website
11193,2025-05-14,140,1017,2,13,45.0,0.0,585.0,195.0,390.0,66.67,Venda Direta / B2B
11194,2023-10-21,93,1003,1,9,350.0,0.05,2992.5,1620.0,1372.5,45.86,Venda Direta / B2B
11195,2024-02-19,65,1011,5,12,12000.0,0.05,136800.0,48000.0,88800.0,64.91,Website
11196,2024-02-13,140,1005,5,1,850.0,0.05,807.5,520.0,287.5,35.6,Venda Direta / B2B
11197,2025-05-01,104,1013,1,8,300.0,0.15,2040.0,640.0,1400.0,68.63,Website
11198,2025-10-20,102,1005,4,4,850.0,0.0,3400.0,2080.0,1320.0,38.82,Website
11199,2024-10-05,142,1017,8,3,45.0,0.05,128.25,45.0,83.25,64.91,E-commerce
11200,2025-04-12,49,1011,7,3,12000.0,0.0,36000.0,12000.0,24000.0,66.67,E-commerce
11201,2024-09-10,8,1018,6,1,95.0,0.05,90.25,45.0,45.25,50.14,Website
11202,2025-08-08,128,1001,6,6,4500.0,0.1,24300.0,18600.0,5700.0,23.46,Venda Direta / B2B
11203,2024-09-01,138,1013,5,6,300.0,0.0,1800.0,480.0,1320.0,73.33,Website
11204,2024-12-04,36,1002,3,6,2200.0,0.15,11220.0,8700.0,2520.0,22.46,Website
11205,2025-07-09,98,1013,4,7,300.0,0.15,1785.0,560.0,1225.0,68.63,Venda Direta / B2B
11206,2024-08-03,28,1016,6,10,280.0,0.05,2660.0,1500.0,1160.0,43.61,Venda Direta / B2B
11207,2023-10-13,142,1004,3,1,220.0,0.0,220.0,110.0,110.0,50.0,E-commerce
11208,2024-02-08,99,1003,5,4,350.0,0.05,1330.0,720.0,610.0,45.86,Venda Direta / B2B
11209,2025-01-28,117,1003,1,6,350.0,0.0,2100.0,1080.0,1020.0,48.57,Website
11210,2024-01-23,101,1014,3,2,280.0,0.15,476.0,180.0,296.0,62.18,Venda Direta / B2B
11211,2024-08-27,100,1003,4,1,350.0,0.05,332.5,180.0,152.5,45.86,Website
11212,2024-09-06,41,1016,5,10,280.0,0.15,2380.0,1500.0,880.0,36.97,Venda Direta / B2B
11213,2025-03-02,71,1015,4,1,32.0,0.1,28.8,18.0,10.8,37.5,Venda Direta / B2B
11214,2023-08-25,64,1013,6,15,300.0,0.1,4050.0,1200.0,2850.0,70.37,Website
11215,2024-09-25,24,1002,5,3,2200.0,0.05,6270.0,4350.0,1920.0,30.62,E-commerce
11216,2025-02-20,101,1010,3,7,420.0,0.0,2940.0,1680.0,1260.0,42.86,Venda Direta / B2B
11217,2025-06-27,118,1014,7,15,280.0,0.0,4200.0,1350.0,2850.0,67.86,Website
11218,2025-02-19,101,1004,1,4,220.0,0.05,836.0,440.0,396.0,47.37,Venda Direta / B2B
11219,2025-06-13,75,1018,2,12,95.0,0.0,1140.0,540.0,600.0,52.63,Website
11220,2025-07-05,142,1014,2,2,280.0,0.0,560.0,180.0,380.0,67.86,Website
11221,2024-10-25,105,1011,8,3,12000.0,0.0,36000.0,12000.0,24000.0,66.67,Venda Direta / B2B
11222,2024-10-26,7,1015,2,11,32.0,0.1,316.8,198.0,118.8,37.5,Website
11223,2024-07-30,50,1013,7,1,300.0,0.05,285.0,80.0,205.0,71.93,Venda Direta / B2B
11224,2023-11-13,84,1005,8,8,850.0,0.0,6800.0,4160.0,2640.0,38.82,Venda Direta / B2B
11225,2023-09-26,113,1008,3,2,2800.0,0.0,5600.0,3600.0,2000.0,35.71,E-commerce
11226,2024-01-21,26,1001,3,2,4500.0,0.15,7650.0,6200.0,1450.0,18.95,Website
11227,2025-03-15,20,1006,1,11,650.0,0.0,7150.0,4290.0,2860.0,40.0,Venda Direta / B2B
11228,2024-09-12,56,1006,1,15,650.0,0.15,8287.5,5850.0,2437.5,29.41,Website
11229,2024-03-10,134,1002,2,2,2200.0,0.1,3960.0,2900.0,1060.0,26.77,E-commerce
11230,2023-08-02,13,1001,7,1,4500.0,0.05,4275.0,3100.0,1175.0,27.49,Website
11231,2025-07-05,24,1007,1,2,1200.0,0.0,2400.0,1500.0,900.0,37.5,Website
11232,2024-06-26,17,1007,4,15,1200.0,0.0,18000.0,11250.0,6750.0,37.5,Venda Direta / B2B
11233,2025-03-06,107,1002,2,14,2200.0,0.05,29260.0,20300.0,8960.0,30.62,Venda Direta / B2B
11234,2024-12-01,54,1007,7,7,1200.0,0.0,8400.0,5250.0,3150.0,37.5,Venda Direta / B2B
11235,2024-03-08,83,1012,3,1,150.0,0.05,142.5,40.0,102.5,71.93,Venda Direta / B2B
11236,2023-04-13,118,1007,4,2,1200.0,0.05,2280.0,1500.0,780.0,34.21,Website
11237,2025-01-23,12,1012,2,1,150.0,0.05,142.5,40.0,102.5,71.93,E-commerce
11238,2025-03-29,27,1016,3,5,280.0,0.15,1190.0,750.0,440.0,36.97,Venda Direta / B2B
11239,2024-06-16,35,1013,6,3,300.0,0.05,855.0,240.0,615.0,71.93,Website
11240,2025-09-26,18,1016,6,1,280.0,0.1,252.0,150.0,102.0,40.48,E-commerce
11241,2024-10-29,129,1008,1,1,2800.0,0.15,2380.0,1800.0,580.0,24.37,Website
11242,2025-03-25,80,1004,4,12,220.0,0.0,2640.0,1320.0,1320.0,50.0,Venda Direta / B2B
11243,2025-01-05,36,1002,6,8,2200.0,0.0,17600.0,11600.0,6000.0,34.09,Venda Direta / B2B
11244,2023-12-30,10,1007,4,15,1200.0,0.15,15300.0,11250.0,4050.0,26.47,Website
11245,2025-10-18,85,1015,3,5,32.0,0.0,160.0,90.0,70.0,43.75,Venda Direta / B2B
11246,2024-11-05,74,1014,1,1,280.0,0.05,266.0,90.0,176.0,66.17,E-commerce
11247,2024-04-04,14,1018,4,13,95.0,0.0,1235.0,585.0,650.0,52.63,Website
11248,2024-12-29,134,1013,6,1,300.0,0.0,300.0,80.0,220.0,73.33,E-commerce
11249,2023-08-26,18,1016,4,1,280.0,0.0,280.0,150.0,130.0,46.43,Website
11250,2023-11-28,141,1006,4,4,650.0,0.0,2600.0,1560.0,1040.0,40.0,Website
11251,2024-09-02,80,1015,3,12,32.0,0.0,384.0,216.0,168.0,43.75,Venda Direta / B2B
11252,2024-08-31,78,1008,5,10,2800.0,0.0,28000.0,18000.0,10000.0,35.71,Venda Direta / B2B
11253,2024-05-02,21,1016,6,7,280.0,0.0,1960.0,1050.0,910.0,46.43,Venda Direta / B2B
11254,2024-10-03,130,1014,7,13,280.0,0.1,3276.0,1170.0,2106.0,64.29,Venda Direta / B2B
11255,2023-05-12,110,1013,2,13,300.0,0.15,3315.0,1040.0,2275.0,68.63,Venda Direta / B2B
11256,2024-11-15,45,1018,5,2,95.0,0.05,180.5,90.0,90.5,50.14,E-commerce
11257,2024-09-21,144,1013,8,2,300.0,0.0,600.0,160.0,440.0,73.33,Venda Direta / B2B
11258,2025-03-01,40,1007,4,1,1200.0,0.15,1020.0,750.0,270.0,26.47,Venda Direta / B2B
11259,2025-03-09,126,1012,7,15,150.0,0.1,2025.0,600.0,1425.0,70.37,Venda Direta / B2B
11260,2025-09-13,99,1012,8,5,150.0,0.15,637.5,200.0,437.5,68.63,Website
11261,2023-09-07,32,1002,7,15,2200.0,0.0,33000.0,21750.0,11250.0,34.09,Website
11262,2024-02-16,66,1014,6,9,280.0,0.1,2268.0,810.0,1458.0,64.29,Website
11263,2025-01-14,15,1012,7,15,150.0,0.0,2250.0,600.0,1650.0,73.33,Venda Direta / B2B
11264,2024-04-05,93,1002,1,12,2200.0,0.0,26400.0,17400.0,9000.0,34.09,Website
11265,2024-04-22,38,1015,5,4,32.0,0.15,108.8,72.0,36.8,33.82,Website
11266,2025-08-18,4,1006,2,13,650.0,0.1,7605.0,5070.0,2535.0,33.33,Venda Direta / B2B
11267,2024-08-12,133,1003,4,15,350.0,0.0,5250.0,2700.0,2550.0,48.57,Venda Direta / B2B
11268,2025-05-06,78,1009,7,10,550.0,0.1,4950.0,3200.0,1750.0,35.35,Venda Direta / B2B
11269,2025-03-21,28,1003,6,14,350.0,0.05,4655.0,2520.0,2135.0,45.86,Venda Direta / B2B
11270,2025-03-19,79,1013,1,1,300.0,0.0,300.0,80.0,220.0,73.33,E-commerce
11271,2023-10-18,135,1014,7,11,280.0,0.1,2772.0,990.0,1782.0,64.29,Venda Direta / B2B
11272,2024-01-21,48,1012,3,4,150.0,0.0,600.0,160.0,440.0,73.33,Venda Direta / B2B
11273,2024-10-24,116,1004,4,3,220.0,0.0,660.0,330.0,330.0,50.0,Venda Direta / B2B
11274,2025-03-20,67,1007,7,8,1200.0,0.15,8160.0,6000.0,2160.0,26.47,Website
11275,2023-11-05,21,1006,5,2,650.0,0.0,1300.0,780.0,520.0,40.0,Venda Direta / B2B
11276,2024-05-06,8,1011,4,2,12000.0,0.0,24000.0,8000.0,16000.0,66.67,E-commerce
11277,2023-04-02,2,1009,1,2,550.0,0.15,935.0,640.0,295.0,31.55,Venda Direta / B2B
11278,2025-04-12,134,1013,5,2,300.0,0.05,570.0,160.0,410.0,71.93,E-commerce
11279,2024-12-27,95,1011,6,6,12000.0,0.05,68400.0,24000.0,44400.0,64.91,Venda Direta / B2B
11280,2025-02-01,15,1013,6,14,300.0,0.0,4200.0,1120.0,3080.0,73.33,Venda Direta / B2B
11281,2023-02-21,36,1013,1,10,300.0,0.15,2550.0,800.0,1750.0,68.63,Venda Direta / B2B
11282,2024-05-08,95,1008,8,10,2800.0,0.1,25200.0,18000.0,7200.0,28.57,Website
11283,2024-11-01,1,1007,6,1,1200.0,0.0,1200.0,750.0,450.0,37.5,E-commerce
11284,2025-09-11,114,1011,4,10,12000.0,0.1,108000.0,40000.0,68000.0,62.96,Venda Direta / B2B
11285,2025-03-14,90,1003,7,15,350.0,0.0,5250.0,2700.0,2550.0,48.57,Venda Direta / B2B
11286,2025-03-11,50,1010,3,14,420.0,0.15,4998.0,3360.0,1638.0,32.77,Website
11287,2025-04-08,9,1017,3,8,45.0,0.05,342.0,120.0,222.0,64.91,Venda Direta / B2B
11288,2025-05-08,120,1018,3,15,95.0,0.0,1425.0,675.0,750.0,52.63,Venda Direta / B2B
11289,2024-10-10,62,1018,4,1,95.0,0.0,95.0,45.0,50.0,52.63,Website
11290,2023-10-31,42,1001,6,2,4500.0,0.0,9000.0,6200.0,2800.0,31.11,E-commerce
11291,2025-03-03,32,1016,3,15,280.0,0.1,3780.0,2250.0,1530.0,40.48,Website
11292,2023-10-09,58,1011,2,11,12000.0,0.1,118800.0,44000.0,74800.0,62.96,Venda Direta / B2B
11293,2025-07-06,144,1013,7,13,300.0,0.0,3900.0,1040.0,2860.0,73.33,Venda Direta / B2B
11294,2024-04-20,23,1010,2,2,420.0,0.15,714.0,480.0,234.0,32.77,Venda Direta / B2B
11295,2025-08-01,147,1004,6,3,220.0,0.1,594.0,330.0,264.0,44.44,Venda Direta / B2B
11296,2024-12-10,80,1001,1,10,4500.0,0.0,45000.0,31000.0,14000.0,31.11,Website
11297,2025-05-18,82,1014,6,3,280.0,0.15,714.0,270.0,444.0,62.18,Website
11298,2025-01-31,28,1008,7,1,2800.0,0.1,2520.0,1800.0,720.0,28.57,Website
11299,2024-06-09,57,1010,8,3,420.0,0.0,1260.0,720.0,540.0,42.86,E-commerce
11300,2024-12-25,9,1005,6,5,850.0,0.0,4250.0,2600.0,1650.0,38.82,Website
11301,2024-05-03,56,1016,8,5,280.0,0.1,1260.0,750.0,510.0,40.48,Website
11302,2023-08-15,40,1011,4,14,12000.0,0.0,168000.0,56000.0,112000.0,66.67,Website
11303,2025-02-21,46,1002,8,12,2200.0,0.05,25080.0,17400.0,7680.0,30.62,Venda Direta / B2B
11304,2025-10-08,6,1006,7,6,650.0,0.1,3510.0,2340.0,1170.0,33.33,Venda Direta / B2B
11305,2025-10-22,101,1013,2,9,300.0,0.05,2565.0,720.0,1845.0,71.93,Website
11306,2024-05-11,141,1007,7,2,1200.0,0.05,2280.0,1500.0,780.0,34.21,Venda Direta / B2B
11307,2025-03-21,78,1002,8,11,2200.0,0.15,20570.0,15950.0,4620.0,22.46,Venda Direta / B2B
11308,2023-12-13,75,1016,3,4,280.0,0.0,1120.0,600.0,520.0,46.43,Venda Direta / B2B
11309,2025-03-12,93,1001,2,11,4500.0,0.1,44550.0,34100.0,10450.0,23.46,Venda Direta / B2B
11310,2025-08-16,44,1014,1,1,280.0,0.1,252.0,90.0,162.0,64.29,E-commerce
11311,2024-02-01,31,1002,6,3,2200.0,0.0,6600.0,4350.0,2250.0,34.09,E-commerce
11312,2025-01-09,63,1013,1,2,300.0,0.1,540.0,160.0,380.0,70.37,Venda Direta / B2B
11313,2024-10-15,97,1006,2,2,650.0,0.05,1235.0,780.0,455.0,36.84,E-commerce
11314,2025-01-13,95,1015,1,2,32.0,0.0,64.0,36.0,28.0,43.75,Venda Direta / B2B
11315,2023-11-23,58,1017,1,10,45.0,0.15,382.5,150.0,232.5,60.78,Website
11316,2024-10-09,47,1004,7,2,220.0,0.05,418.0,220.0,198.0,47.37,E-commerce
11317,2024-12-07,84,1004,2,12,220.0,0.0,2640.0,1320.0,1320.0,50.0,Website
11318,2024-08-17,101,1001,8,2,4500.0,0.15,7650.0,6200.0,1450.0,18.95,Website
11319,2024-11-17,54,1004,2,3,220.0,0.0,660.0,330.0,330.0,50.0,Website
11320,2023-03-10,81,1015,2,1,32.0,0.15,27.2,18.0,9.2,33.82,Venda Direta / B2B
11321,2024-02-29,23,1006,5,14,650.0,0.0,9100.0,5460.0,3640.0,40.0,Venda Direta / B2B
11322,2025-09-29,77,1017,6,9,45.0,0.1,364.5,135.0,229.5,62.96,Venda Direta / B2B
11323,2025-09-24,64,1001,5,1,4500.0,0.05,4275.0,3100.0,1175.0,27.49,Website
11324,2025-01-28,36,1015,8,12,32.0,0.15,326.4,216.0,110.4,33.82,Venda Direta / B2B
11325,2025-07-06,138,1012,4,12,150.0,0.0,1800.0,480.0,1320.0,73.33,Venda Direta / B2B
11326,2024-03-31,37,1007,5,14,1200.0,0.0,16800.0,10500.0,6300.0,37.5,Venda Direta / B2B
11327,2024-12-26,92,1007,5,3,1200.0,0.15,3060.0,2250.0,810.0,26.47,Website
11328,2024-08-30,66,1018,5,7,95.0,0.0,665.0,315.0,350.0,52.63,Website
11329,2024-08-14,66,1003,7,12,350.0,0.15,3570.0,2160.0,1410.0,39.5,Venda Direta / B2B
11330,2024-02-26,50,1009,6,10,550.0,0.15,4675.0,3200.0,1475.0,31.55,Website
11331,2024-12-27,40,1014,6,13,280.0,0.1,3276.0,1170.0,2106.0,64.29,Venda Direta / B2B
11332,2023-05-31,20,1008,5,2,2800.0,0.0,5600.0,3600.0,2000.0,35.71,Website
11333,2025-02-11,17,1014,6,11,280.0,0.05,2926.0,990.0,1936.0,66.17,Venda Direta / B2B
11334,2025-07-05,38,1009,4,5,550.0,0.0,2750.0,1600.0,1150.0,41.82,Venda Direta / B2B
11335,2024-07-27,97,1008,2,1,2800.0,0.15,2380.0,1800.0,580.0,24.37,Website
11336,2025-03-08,126,1010,2,9,420.0,0.15,3213.0,2160.0,1053.0,32.77,Venda Direta / B2B
11337,2025-05-31,70,1018,2,1,95.0,0.05,90.25,45.0,45.25,50.14,Website
11338,2025-08-12,47,1013,6,3,300.0,0.1,810.0,240.0,570.0,70.37,E-commerce
11339,2024-12-20,3,1009,3,3,550.0,0.0,1650.0,960.0,690.0,41.82,Website
11340,2024-07-29,14,1009,6,12,550.0,0.15,5610.0,3840.0,1770.0,31.55,Venda Direta / B2B
11341,2024-08-27,47,1015,8,2,32.0,0.15,54.4,36.0,18.4,33.82,E-commerce
11342,2024-05-15,134,1014,4,2,280.0,0.05,532.0,180.0,352.0,66.17,Website
11343,2024-08-18,24,1011,2,1,12000.0,0.0,12000.0,4000.0,8000.0,66.67,Website
11344,2024-01-15,22,1002,5,9,2200.0,0.0,19800.0,13050.0,6750.0,34.09,Venda Direta / B2B
11345,2025-09-01,131,1014,3,8,280.0,0.15,1904.0,720.0,1184.0,62.18,Venda Direta / B2B
11346,2025-02-12,32,1018,7,1,95.0,0.0,95.0,45.0,50.0,52.63,Website
11347,2025-07-06,109,1001,6,1,4500.0,0.15,3825.0,3100.0,725.0,18.95,Website
11348,2024-09-17,135,1006,4,3,650.0,0.05,1852.5,1170.0,682.5,36.84,Venda Direta / B2B
11349,2025-05-12,91,1017,1,2,45.0,0.1,81.0,30.0,51.0,62.96,E-commerce
11350,2024-01-21,87,1004,4,14,220.0,0.0,3080.0,1540.0,1540.0,50.0,Website
11351,2024-05-18,76,1016,5,4,280.0,0.15,952.0,600.0,352.0,36.97,Venda Direta / B2B
11352,2024-08-09,132,1010,1,2,420.0,0.0,840.0,480.0,360.0,42.86,E-commerce
11353,2024-07-11,85,1015,5,6,32.0,0.0,192.0,108.0,84.0,43.75,Venda Direta / B2B
11354,2024-07-06,103,1006,6,1,650.0,0.1,585.0,390.0,195.0,33.33,Venda Direta / B2B
11355,2024-10-17,136,1003,3,7,350.0,0.1,2205.0,1260.0,945.0,42.86,Venda Direta / B2B
11356,2023-03-19,58,1009,8,7,550.0,0.05,3657.5,2240.0,1417.5,38.76,Venda Direta / B2B
11357,2024-07-18,138,1006,5,2,650.0,0.1,1170.0,780.0,390.0,33.33,Venda Direta / B2B
11358,2024-01-11,112,1012,1,2,150.0,0.0,300.0,80.0,220.0,73.33,Website
11359,2024-02-11,35,1002,7,7,2200.0,0.05,14630.0,10150.0,4480.0,30.62,Website
11360,2025-06-28,51,1006,8,11,650.0,0.0,7150.0,4290.0,2860.0,40.0,Venda Direta / B2B
11361,2024-08-29,127,1018,3,2,95.0,0.15,161.5,90.0,71.5,44.27,E-commerce
11362,2025-03-07,34,1013,2,2,300.0,0.0,600.0,160.0,440.0,73.33,Venda Direta / B2B
11363,2024-01-04,4,1017,4,1,45.0,0.05,42.75,15.0,27.75,64.91,Website
11364,2024-09-04,112,1001,8,2,4500.0,0.1,8100.0,6200.0,1900.0,23.46,E-commerce
11365,2023-09-26,64,1014,3,12,280.0,0.0,3360.0,1080.0,2280.0,67.86,Website
11366,2024-04-11,68,1004,4,3,220.0,0.0,660.0,330.0,330.0,50.0,E-commerce
11367,2024-10-05,129,1004,3,1,220.0,0.0,220.0,110.0,110.0,50.0,Website
11368,2023-11-21,10,1013,5,4,300.0,0.1,1080.0,320.0,760.0,70.37,Venda Direta / B2B
11369,2023-05-05,24,1007,1,2,1200.0,0.15,2040.0,1500.0,540.0,26.47,E-commerce
11370,2024-06-01,57,1008,6,2,2800.0,0.0,5600.0,3600.0,2000.0,35.71,E-commerce
11371,2024-10-29,78,1002,2,5,2200.0,0.05,10450.0,7250.0,3200.0,30.62,Venda Direta / B2B
11372,2025-08-08,64,1014,6,15,280.0,0.0,4200.0,1350.0,2850.0,67.86,Venda Direta / B2B
11373,2023-07-08,83,1002,4,5,2200.0,0.05,10450.0,7250.0,3200.0,30.62,Venda Direta / B2B
11374,2025-07-04,111,1004,3,2,220.0,0.05,418.0,220.0,198.0,47.37,E-commerce
11375,2024-06-24,25,1004,1,11,220.0,0.0,2420.0,1210.0,1210.0,50.0,Website
11376,2024-06-21,136,1012,6,4,150.0,0.05,570.0,160.0,410.0,71.93,Website
11377,2024-03-04,23,1013,2,3,300.0,0.15,765.0,240.0,525.0,68.63,Website
11378,2023-11-21,50,1007,8,15,1200.0,0.0,18000.0,11250.0,6750.0,37.5,Venda Direta / B2B
11379,2025-08-06,78,1011,8,13,12000.0,0.15,132600.0,52000.0,80600.0,60.78,Venda Direta / B2B
11380,2025-03-04,33,1002,4,2,2200.0,0.15,3740.0,2900.0,840.0,22.46,E-commerce
11381,2025-09-20,115,1012,2,15,150.0,0.0,2250.0,600.0,1650.0,73.33,Venda Direta / B2B
11382,2024-10-11,129,1017,1,1,45.0,0.0,45.0,15.0,30.0,66.67,E-commerce
11383,2024-05-17,49,1002,7,2,2200.0,0.0,4400.0,2900.0,1500.0,34.09,Website
11384,2024-09-10,99,1017,7,7,45.0,0.05,299.25,105.0,194.25,64.91,Website
11385,2024-03-01,41,1001,4,10,4500.0,0.0,45000.0,31000.0,14000.0,31.11,Website
11386,2025-06-10,117,1017,5,5,45.0,0.05,213.75,75.0,138.75,64.91,Venda Direta / B2B
11387,2025-02-25,31,1018,3,1,95.0,0.15,80.75,45.0,35.75,44.27,Website
11388,2024-04-01,38,1002,5,15,2200.0,0.05,31350.0,21750.0,9600.0,30.62,Venda Direta / B2B
11389,2025-06-06,64,1002,4,9,2200.0,0.0,19800.0,13050.0,6750.0,34.09,Venda Direta / B2B
11390,2025-01-22,84,1012,2,12,150.0,0.05,1710.0,480.0,1230.0,71.93,Website
11391,2025-03-05,76,1014,6,1,280.0,0.0,280.0,90.0,190.0,67.86,Website
11392,2025-05-02,72,1008,3,5,2800.0,0.15,11900.0,9000.0,2900.0,24.37,Venda Direta / B2B
11393,2025-01-27,98,1004,5,14,220.0,0.15,2618.0,1540.0,1078.0,41.18,Website
11394,2024-11-24,57,1015,6,2,32.0,0.15,54.4,36.0,18.4,33.82,Website
11395,2025-01-11,40,1013,8,4,300.0,0.1,1080.0,320.0,760.0,70.37,Website
11396,2024-07-21,24,1016,8,1,280.0,0.0,280.0,150.0,130.0,46.43,E-commerce
11397,2025-04-27,49,1006,8,3,650.0,0.05,1852.5,1170.0,682.5,36.84,Website
11398,2023-05-16,46,1006,7,11,650.0,0.0,7150.0,4290.0,2860.0,40.0,Website
11399,2023-09-04,110,1003,4,8,350.0,0.1,2520.0,1440.0,1080.0,42.86,Website
11400,2023-10-23,36,1017,1,10,45.0,0.1,405.0,150.0,255.0,62.96,Venda Direta / B2B
11401,2024-08-02,4,1004,1,3,220.0,0.0,660.0,330.0,330.0,50.0,Venda Direta / B2B
11402,2024-04-28,3,1001,2,3,4500.0,0.0,13500.0,9300.0,4200.0,31.11,E-commerce
11403,2024-02-25,145,1016,8,14,280.0,0.05,3724.0,2100.0,1624.0,43.61,Venda Direta / B2B
11404,2024-06-22,63,1005,1,9,850.0,0.05,7267.5,4680.0,2587.5,35.6,Website
11405,2025-01-10,6,1004,1,2,220.0,0.05,418.0,220.0,198.0,47.37,Website
11406,2023-10-27,37,1014,1,15,280.0,0.0,4200.0,1350.0,2850.0,67.86,Venda Direta / B2B
11407,2024-03-20,38,1013,6,11,300.0,0.0,3300.0,880.0,2420.0,73.33,Venda Direta / B2B
11408,2025-07-17,29,1013,8,3,300.0,0.0,900.0,240.0,660.0,73.33,Venda Direta / B2B
11409,2023-10-26,92,1010,2,10,420.0,0.0,4200.0,2400.0,1800.0,42.86,Venda Direta / B2B
11410,2024-07-15,12,1003,3,1,350.0,0.15,297.5,180.0,117.5,39.5,E-commerce
11411,2024-06-24,109,1006,3,3,650.0,0.15,1657.5,1170.0,487.5,29.41,E-commerce
11412,2025-04-28,27,1012,5,15,150.0,0.05,2137.5,600.0,1537.5,71.93,Venda Direta / B2B
11413,2025-07-28,1,1003,3,3,350.0,0.05,997.5,540.0,457.5,45.86,Website
11414,2023-12-26,123,1015,2,2,32.0,0.1,57.6,36.0,21.6,37.5,Website
11415,2025-08-28,38,1009,2,6,550.0,0.0,3300.0,1920.0,1380.0,41.82,Venda Direta / B2B
11416,2025-03-29,82,1012,8,2,150.0,0.1,270.0,80.0,190.0,70.37,E-commerce
11417,2024-12-25,36,1011,4,7,12000.0,0.15,71400.0,28000.0,43400.0,60.78,Venda Direta / B2B
11418,2024-10-20,127,1018,4,2,95.0,0.15,161.5,90.0,71.5,44.27,Website
11419,2025-03-01,148,1017,4,12,45.0,0.0,540.0,180.0,360.0,66.67,Venda Direta / B2B
11420,2024-07-15,5,1007,6,9,1200.0,0.0,10800.0,6750.0,4050.0,37.5,Venda Direta / B2B
11421,2025-07-16,90,1002,6,14,2200.0,0.05,29260.0,20300.0,8960.0,30.62,Venda Direta / B2B
11422,2024-09-26,108,1018,4,1,95.0,0.0,95.0,45.0,50.0,52.63,Website
11423,2025-03-18,37,1004,7,12,220.0,0.1,2376.0,1320.0,1056.0,44.44,Venda Direta / B2B
11424,2024-07-23,149,1004,2,2,220.0,0.0,440.0,220.0,220.0,50.0,Website
11425,2023-12-25,21,1005,4,2,850.0,0.15,1445.0,1040.0,405.0,28.03,Venda Direta / B2B
11426,2025-05-07,39,1014,3,8,280.0,0.0,2240.0,720.0,1520.0,67.86,Website
11427,2025-03-19,121,1010,7,3,420.0,0.1,1134.0,720.0,414.0,36.51,E-commerce
11428,2025-04-06,74,1001,2,1,4500.0,0.0,4500.0,3100.0,1400.0,31.11,Website
11429,2024-12-27,129,1006,3,1,650.0,0.1,585.0,390.0,195.0,33.33,E-commerce
11430,2025-02-09,142,1015,5,3,32.0,0.0,96.0,54.0,42.0,43.75,E-commerce
11431,2024-08-31,70,1006,2,3,650.0,0.0,1950.0,1170.0,780.0,40.0,E-commerce
11432,2025-03-16,15,1013,4,7,300.0,0.15,1785.0,560.0,1225.0,68.63,Venda Direta / B2B
11433,2024-12-27,120,1003,8,6,350.0,0.1,1890.0,1080.0,810.0,42.86,Website
11434,2025-05-04,14,1006,6,11,650.0,0.0,7150.0,4290.0,2860.0,40.0,Venda Direta / B2B
11435,2024-04-30,20,1004,6,10,220.0,0.0,2200.0,1100.0,1100.0,50.0,Venda Direta / B2B
11436,2024-04-02,139,1006,2,2,650.0,0.15,1105.0,780.0,325.0,29.41,Venda Direta / B2B
11437,2023-04-08,49,1010,4,3,420.0,0.0,1260.0,720.0,540.0,42.86,Website
11438,2024-04-29,145,1002,8,1,2200.0,0.05,2090.0,1450.0,640.0,30.62,Venda Direta / B2B
11439,2023-10-13,3,1010,6,2,420.0,0.15,714.0,480.0,234.0,32.77,E-commerce
11440,2024-02-17,92,1013,3,12,300.0,0.0,3600.0,960.0,2640.0,73.33,Website
11441,2024-06-21,26,1017,3,1,45.0,0.1,40.5,15.0,25.5,62.96,E-commerce
11442,2024-12-16,75,1002,3,3,2200.0,0.1,5940.0,4350.0,1590.0,26.77,Website
11443,2023-09-20,60,1003,4,13,350.0,0.0,4550.0,2340.0,2210.0,48.57,Website
11444,2025-03-30,129,1006,6,2,650.0,0.05,1235.0,780.0,455.0,36.84,Website
11445,2024-05-18,11,1014,7,1,280.0,0.15,238.0,90.0,148.0,62.18,Website
11446,2024-12-28,146,1005,8,2,850.0,0.0,1700.0,1040.0,660.0,38.82,Venda Direta / B2B
11447,2025-03-29,141,1010,2,8,420.0,0.1,3024.0,1920.0,1104.0,36.51,Venda Direta / B2B
11448,2024-06-07,42,1010,2,2,420.0,0.05,798.0,480.0,318.0,39.85,E-commerce
11449,2023-10-07,118,1006,5,8,650.0,0.1,4680.0,3120.0,1560.0,33.33,Venda Direta / B2B
11450,2025-01-23,32,1005,8,1,850.0,0.05,807.5,520.0,287.5,35.6,Venda Direta / B2B
11451,2024-08-14,113,1005,6,3,850.0,0.05,2422.5,1560.0,862.5,35.6,E-commerce
11452,2023-09-28,130,1014,8,5,280.0,0.0,1400.0,450.0,950.0,67.86,Website
11453,2025-01-06,63,1002,1,3,2200.0,0.05,6270.0,4350.0,1920.0,30.62,Venda Direta / B2B
11454,2024-07-26,19,1013,4,2,300.0,0.0,600.0,160.0,440.0,73.33,E-commerce
11455,2024-07-05,137,1015,8,2,32.0,0.0,64.0,36.0,28.0,43.75,Venda Direta / B2B
11456,2025-03-10,111,1013,4,2,300.0,0.0,600.0,160.0,440.0,73.33,E-commerce
11457,2024-06-10,55,1016,8,2,280.0,0.1,504.0,300.0,204.0,40.48,Venda Direta / B2B
11458,2023-07-02,121,1005,3,3,850.0,0.05,2422.5,1560.0,862.5,35.6,Website
11459,2024-12-05,16,1013,6,13,300.0,0.1,3510.0,1040.0,2470.0,70.37,Venda Direta / B2B
11460,2024-03-07,6,1007,7,5,1200.0,0.0,6000.0,3750.0,2250.0,37.5,Venda Direta / B2B
11461,2023-09-28,71,1003,7,2,350.0,0.1,630.0,360.0,270.0,42.86,Venda Direta / B2B
11462,2025-06-04,55,1017,5,3,45.0,0.0,135.0,45.0,90.0,66.67,Venda Direta / B2B
11463,2025-06-23,88,1014,5,1,280.0,0.05,266.0,90.0,176.0,66.17,Website
11464,2025-08-07,122,1016,3,12,280.0,0.05,3192.0,1800.0,1392.0,43.61,Venda Direta / B2B
11465,2025-07-08,3,1013,4,1,300.0,0.05,285.0,80.0,205.0,71.93,Website
11466,2025-01-31,4,1011,3,15,12000.0,0.0,180000.0,60000.0,120000.0,66.67,Venda Direta / B2B
11467,2024-10-22,30,1011,7,5,12000.0,0.0,60000.0,20000.0,40000.0,66.67,Website
11468,2025-10-17,116,1005,2,1,850.0,0.0,850.0,520.0,330.0,38.82,Venda Direta / B2B
11469,2024-08-28,43,1018,7,1,95.0,0.0,95.0,45.0,50.0,52.63,E-commerce
11470,2025-08-19,95,1001,6,1,4500.0,0.05,4275.0,3100.0,1175.0,27.49,Venda Direta / B2B
11471,2024-10-24,128,1004,8,7,220.0,0.05,1463.0,770.0,693.0,47.37,Venda Direta / B2B
11472,2024-07-08,110,1018,6,2,95.0,0.1,171.0,90.0,81.0,47.37,Venda Direta / B2B
11473,2024-09-03,142,1006,3,3,650.0,0.1,1755.0,1170.0,585.0,33.33,E-commerce
11474,2024-05-13,73,1014,2,1,280.0,0.0,280.0,90.0,190.0,67.86,Website
11475,2025-01-23,27,1014,8,12,280.0,0.15,2856.0,1080.0,1776.0,62.18,Website
11476,2023-10-23,129,1015,1,3,32.0,0.1,86.4,54.0,32.4,37.5,E-commerce
11477,2024-03-06,142,1015,7,1,32.0,0.1,28.8,18.0,10.8,37.5,Website
11478,2025-08-17,119,1012,7,3,150.0,0.0,450.0,120.0,330.0,73.33,E-commerce
11479,2025-08-04,130,1008,5,5,2800.0,0.05,13300.0,9000.0,4300.0,32.33,Website
11480,2024-06-02,62,1014,1,2,280.0,0.0,560.0,180.0,380.0,67.86,Website
11481,2023-06-01,133,1012,6,6,150.0,0.15,765.0,240.0,525.0,68.63,Venda Direta / B2B
11482,2025-10-30,143,1008,7,4,2800.0,0.1,10080.0,7200.0,2880.0,28.57,Website
11483,2025-05-05,33,1014,7,3,280.0,0.1,756.0,270.0,486.0,64.29,Website
11484,2025-06-30,41,1017,7,4,45.0,0.0,180.0,60.0,120.0,66.67,Venda Direta / B2B
11485,2024-10-25,67,1013,3,6,300.0,0.0,1800.0,480.0,1320.0,73.33,Venda Direta / B2B
11486,2023-10-13,3,1014,3,1,280.0,0.15,238.0,90.0,148.0,62.18,Website
11487,2024-07-31,117,1005,6,3,850.0,0.0,2550.0,1560.0,990.0,38.82,Venda Direta / B2B
11488,2024-05-24,63,1018,7,13,95.0,0.0,1235.0,585.0,650.0,52.63,Venda Direta / B2B
11489,2024-05-04,6,1005,2,2,850.0,0.15,1445.0,1040.0,405.0,28.03,Venda Direta / B2B
11490,2023-11-24,73,1005,5,1,850.0,0.0,850.0,520.0,330.0,38.82,Website
11491,2024-10-18,54,1012,7,2,150.0,0.0,300.0,80.0,220.0,73.33,Venda Direta / B2B
11492,2024-08-24,20,1016,4,11,280.0,0.1,2772.0,1650.0,1122.0,40.48,Venda Direta / B2B
11493,2025-06-18,42,1015,3,2,32.0,0.0,64.0,36.0,28.0,43.75,Website
11494,2025-01-28,31,1002,6,2,2200.0,0.15,3740.0,2900.0,840.0,22.46,E-commerce
11495,2024-12-24,41,1001,5,15,4500.0,0.0,67500.0,46500.0,21000.0,31.11,Venda Direta / B2B
11496,2024-12-28,6,1018,3,4,95.0,0.0,380.0,180.0,200.0,52.63,Venda Direta / B2B
11497,2025-06-26,84,1001,3,4,4500.0,0.0,18000.0,12400.0,5600.0,31.11,Venda Direta / B2B
11498,2024-04-28,52,1016,2,2,280.0,0.1,504.0,300.0,204.0,40.48,E-commerce
11499,2025-03-17,112,1016,7,1,280.0,0.0,280.0,150.0,130.0,46.43,E-commerce
11500,2024-02-20,101,1009,2,10,550.0,0.05,5225.0,3200.0,2025.0,38.76,Website
11501,2024-01-16,125,1007,7,15,1200.0,0.1,16200.0,11250.0,4950.0,30.56,Venda Direta / B2B
11502,2024-12-22,82,1009,2,3,550.0,0.1,1485.0,960.0,525.0,35.35,E-commerce
11503,2024-02-22,96,1012,2,8,150.0,0.0,1200.0,320.0,880.0,73.33,Venda Direta / B2B
11504,2025-08-26,105,1009,5,10,550.0,0.15,4675.0,3200.0,1475.0,31.55,Website
11505,2024-07-08,30,1001,3,13,4500.0,0.1,52650.0,40300.0,12350.0,23.46,Venda Direta / B2B
11506,2025-04-12,63,1012,2,4,150.0,0.05,570.0,160.0,410.0,71.93,Website
11507,2024-07-23,32,1011,1,6,12000.0,0.0,72000.0,24000.0,48000.0,66.67,Website
11508,2025-03-02,120,1007,6,15,1200.0,0.15,15300.0,11250.0,4050.0,26.47,Venda Direta / B2B
11509,2023-08-29,55,1010,4,2,420.0,0.05,798.0,480.0,318.0,39.85,Website
11510,2025-03-01,147,1003,7,11,350.0,0.05,3657.5,1980.0,1677.5,45.86,Venda Direta / B2B
11511,2025-04-25,51,1007,1,13,1200.0,0.1,14040.0,9750.0,4290.0,30.56,Venda Direta / B2B
11512,2023-07-22,108,1009,2,1,550.0,0.0,550.0,320.0,230.0,41.82,E-commerce
11513,2024-12-25,61,1013,1,5,300.0,0.15,1275.0,400.0,875.0,68.63,Venda Direta / B2B
11514,2025-10-16,73,1015,3,2,32.0,0.15,54.4,36.0,18.4,33.82,Website
11515,2025-07-13,87,1002,1,2,2200.0,0.0,4400.0,2900.0,1500.0,34.09,Venda Direta / B2B
11516,2025-05-06,78,1014,5,6,280.0,0.1,1512.0,540.0,972.0,64.29,Venda Direta / B2B
11517,2023-09-21,127,1011,1,2,12000.0,0.1,21600.0,8000.0,13600.0,62.96,E-commerce
11518,2024-10-18,96,1004,2,1,220.0,0.0,220.0,110.0,110.0,50.0,Venda Direta / B2B
11519,2025-05-03,27,1005,6,14,850.0,0.1,10710.0,7280.0,3430.0,32.03,Website
11520,2024-03-20,49,1003,6,3,350.0,0.0,1050.0,540.0,510.0,48.57,Website
11521,2024-04-21,29,1002,1,5,2200.0,0.05,10450.0,7250.0,3200.0,30.62,Venda Direta / B2B
11522,2024-06-20,70,1013,3,1,300.0,0.0,300.0,80.0,220.0,73.33,E-commerce
11523,2023-11-29,150,1005,7,3,850.0,0.0,2550.0,1560.0,990.0,38.82,E-commerce
11524,2024-11-05,148,1008,8,11,2800.0,0.05,29260.0,19800.0,9460.0,32.33,Venda Direta / B2B
11525,2024-06-14,58,1016,2,5,280.0,0.0,1400.0,750.0,650.0,46.43,Venda Direta / B2B
11526,2024-07-09,53,1008,2,2,2800.0,0.0,5600.0,3600.0,2000.0,35.71,Venda Direta / B2B
11527,2024-03-06,120,1007,7,4,1200.0,0.0,4800.0,3000.0,1800.0,37.5,Venda Direta / B2B
11528,2024-06-29,132,1017,6,2,45.0,0.0,90.0,30.0,60.0,66.67,E-commerce
11529,2025-05-18,34,1004,4,15,220.0,0.1,2970.0,1650.0,1320.0,44.44,Venda Direta / B2B
11530,2025-09-20,52,1017,7,1,45.0,0.05,42.75,15.0,27.75,64.91,Website
11531,2024-08-30,148,1010,2,3,420.0,0.0,1260.0,720.0,540.0,42.86,Venda Direta / B2B
11532,2025-03-17,5,1008,8,3,2800.0,0.0,8400.0,5400.0,3000.0,35.71,Venda Direta / B2B
11533,2024-10-06,116,1017,6,5,45.0,0.15,191.25,75.0,116.25,60.78,Venda Direta / B2B
11534,2023-09-28,55,1014,3,7,280.0,0.1,1764.0,630.0,1134.0,64.29,Website
11535,2024-10-27,113,1002,5,2,2200.0,0.0,4400.0,2900.0,1500.0,34.09,Website
11536,2025-01-22,50,1014,5,4,280.0,0.0,1120.0,360.0,760.0,67.86,Venda Direta / B2B
11537,2024-12-21,127,1017,7,1,45.0,0.0,45.0,15.0,30.0,66.67,Website
11538,2025-08-27,30,1008,1,15,2800.0,0.15,35700.0,27000.0,8700.0,24.37,Venda Direta / B2B
11539,2024-04-27,137,1003,2,5,350.0,0.15,1487.5,900.0,587.5,39.5,Venda Direta / B2B
11540,2025-02-20,101,1013,7,2,300.0,0.05,570.0,160.0,410.0,71.93,Venda Direta / B2B
11541,2024-10-19,53,1006,6,11,650.0,0.15,6077.5,4290.0,1787.5,29.41,Venda Direta / B2B
11542,2024-05-16,25,1001,3,9,4500.0,0.15,34425.0,27900.0,6525.0,18.95,Website
11543,2024-10-07,62,1010,3,2,420.0,0.0,840.0,480.0,360.0,42.86,Website
11544,2024-02-09,37,1015,1,11,32.0,0.1,316.8,198.0,118.8,37.5,Venda Direta / B2B
11545,2024-06-24,68,1006,2,1,650.0,0.15,552.5,390.0,162.5,29.41,Website
11546,2024-07-08,150,1016,1,2,280.0,0.1,504.0,300.0,204.0,40.48,Website
11547,2023-11-06,146,1001,5,14,4500.0,0.15,53550.0,43400.0,10150.0,18.95,Venda Direta / B2B
11548,2024-10-24,25,1005,2,5,850.0,0.05,4037.5,2600.0,1437.5,35.6,Website
11549,2024-09-20,140,1012,5,11,150.0,0.05,1567.5,440.0,1127.5,71.93,Venda Direta / B2B
11550,2024-07-17,91,1001,5,3,4500.0,0.15,11475.0,9300.0,2175.0,18.95,E-commerce
11551,2025-04-02,29,1016,5,11,280.0,0.0,3080.0,1650.0,1430.0,46.43,Website
11552,2023-12-26,57,1014,3,2,280.0,0.0,560.0,180.0,380.0,67.86,E-commerce
11553,2024-04-06,93,1014,4,12,280.0,0.0,3360.0,1080.0,2280.0,67.86,Venda Direta / B2B
11554,2025-07-16,28,1013,5,15,300.0,0.15,3825.0,1200.0,2625.0,68.63,Website
11555,2025-06-26,135,1015,3,5,32.0,0.05,152.0,90.0,62.0,40.79,Website
11556,2025-06-17,107,1013,5,5,300.0,0.0,1500.0,400.0,1100.0,73.33,Venda Direta / B2B
11557,2024-12-12,32,1011,7,13,12000.0,0.15,132600.0,52000.0,80600.0,60.78,Venda Direta / B2B
11558,2025-09-09,74,1012,2,1,150.0,0.0,150.0,40.0,110.0,73.33,E-commerce
11559,2024-09-30,134,1005,5,3,850.0,0.05,2422.5,1560.0,862.5,35.6,Website
11560,2024-10-13,76,1003,1,8,350.0,0.0,2800.0,1440.0,1360.0,48.57,Venda Direta / B2B
11561,2024-05-12,14,1004,8,5,220.0,0.1,990.0,550.0,440.0,44.44,Venda Direta / B2B
11562,2024-07-08,13,1001,5,1,4500.0,0.05,4275.0,3100.0,1175.0,27.49,E-commerce
11563,2025-04-08,144,1017,3,2,45.0,0.05,85.5,30.0,55.5,64.91,Website
11564,2023-12-19,111,1007,2,2,1200.0,0.0,2400.0,1500.0,900.0,37.5,Website
11565,2024-10-04,64,1012,7,7,150.0,0.0,1050.0,280.0,770.0,73.33,Venda Direta / B2B
11566,2025-06-21,80,1010,3,10,420.0,0.05,3990.0,2400.0,1590.0,39.85,Venda Direta / B2B
11567,2025-04-20,52,1005,5,1,850.0,0.15,722.5,520.0,202.5,28.03,E-commerce
11568,2024-02-22,22,1010,5,10,420.0,0.1,3780.0,2400.0,1380.0,36.51,Website
11569,2024-11-21,112,1013,2,1,300.0,0.05,285.0,80.0,205.0,71.93,E-commerce
11570,2024-10-25,120,1012,6,7,150.0,0.1,945.0,280.0,665.0,70.37,Venda Direta / B2B
11571,2025-08-31,8,1015,1,2,32.0,0.0,64.0,36.0,28.0,43.75,Website
11572,2025-01-02,63,1010,6,3,420.0,0.15,1071.0,720.0,351.0,32.77,Website
11573,2025-06-27,14,1010,7,3,420.0,0.0,1260.0,720.0,540.0,42.86,Venda Direta / B2B
11574,2024-09-27,118,1017,1,2,45.0,0.05,85.5,30.0,55.5,64.91,Venda Direta / B2B
11575,2025-05-06,86,1004,2,2,220.0,0.05,418.0,220.0,198.0,47.37,E-commerce
11576,2025-05-30,150,1004,1,3,220.0,0.15,561.0,330.0,231.0,41.18,Website
11577,2023-12-21,35,1016,4,15,280.0,0.0,4200.0,2250.0,1950.0,46.43,Website
11578,2024-05-27,2,1010,8,10,420.0,0.0,4200.0,2400.0,1800.0,42.86,Website
11579,2023-11-13,40,1001,2,9,4500.0,0.0,40500.0,27900.0,12600.0,31.11,Venda Direta / B2B
11580,2024-02-27,7,1016,8,7,280.0,0.0,1960.0,1050.0,910.0,46.43,Venda Direta / B2B
11581,2024-05-26,48,1016,4,14,280.0,0.05,3724.0,2100.0,1624.0,43.61,Website
11582,2025-05-01,32,1015,7,3,32.0,0.0,96.0,54.0,42.0,43.75,Website
11583,2024-02-06,44,1008,4,2,2800.0,0.05,5320.0,3600.0,1720.0,32.33,E-commerce
11584,2024-05-17,127,1004,6,3,220.0,0.1,594.0,330.0,264.0,44.44,E-commerce
11585,2024-08-03,119,1004,7,2,220.0,0.0,440.0,220.0,220.0,50.0,Website
11586,2024-05-12,145,1004,7,1,220.0,0.05,209.0,110.0,99.0,47.37,Website
11587,2023-06-22,11,1015,6,1,32.0,0.1,28.8,18.0,10.8,37.5,E-commerce
11588,2024-05-06,92,1006,4,6,650.0,0.15,3315.0,2340.0,975.0,29.41,Website
11589,2024-08-07,45,1003,3,2,350.0,0.1,630.0,360.0,270.0,42.86,E-commerce
11590,2025-03-01,72,1005,5,15,850.0,0.0,12750.0,7800.0,4950.0,38.82,Venda Direta / B2B
11591,2025-07-11,97,1016,8,3,280.0,0.15,714.0,450.0,264.0,36.97,Website
11592,2025-02-25,135,1017,5,3,45.0,0.05,128.25,45.0,83.25,64.91,Website
11593,2024-12-18,150,1012,7,1,150.0,0.0,150.0,40.0,110.0,73.33,Website
11594,2025-05-21,60,1006,2,11,650.0,0.1,6435.0,4290.0,2145.0,33.33,Venda Direta / B2B
11595,2025-07-29,83,1016,4,13,280.0,0.0,3640.0,1950.0,1690.0,46.43,Website
11596,2023-10-31,99,1006,7,15,650.0,0.0,9750.0,5850.0,3900.0,40.0,Venda Direta / B2B
11597,2024-12-31,10,1004,2,8,220.0,0.15,1496.0,880.0,616.0,41.18,Venda Direta / B2B
11598,2025-01-12,45,1001,6,1,4500.0,0.1,4050.0,3100.0,950.0,23.46,E-commerce
11599,2023-12-08,52,1018,4,2,95.0,0.1,171.0,90.0,81.0,47.37,E-commerce
11600,2025-02-08,52,1008,3,2,2800.0,0.0,5600.0,3600.0,2000.0,35.71,Website
11601,2024-12-13,53,1004,1,13,220.0,0.0,2860.0,1430.0,1430.0,50.0,Venda Direta / B2B
11602,2024-07-14,146,1014,2,6,280.0,0.15,1428.0,540.0,888.0,62.18,Venda Direta / B2B
11603,2024-10-20,147,1007,8,9,1200.0,0.05,10260.0,6750.0,3510.0,34.21,Venda Direta / B2B
11604,2025-01-04,36,1018,2,8,95.0,0.1,684.0,360.0,324.0,47.37,Venda Direta / B2B
11605,2025-06-06,33,1003,5,1,350.0,0.1,315.0,180.0,135.0,42.86,Website
11606,2024-03-24,85,1018,1,4,95.0,0.05,361.0,180.0,181.0,50.14,Venda Direta / B2B
11607,2024-08-06,18,1012,3,2,150.0,0.15,255.0,80.0,175.0,68.63,Website
11608,2024-12-09,129,1017,5,2,45.0,0.15,76.5,30.0,46.5,60.78,Website
11609,2025-02-19,150,1004,8,2,220.0,0.0,440.0,220.0,220.0,50.0,Website
11610,2024-06-27,52,1009,6,1,550.0,0.0,550.0,320.0,230.0,41.82,Website
11611,2024-11-22,16,1011,4,8,12000.0,0.15,81600.0,32000.0,49600.0,60.78,Venda Direta / B2B
11612,2025-07-01,89,1002,2,7,2200.0,0.15,13090.0,10150.0,2940.0,22.46,Website
11613,2025-07-24,123,1018,3,5,95.0,0.0,475.0,225.0,250.0,52.63,Website
11614,2023-10-29,130,1016,4,11,280.0,0.1,2772.0,1650.0,1122.0,40.48,Venda Direta / B2B
11615,2024-10-07,6,1008,1,1,2800.0,0.15,2380.0,1800.0,580.0,24.37,Venda Direta / B2B
11616,2024-12-29,5,1013,8,1,300.0,0.1,270.0,80.0,190.0,70.37,Venda Direta / B2B
11617,2025-02-18,110,1014,3,2,280.0,0.0,560.0,180.0,380.0,67.86,Venda Direta / B2B
11618,2025-06-24,91,1012,4,2,150.0,0.0,300.0,80.0,220.0,73.33,E-commerce
11619,2024-04-01,3,1003,4,2,350.0,0.0,700.0,360.0,340.0,48.57,Website
11620,2025-06-05,15,1008,2,1,2800.0,0.1,2520.0,1800.0,720.0,28.57,Venda Direta / B2B
11621,2024-02-02,81,1002,6,10,2200.0,0.0,22000.0,14500.0,7500.0,34.09,Website
11622,2025-11-21,102,1005,8,11,850.0,0.0,9350.0,5720.0,3630.0,38.82,Venda Direta / B2B
11623,2023-09-16,53,1018,8,12,95.0,0.05,1083.0,540.0,543.0,50.14,Website
11624,2025-06-25,114,1008,5,6,2800.0,0.05,15960.0,10800.0,5160.0,32.33,Website
11625,2025-06-02,135,1008,5,6,2800.0,0.15,14280.0,10800.0,3480.0,24.37,Website
11626,2024-10-25,89,1002,7,12,2200.0,0.1,23760.0,17400.0,6360.0,26.77,Website
11627,2024-05-09,36,1007,4,5,1200.0,0.15,5100.0,3750.0,1350.0,26.47,Website
11628,2024-03-04,37,1012,1,4,150.0,0.1,540.0,160.0,380.0,70.37,Website
11629,2025-01-23,30,1015,1,8,32.0,0.05,243.2,144.0,99.2,40.79,Venda Direta / B2B
11630,2024-05-07,77,1013,2,1,300.0,0.15,255.0,80.0,175.0,68.63,Venda Direta / B2B
11631,2024-08-02,98,1001,7,8,4500.0,0.0,36000.0,24800.0,11200.0,31.11,Venda Direta / B2B
11632,2024-02-28,111,1006,1,3,650.0,0.0,1950.0,1170.0,780.0,40.0,E-commerce
11633,2024-11-18,7,1012,6,15,150.0,0.15,1912.5,600.0,1312.5,68.63,Venda Direta / B2B
11634,2024-03-10,88,1001,7,2,4500.0,0.0,9000.0,6200.0,2800.0,31.11,Website
11635,2024-11-26,137,1010,8,7,420.0,0.15,2499.0,1680.0,819.0,32.77,Website
11636,2025-03-30,42,1009,7,2,550.0,0.0,1100.0,640.0,460.0,41.82,Website
11637,2025-07-04,71,1009,2,4,550.0,0.05,2090.0,1280.0,810.0,38.76,Website
11638,2024-06-26,10,1013,5,6,300.0,0.05,1710.0,480.0,1230.0,71.93,Venda Direta / B2B
11639,2025-04-07,32,1001,5,10,4500.0,0.05,42750.0,31000.0,11750.0,27.49,Website
11640,2025-05-10,114,1006,8,1,650.0,0.0,650.0,390.0,260.0,40.0,Venda Direta / B2B
11641,2024-09-30,123,1012,4,7,150.0,0.15,892.5,280.0,612.5,68.63,Venda Direta / B2B
11642,2025-08-03,142,1009,6,1,550.0,0.0,550.0,320.0,230.0,41.82,E-commerce
11643,2024-04-19,67,1009,8,3,550.0,0.0,1650.0,960.0,690.0,41.82,Venda Direta / B2B
11644,2023-12-25,60,1002,2,11,2200.0,0.0,24200.0,15950.0,8250.0,34.09,Venda Direta / B2B
11645,2025-02-12,149,1015,6,1,32.0,0.0,32.0,18.0,14.0,43.75,Website
11646,2025-08-18,66,1009,1,11,550.0,0.15,5142.5,3520.0,1622.5,31.55,Venda Direta / B2B
11647,2025-03-02,90,1008,2,2,2800.0,0.1,5040.0,3600.0,1440.0,28.57,Website
11648,2023-11-11,61,1003,4,6,350.0,0.05,1995.0,1080.0,915.0,45.86,Website
11649,2025-05-05,19,1014,7,2,280.0,0.0,560.0,180.0,380.0,67.86,Website
11650,2024-06-17,86,1012,7,3,150.0,0.1,405.0,120.0,285.0,70.37,E-commerce
11651,2025-08-07,8,1010,3,2,420.0,0.05,798.0,480.0,318.0,39.85,Website
11652,2025-07-25,28,1001,4,13,4500.0,0.15,49725.0,40300.0,9425.0,18.95,Venda Direta / B2B
11653,2025-03-01,149,1017,6,1,45.0,0.15,38.25,15.0,23.25,60.78,E-commerce
11654,2023-06-18,98,1005,2,2,850.0,0.15,1445.0,1040.0,405.0,28.03,Venda Direta / B2B
11655,2024-10-25,108,1018,2,3,95.0,0.15,242.25,135.0,107.25,44.27,Website
11656,2024-10-04,134,1017,8,2,45.0,0.0,90.0,30.0,60.0,66.67,E-commerce
11657,2025-05-10,63,1010,6,4,420.0,0.0,1680.0,960.0,720.0,42.86,Venda Direta / B2B
11658,2024-09-22,62,1004,8,3,220.0,0.05,627.0,330.0,297.0,47.37,E-commerce
11659,2023-09-21,130,1018,2,15,95.0,0.1,1282.5,675.0,607.5,47.37,Venda Direta / B2B
11660,2024-12-27,108,1015,4,3,32.0,0.15,81.6,54.0,27.6,33.82,Website
11661,2024-04-07,150,1014,3,3,280.0,0.05,798.0,270.0,528.0,66.17,E-commerce
11662,2024-06-30,21,1004,7,7,220.0,0.0,1540.0,770.0,770.0,50.0,Website
11663,2024-12-10,47,1007,8,1,1200.0,0.0,1200.0,750.0,450.0,37.5,Website
11664,2024-08-27,121,1018,2,1,95.0,0.1,85.5,45.0,40.5,47.37,Website
11665,2023-05-25,19,1006,3,3,650.0,0.1,1755.0,1170.0,585.0,33.33,E-commerce
11666,2024-07-10,143,1013,4,12,300.0,0.0,3600.0,960.0,2640.0,73.33,Venda Direta / B2B
11667,2024-06-26,28,1011,1,2,12000.0,0.05,22800.0,8000.0,14800.0,64.91,Website
11668,2025-08-16,116,1014,7,5,280.0,0.0,1400.0,450.0,950.0,67.86,Venda Direta / B2B
11669,2025-03-11,22,1017,3,15,45.0,0.15,573.75,225.0,348.75,60.78,Venda Direta / B2B
11670,2024-12-20,98,1015,6,8,32.0,0.15,217.6,144.0,73.6,33.82,Venda Direta / B2B
11671,2025-03-05,25,1009,4,5,550.0,0.05,2612.5,1600.0,1012.5,38.76,Venda Direta / B2B
11672,2023-07-25,135,1017,7,5,45.0,0.1,202.5,75.0,127.5,62.96,Venda Direta / B2B
11673,2024-06-11,37,1006,1,14,650.0,0.0,9100.0,5460.0,3640.0,40.0,Website
11674,2024-09-05,148,1009,6,2,550.0,0.05,1045.0,640.0,405.0,38.76,Venda Direta / B2B
11675,2024-01-16,71,1010,8,8,420.0,0.0,3360.0,1920.0,1440.0,42.86,Venda Direta / B2B
11676,2024-05-16,28,1009,4,11,550.0,0.0,6050.0,3520.0,2530.0,41.82,Venda Direta / B2B
11677,2023-10-17,131,1018,3,1,95.0,0.0,95.0,45.0,50.0,52.63,Website
11678,2025-08-28,138,1018,4,1,95.0,0.0,95.0,45.0,50.0,52.63,Venda Direta / B2B
11679,2024-07-22,147,1010,7,12,420.0,0.15,4284.0,2880.0,1404.0,32.77,Venda Direta / B2B
11680,2023-11-28,76,1015,2,12,32.0,0.0,384.0,216.0,168.0,43.75,Website
11681,2024-09-14,127,1014,5,1,280.0,0.05,266.0,90.0,176.0,66.17,Website
11682,2025-03-10,91,1004,2,3,220.0,0.0,660.0,330.0,330.0,50.0,Website
11683,2024-06-18,86,1017,5,2,45.0,0.05,85.5,30.0,55.5,64.91,Website
11684,2025-06-20,111,1002,2,3,2200.0,0.0,6600.0,4350.0,2250.0,34.09,E-commerce
11685,2025-05-14,3,1002,4,1,2200.0,0.0,2200.0,1450.0,750.0,34.09,E-commerce
11686,2025-02-05,121,1009,3,2,550.0,0.1,990.0,640.0,350.0,35.35,Website
11687,2024-05-11,23,1007,4,1,1200.0,0.0,1200.0,750.0,450.0,37.5,Venda Direta / B2B
11688,2024-10-16,46,1007,1,7,1200.0,0.05,7980.0,5250.0,2730.0,34.21,Website
11689,2025-01-01,90,1008,8,9,2800.0,0.0,25200.0,16200.0,9000.0,35.71,Website
11690,2025-06-09,75,1008,8,8,2800.0,0.1,20160.0,14400.0,5760.0,28.57,Website
11691,2024-12-23,124,1018,5,2,95.0,0.0,190.0,90.0,100.0,52.63,Venda Direta / B2B
11692,2025-09-02,108,1010,8,2,420.0,0.1,756.0,480.0,276.0,36.51,Website
11693,2023-11-15,82,1015,2,2,32.0,0.0,64.0,36.0,28.0,43.75,E-commerce
11694,2025-04-02,126,1016,7,11,280.0,0.0,3080.0,1650.0,1430.0,46.43,Venda Direta / B2B
11695,2024-05-19,56,1017,7,1,45.0,0.05,42.75,15.0,27.75,64.91,Website
11696,2024-04-22,106,1011,7,2,12000.0,0.1,21600.0,8000.0,13600.0,62.96,E-commerce
11697,2024-04-22,69,1002,8,12,2200.0,0.05,25080.0,17400.0,7680.0,30.62,Venda Direta / B2B
11698,2025-01-15,79,1002,8,2,2200.0,0.15,3740.0,2900.0,840.0,22.46,Website
11699,2025-06-07,53,1018,2,10,95.0,0.05,902.5,450.0,452.5,50.14,Website
11700,2023-12-02,6,1018,1,13,95.0,0.0,1235.0,585.0,650.0,52.63,Venda Direta / B2B
11701,2025-04-06,91,1011,2,3,12000.0,0.15,30600.0,12000.0,18600.0,60.78,Website
11702,2024-03-04,51,1018,3,14,95.0,0.1,1197.0,630.0,567.0,47.37,Website
11703,2025-05-26,75,1008,3,15,2800.0,0.05,39900.0,27000.0,12900.0,32.33,Venda Direta / B2B
11704,2024-08-23,64,1018,1,1,95.0,0.15,80.75,45.0,35.75,44.27,Venda Direta / B2B
11705,2023-10-27,125,1013,1,3,300.0,0.05,855.0,240.0,615.0,71.93,Venda Direta / B2B
11706,2023-05-26,9,1008,5,12,2800.0,0.1,30240.0,21600.0,8640.0,28.57,Venda Direta / B2B
11707,2025-01-26,70,1005,2,1,850.0,0.15,722.5,520.0,202.5,28.03,Website
11708,2025-03-05,6,1014,1,12,280.0,0.15,2856.0,1080.0,1776.0,62.18,Website
11709,2025-07-14,101,1004,4,14,220.0,0.05,2926.0,1540.0,1386.0,47.37,Website
11710,2025-04-08,132,1014,1,2,280.0,0.1,504.0,180.0,324.0,64.29,E-commerce
11711,2024-02-25,148,1009,8,7,550.0,0.1,3465.0,2240.0,1225.0,35.35,Venda Direta / B2B
11712,2023-10-13,144,1014,5,8,280.0,0.15,1904.0,720.0,1184.0,62.18,Venda Direta / B2B
11713,2024-10-27,5,1013,8,12,300.0,0.05,3420.0,960.0,2460.0,71.93,Venda Direta / B2B
11714,2025-03-27,116,1004,4,10,220.0,0.1,1980.0,1100.0,880.0,44.44,Venda Direta / B2B
11715,2025-03-31,95,1015,8,10,32.0,0.05,304.0,180.0,124.0,40.79,Venda Direta / B2B
11716,2024-06-22,25,1003,3,4,350.0,0.15,1190.0,720.0,470.0,39.5,Venda Direta / B2B
11717,2024-04-12,104,1005,8,9,850.0,0.15,6502.5,4680.0,1822.5,28.03,Website
11718,2025-03-26,127,1002,5,2,2200.0,0.05,4180.0,2900.0,1280.0,30.62,E-commerce
11719,2025-05-09,83,1002,7,14,2200.0,0.05,29260.0,20300.0,8960.0,30.62,Venda Direta / B2B
11720,2025-02-15,126,1018,8,6,95.0,0.0,570.0,270.0,300.0,52.63,Website
11721,2024-06-14,132,1016,2,1,280.0,0.0,280.0,150.0,130.0,46.43,E-commerce
11722,2024-07-26,42,1001,2,1,4500.0,0.1,4050.0,3100.0,950.0,23.46,Website
11723,2025-06-03,10,1004,7,8,220.0,0.15,1496.0,880.0,616.0,41.18,Venda Direta / B2B
11724,2024-10-14,108,1018,7,1,95.0,0.0,95.0,45.0,50.0,52.63,E-commerce
11725,2024-09-08,70,1010,6,3,420.0,0.15,1071.0,720.0,351.0,32.77,E-commerce
11726,2025-01-23,75,1005,4,13,850.0,0.05,10497.5,6760.0,3737.5,35.6,Website
11727,2024-11-04,121,1009,8,1,550.0,0.0,550.0,320.0,230.0,41.82,E-commerce
11728,2024-01-14,3,1016,6,2,280.0,0.0,560.0,300.0,260.0,46.43,Website
11729,2024-10-02,80,1001,4,4,4500.0,0.0,18000.0,12400.0,5600.0,31.11,Website
11730,2024-11-16,25,1011,1,10,12000.0,0.15,102000.0,40000.0,62000.0,60.78,Venda Direta / B2B
11731,2024-01-05,144,1012,4,6,150.0,0.0,900.0,240.0,660.0,73.33,Website
11732,2025-07-23,73,1009,7,3,550.0,0.05,1567.5,960.0,607.5,38.76,E-commerce
11733,2025-01-08,66,1013,4,2,300.0,0.0,600.0,160.0,440.0,73.33,Website
11734,2023-10-27,72,1007,3,5,1200.0,0.0,6000.0,3750.0,2250.0,37.5,Website
11735,2023-11-29,99,1017,6,10,45.0,0.15,382.5,150.0,232.5,60.78,Website
11736,2024-05-07,54,1016,3,1,280.0,0.0,280.0,150.0,130.0,46.43,Venda Direta / B2B
11737,2023-10-10,37,1005,3,8,850.0,0.05,6460.0,4160.0,2300.0,35.6,Venda Direta / B2B
11738,2023-09-18,36,1002,8,7,2200.0,0.1,13860.0,10150.0,3710.0,26.77,Website
11739,2024-06-18,31,1017,4,3,45.0,0.1,121.5,45.0,76.5,62.96,E-commerce
11740,2025-04-02,91,1016,5,3,280.0,0.15,714.0,450.0,264.0,36.97,E-commerce
11741,2023-09-19,43,1007,5,3,1200.0,0.1,3240.0,2250.0,990.0,30.56,Website
11742,2024-11-30,65,1016,2,9,280.0,0.05,2394.0,1350.0,1044.0,43.61,Venda Direta / B2B
11743,2024-01-30,120,1012,6,12,150.0,0.0,1800.0,480.0,1320.0,73.33,Venda Direta / B2B
11744,2025-01-03,98,1007,6,3,1200.0,0.0,3600.0,2250.0,1350.0,37.5,Website
11745,2024-02-18,135,1012,4,1,150.0,0.05,142.5,40.0,102.5,71.93,Website
11746,2024-06-19,65,1012,1,10,150.0,0.0,1500.0,400.0,1100.0,73.33,Venda Direta / B2B
11747,2025-01-21,102,1016,1,12,280.0,0.05,3192.0,1800.0,1392.0,43.61,Website
11748,2024-05-04,147,1002,1,14,2200.0,0.1,27720.0,20300.0,7420.0,26.77,Website
11749,2025-11-16,126,1015,3,8,32.0,0.15,217.6,144.0,73.6,33.82,Website
11750,2025-04-22,95,1002,1,10,2200.0,0.0,22000.0,14500.0,7500.0,34.09,Website
11751,2025-02-23,34,1006,2,7,650.0,0.0,4550.0,2730.0,1820.0,40.0,Venda Direta / B2B
11752,2024-09-14,81,1002,2,14,2200.0,0.05,29260.0,20300.0,8960.0,30.62,Website
11753,2025-10-06,5,1007,6,14,1200.0,0.05,15960.0,10500.0,5460.0,34.21,Website
11754,2025-06-25,94,1006,1,11,650.0,0.1,6435.0,4290.0,2145.0,33.33,Venda Direta / B2B
11755,2025-05-11,17,1002,4,14,2200.0,0.0,30800.0,20300.0,10500.0,34.09,Website
11756,2025-03-08,45,1003,8,1,350.0,0.15,297.5,180.0,117.5,39.5,E-commerce
11757,2024-02-21,105,1017,3,11,45.0,0.0,495.0,165.0,330.0,66.67,Website
11758,2024-06-05,90,1018,2,6,95.0,0.15,484.5,270.0,214.5,44.27,Venda Direta / B2B
11759,2025-05-10,145,1003,8,2,350.0,0.0,700.0,360.0,340.0,48.57,Venda Direta / B2B
11760,2024-02-04,48,1003,6,10,350.0,0.0,3500.0,1800.0,1700.0,48.57,Website
11761,2025-03-29,56,1001,6,8,4500.0,0.0,36000.0,24800.0,11200.0,31.11,Venda Direta / B2B
11762,2024-06-02,34,1007,5,1,1200.0,0.05,1140.0,750.0,390.0,34.21,Venda Direta / B2B
11763,2024-01-30,145,1005,6,7,850.0,0.0,5950.0,3640.0,2310.0,38.82,Venda Direta / B2B
11764,2024-05-03,46,1007,5,5,1200.0,0.1,5400.0,3750.0,1650.0,30.56,Website
11765,2024-04-25,91,1016,6,2,280.0,0.0,560.0,300.0,260.0,46.43,E-commerce
11766,2023-06-29,40,1013,4,12,300.0,0.05,3420.0,960.0,2460.0,71.93,Venda Direta / B2B
11767,2025-01-21,54,1010,6,12,420.0,0.15,4284.0,2880.0,1404.0,32.77,Website
11768,2025-05-06,24,1009,4,2,550.0,0.1,990.0,640.0,350.0,35.35,Website
11769,2024-04-22,133,1004,3,8,220.0,0.1,1584.0,880.0,704.0,44.44,Venda Direta / B2B
11770,2024-12-16,145,1012,7,11,150.0,0.0,1650.0,440.0,1210.0,73.33,Website
11771,2024-06-14,92,1004,1,3,220.0,0.1,594.0,330.0,264.0,44.44,Venda Direta / B2B
11772,2024-06-24,48,1004,6,5,220.0,0.1,990.0,550.0,440.0,44.44,Venda Direta / B2B
11773,2024-11-21,113,1001,8,3,4500.0,0.1,12150.0,9300.0,2850.0,23.46,E-commerce
11774,2024-10-05,65,1008,6,10,2800.0,0.1,25200.0,18000.0,7200.0,28.57,Venda Direta / B2B
11775,2025-02-08,11,1010,4,3,420.0,0.1,1134.0,720.0,414.0,36.51,Website
11776,2024-09-01,148,1009,7,10,550.0,0.0,5500.0,3200.0,2300.0,41.82,Venda Direta / B2B
11777,2024-10-30,135,1010,4,10,420.0,0.0,4200.0,2400.0,1800.0,42.86,Venda Direta / B2B
11778,2025-01-31,24,1002,5,1,2200.0,0.1,1980.0,1450.0,530.0,26.77,E-commerce
11779,2024-08-11,1,1015,3,1,32.0,0.05,30.4,18.0,12.4,40.79,Website
11780,2024-06-02,61,1006,4,7,650.0,0.0,4550.0,2730.0,1820.0,40.0,Venda Direta / B2B
11781,2024-01-02,96,1018,1,8,95.0,0.05,722.0,360.0,362.0,50.14,Venda Direta / B2B
11782,2023-10-23,101,1018,4,15,95.0,0.1,1282.5,675.0,607.5,47.37,Venda Direta / B2B
11783,2025-05-07,25,1008,7,3,2800.0,0.0,8400.0,5400.0,3000.0,35.71,Venda Direta / B2B
11784,2024-08-13,73,1011,7,3,12000.0,0.15,30600.0,12000.0,18600.0,60.78,E-commerce
11785,2023-09-08,7,1016,4,15,280.0,0.0,4200.0,2250.0,1950.0,46.43,Website
11786,2025-03-30,93,1012,6,9,150.0,0.15,1147.5,360.0,787.5,68.63,Venda Direta / B2B
11787,2024-12-24,20,1013,4,3,300.0,0.0,900.0,240.0,660.0,73.33,Venda Direta / B2B
11788,2023-07-16,112,1010,2,2,420.0,0.0,840.0,480.0,360.0,42.86,E-commerce
11789,2024-09-01,80,1010,7,11,420.0,0.0,4620.0,2640.0,1980.0,42.86,Venda Direta / B2B
11790,2024-04-22,46,1014,3,7,280.0,0.15,1666.0,630.0,1036.0,62.18,Website
11791,2025-05-09,22,1015,6,11,32.0,0.0,352.0,198.0,154.0,43.75,Website
11792,2025-01-26,4,1013,3,6,300.0,0.15,1530.0,480.0,1050.0,68.63,Venda Direta / B2B
11793,2024-10-27,3,1015,8,3,32.0,0.1,86.4,54.0,32.4,37.5,E-commerce
11794,2025-04-01,109,1010,5,3,420.0,0.15,1071.0,720.0,351.0,32.77,Website
11795,2025-04-22,129,1015,6,2,32.0,0.15,54.4,36.0,18.4,33.82,E-commerce
11796,2025-09-15,46,1004,7,9,220.0,0.0,1980.0,990.0,990.0,50.0,Venda Direta / B2B
11797,2023-12-29,67,1011,4,9,12000.0,0.1,97200.0,36000.0,61200.0,62.96,Website
11798,2024-09-08,73,1015,1,1,32.0,0.1,28.8,18.0,10.8,37.5,E-commerce
11799,2024-07-20,65,1012,7,6,150.0,0.05,855.0,240.0,615.0,71.93,Website
11800,2025-03-29,139,1001,5,3,4500.0,0.05,12825.0,9300.0,3525.0,27.49,Venda Direta / B2B
11801,2024-08-26,84,1015,5,11,32.0,0.15,299.2,198.0,101.2,33.82,Venda Direta / B2B
11802,2023-11-09,137,1002,7,4,2200.0,0.0,8800.0,5800.0,3000.0,34.09,Venda Direta / B2B
11803,2024-11-14,38,1005,8,7,850.0,0.05,5652.5,3640.0,2012.5,35.6,Venda Direta / B2B
11804,2025-09-15,135,1008,8,1,2800.0,0.05,2660.0,1800.0,860.0,32.33,Venda Direta / B2B
11805,2024-07-24,26,1005,7,3,850.0,0.05,2422.5,1560.0,862.5,35.6,Website
11806,2025-07-22,109,1010,7,1,420.0,0.05,399.0,240.0,159.0,39.85,Website
11807,2025-03-04,111,1003,2,1,350.0,0.05,332.5,180.0,152.5,45.86,E-commerce
11808,2025-01-03,63,1018,1,6,95.0,0.1,513.0,270.0,243.0,47.37,Website
11809,2024-03-09,71,1014,3,5,280.0,0.0,1400.0,450.0,950.0,67.86,Website
11810,2024-12-27,73,1006,5,1,650.0,0.0,650.0,390.0,260.0,40.0,E-commerce
11811,2023-05-08,34,1014,5,5,280.0,0.15,1190.0,450.0,740.0,62.18,Venda Direta / B2B
11812,2025-04-11,25,1011,4,4,12000.0,0.05,45600.0,16000.0,29600.0,64.91,Venda Direta / B2B
11813,2024-03-15,118,1010,7,11,420.0,0.05,4389.0,2640.0,1749.0,39.85,Website
11814,2024-11-18,143,1016,1,6,280.0,0.05,1596.0,900.0,696.0,43.61,Venda Direta / B2B
11815,2024-07-03,39,1015,8,14,32.0,0.1,403.2,252.0,151.2,37.5,Website
11816,2024-03-04,100,1006,5,2,650.0,0.15,1105.0,780.0,325.0,29.41,Website
11817,2025-09-09,144,1016,6,2,280.0,0.15,476.0,300.0,176.0,36.97,Venda Direta / B2B
11818,2024-07-21,81,1010,8,11,420.0,0.0,4620.0,2640.0,1980.0,42.86,Venda Direta / B2B
11819,2024-01-04,91,1006,7,2,650.0,0.05,1235.0,780.0,455.0,36.84,Website
11820,2024-11-28,61,1016,7,15,280.0,0.0,4200.0,2250.0,1950.0,46.43,Website
11821,2024-07-28,25,1004,7,4,220.0,0.0,880.0,440.0,440.0,50.0,Venda Direta / B2B
11822,2024-12-06,41,1006,7,9,650.0,0.05,5557.5,3510.0,2047.5,36.84,Venda Direta / B2B
11823,2025-03-20,72,1014,6,13,280.0,0.0,3640.0,1170.0,2470.0,67.86,Venda Direta / B2B
11824,2025-01-31,129,1011,7,1,12000.0,0.1,10800.0,4000.0,6800.0,62.96,E-commerce
11825,2025-03-23,116,1010,3,15,420.0,0.1,5670.0,3600.0,2070.0,36.51,Venda Direta / B2B
11826,2024-05-16,86,1018,8,3,95.0,0.0,285.0,135.0,150.0,52.63,Website
11827,2024-08-01,108,1014,7,1,280.0,0.15,238.0,90.0,148.0,62.18,Website
11828,2024-03-18,21,1017,7,1,45.0,0.15,38.25,15.0,23.25,60.78,Venda Direta / B2B
11829,2024-04-12,24,1016,6,1,280.0,0.15,238.0,150.0,88.0,36.97,E-commerce
11830,2024-10-30,42,1007,8,2,1200.0,0.0,2400.0,1500.0,900.0,37.5,Website
11831,2024-10-04,83,1007,3,5,1200.0,0.0,6000.0,3750.0,2250.0,37.5,Venda Direta / B2B
11832,2024-03-01,118,1015,4,11,32.0,0.1,316.8,198.0,118.8,37.5,Website
11833,2025-10-21,119,1006,2,3,650.0,0.0,1950.0,1170.0,780.0,40.0,E-commerce
11834,2024-04-07,2,1003,1,11,350.0,0.1,3465.0,1980.0,1485.0,42.86,Website
11835,2025-06-01,99,1016,2,13,280.0,0.05,3458.0,1950.0,1508.0,43.61,Venda Direta / B2B
11836,2025-06-13,31,1018,1,2,95.0,0.0,190.0,90.0,100.0,52.63,E-commerce
11837,2024-05-20,11,1013,6,2,300.0,0.1,540.0,160.0,380.0,70.37,E-commerce
11838,2025-04-10,38,1004,5,13,220.0,0.0,2860.0,1430.0,1430.0,50.0,Website
11839,2025-03-04,106,1012,6,1,150.0,0.1,135.0,40.0,95.0,70.37,Website
11840,2024-03-04,85,1004,2,8,220.0,0.1,1584.0,880.0,704.0,44.44,Website
11841,2025-03-21,88,1009,5,3,550.0,0.05,1567.5,960.0,607.5,38.76,E-commerce
11842,2025-04-10,146,1009,5,10,550.0,0.0,5500.0,3200.0,2300.0,41.82,Venda Direta / B2B
11843,2023-12-26,7,1010,4,15,420.0,0.15,5355.0,3600.0,1755.0,32.77,Venda Direta / B2B
11844,2024-07-16,79,1010,3,3,420.0,0.1,1134.0,720.0,414.0,36.51,E-commerce
11845,2025-02-28,40,1010,3,3,420.0,0.05,1197.0,720.0,477.0,39.85,Website
11846,2025-05-26,59,1009,1,14,550.0,0.15,6545.0,4480.0,2065.0,31.55,Venda Direta / B2B
11847,2024-05-29,67,1001,6,12,4500.0,0.15,45900.0,37200.0,8700.0,18.95,Website
11848,2024-08-18,89,1006,3,10,650.0,0.05,6175.0,3900.0,2275.0,36.84,Website
11849,2024-11-06,125,1013,3,14,300.0,0.1,3780.0,1120.0,2660.0,70.37,Website
11850,2024-01-27,4,1013,2,6,300.0,0.05,1710.0,480.0,1230.0,71.93,Venda Direta / B2B
11851,2024-02-29,72,1005,2,11,850.0,0.05,8882.5,5720.0,3162.5,35.6,Venda Direta / B2B
11852,2024-10-21,135,1001,4,12,4500.0,0.05,51300.0,37200.0,14100.0,27.49,Venda Direta / B2B
11853,2025-01-31,26,1013,6,3,300.0,0.05,855.0,240.0,615.0,71.93,Website
11854,2024-11-26,138,1018,2,13,95.0,0.1,1111.5,585.0,526.5,47.37,Venda Direta / B2B
11855,2024-12-04,63,1008,5,13,2800.0,0.0,36400.0,23400.0,13000.0,35.71,Website
11856,2025-02-15,59,1008,8,3,2800.0,0.15,7140.0,5400.0,1740.0,24.37,Venda Direta / B2B
11857,2024-04-26,24,1009,4,3,550.0,0.0,1650.0,960.0,690.0,41.82,Website
11858,2024-11-06,54,1002,4,4,2200.0,0.15,7480.0,5800.0,1680.0,22.46,Website
11859,2024-10-07,138,1004,1,6,220.0,0.0,1320.0,660.0,660.0,50.0,Website
11860,2024-02-19,114,1004,2,8,220.0,0.0,1760.0,880.0,880.0,50.0,Venda Direta / B2B
11861,2024-11-19,125,1007,5,10,1200.0,0.15,10200.0,7500.0,2700.0,26.47,Venda Direta / B2B
11862,2024-09-04,114,1004,4,10,220.0,0.15,1870.0,1100.0,770.0,41.18,Website
11863,2025-03-23,65,1001,7,10,4500.0,0.1,40500.0,31000.0,9500.0,23.46,Venda Direta / B2B
11864,2025-01-12,130,1011,8,9,12000.0,0.05,102600.0,36000.0,66600.0,64.91,Venda Direta / B2B
11865,2024-04-25,64,1018,6,5,95.0,0.15,403.75,225.0,178.75,44.27,Website
11866,2024-10-24,29,1015,3,8,32.0,0.05,243.2,144.0,99.2,40.79,Venda Direta / B2B
11867,2025-06-21,121,1017,8,1,45.0,0.0,45.0,15.0,30.0,66.67,Website
11868,2025-03-25,25,1010,8,6,420.0,0.15,2142.0,1440.0,702.0,32.77,Website
11869,2025-05-01,28,1007,4,4,1200.0,0.15,4080.0,3000.0,1080.0,26.47,Venda Direta / B2B
11870,2024-05-31,121,1017,2,3,45.0,0.15,114.75,45.0,69.75,60.78,E-commerce
11871,2024-03-04,83,1005,3,4,850.0,0.0,3400.0,2080.0,1320.0,38.82,Venda Direta / B2B
11872,2025-05-21,84,1006,8,11,650.0,0.1,6435.0,4290.0,2145.0,33.33,Website
11873,2025-04-05,59,1009,5,8,550.0,0.05,4180.0,2560.0,1620.0,38.76,Venda Direta / B2B
11874,2023-12-22,91,1011,6,2,12000.0,0.1,21600.0,8000.0,13600.0,62.96,E-commerce
11875,2024-12-02,2,1014,7,1,280.0,0.05,266.0,90.0,176.0,66.17,Venda Direta / B2B
11876,2025-01-20,117,1005,5,1,850.0,0.0,850.0,520.0,330.0,38.82,Website
11877,2024-03-02,76,1009,6,1,550.0,0.1,495.0,320.0,175.0,35.35,Venda Direta / B2B
11878,2025-04-12,143,1011,4,13,12000.0,0.15,132600.0,52000.0,80600.0,60.78,Venda Direta / B2B
11879,2024-10-24,28,1009,2,4,550.0,0.05,2090.0,1280.0,810.0,38.76,Venda Direta / B2B
11880,2025-03-05,12,1016,7,3,280.0,0.0,840.0,450.0,390.0,46.43,E-commerce
11881,2024-05-09,16,1013,2,1,300.0,0.05,285.0,80.0,205.0,71.93,Website
11882,2024-05-05,113,1012,5,1,150.0,0.0,150.0,40.0,110.0,73.33,E-commerce
11883,2025-06-11,84,1003,7,14,350.0,0.0,4900.0,2520.0,2380.0,48.57,Venda Direta / B2B
11884,2024-12-18,144,1007,2,8,1200.0,0.05,9120.0,6000.0,3120.0,34.21,Venda Direta / B2B
11885,2024-12-08,143,1009,5,12,550.0,0.0,6600.0,3840.0,2760.0,41.82,Venda Direta / B2B
11886,2025-04-01,81,1003,6,15,350.0,0.0,5250.0,2700.0,2550.0,48.57,Venda Direta / B2B
11887,2024-02-05,59,1015,8,6,32.0,0.0,192.0,108.0,84.0,43.75,Venda Direta / B2B
11888,2025-02-08,66,1009,1,3,550.0,0.1,1485.0,960.0,525.0,35.35,Venda Direta / B2B
11889,2024-09-02,13,1016,1,3,280.0,0.0,840.0,450.0,390.0,46.43,E-commerce
11890,2024-12-03,130,1002,6,13,2200.0,0.1,25740.0,18850.0,6890.0,26.77,Website
11891,2024-05-11,18,1011,2,3,12000.0,0.15,30600.0,12000.0,18600.0,60.78,Website
11892,2025-04-06,41,1018,2,10,95.0,0.15,807.5,450.0,357.5,44.27,Venda Direta / B2B
11893,2025-01-23,19,1007,7,2,1200.0,0.1,2160.0,1500.0,660.0,30.56,E-commerce
11894,2025-06-18,85,1005,2,3,850.0,0.15,2167.5,1560.0,607.5,28.03,Website
11895,2024-06-28,111,1017,1,2,45.0,0.0,90.0,30.0,60.0,66.67,E-commerce
11896,2025-01-07,5,1013,1,4,300.0,0.1,1080.0,320.0,760.0,70.37,Venda Direta / B2B
11897,2023-12-29,150,1008,6,3,2800.0,0.0,8400.0,5400.0,3000.0,35.71,E-commerce
11898,2025-03-31,148,1012,3,4,150.0,0.0,600.0,160.0,440.0,73.33,Venda Direta / B2B
11899,2024-06-02,7,1004,1,13,220.0,0.15,2431.0,1430.0,1001.0,41.18,Venda Direta / B2B
11900,2024-07-05,84,1003,6,15,350.0,0.0,5250.0,2700.0,2550.0,48.57,Venda Direta / B2B
11901,2024-02-24,109,1006,5,1,650.0,0.05,617.5,390.0,227.5,36.84,Website
11902,2023-06-04,32,1015,7,1,32.0,0.0,32.0,18.0,14.0,43.75,Venda Direta / B2B
11903,2024-07-30,113,1015,7,1,32.0,0.1,28.8,18.0,10.8,37.5,Website
11904,2024-12-18,24,1004,3,3,220.0,0.0,660.0,330.0,330.0,50.0,Website
11905,2025-03-23,126,1004,6,12,220.0,0.1,2376.0,1320.0,1056.0,44.44,Venda Direta / B2B
11906,2024-02-13,130,1003,6,8,350.0,0.15,2380.0,1440.0,940.0,39.5,Venda Direta / B2B
11907,2023-11-09,5,1015,1,7,32.0,0.1,201.6,126.0,75.6,37.5,Venda Direta / B2B
11908,2025-08-31,91,1004,6,2,220.0,0.1,396.0,220.0,176.0,44.44,Website
11909,2025-08-11,59,1010,2,11,420.0,0.1,4158.0,2640.0,1518.0,36.51,Website
11910,2025-06-07,71,1001,6,1,4500.0,0.0,4500.0,3100.0,1400.0,31.11,Venda Direta / B2B
11911,2024-01-29,33,1001,3,1,4500.0,0.0,4500.0,3100.0,1400.0,31.11,E-commerce
11912,2023-08-20,76,1007,6,10,1200.0,0.0,12000.0,7500.0,4500.0,37.5,Venda Direta / B2B
11913,2024-08-28,133,1006,3,12,650.0,0.0,7800.0,4680.0,3120.0,40.0,Website
11914,2024-07-18,42,1004,1,2,220.0,0.05,418.0,220.0,198.0,47.37,Website
11915,2024-08-16,68,1012,6,1,150.0,0.05,142.5,40.0,102.5,71.93,Website
11916,2023-06-07,9,1016,3,15,280.0,0.0,4200.0,2250.0,1950.0,46.43,Venda Direta / B2B
11917,2024-11-17,44,1017,3,1,45.0,0.05,42.75,15.0,27.75,64.91,Website
11918,2025-06-25,108,1003,2,1,350.0,0.1,315.0,180.0,135.0,42.86,E-commerce
11919,2025-10-06,113,1018,3,3,95.0,0.05,270.75,135.0,135.75,50.14,Website
11920,2024-10-06,33,1009,6,3,550.0,0.15,1402.5,960.0,442.5,31.55,E-commerce
11921,2025-02-02,123,1004,8,12,220.0,0.0,2640.0,1320.0,1320.0,50.0,Website
11922,2023-11-28,34,1017,3,4,45.0,0.0,180.0,60.0,120.0,66.67,Website
11923,2025-03-16,73,1013,2,1,300.0,0.05,285.0,80.0,205.0,71.93,Website
11924,2024-02-06,85,1010,8,11,420.0,0.15,3927.0,2640.0,1287.0,32.77,Website
11925,2024-11-02,34,1009,6,7,550.0,0.0,3850.0,2240.0,1610.0,41.82,Venda Direta / B2B
11926,2024-12-12,99,1002,1,13,2200.0,0.0,28600.0,18850.0,9750.0,34.09,Venda Direta / B2B
11927,2023-04-22,61,1002,3,7,2200.0,0.0,15400.0,10150.0,5250.0,34.09,Venda Direta / B2B
11928,2024-12-07,89,1016,4,11,280.0,0.1,2772.0,1650.0,1122.0,40.48,Website
11929,2024-09-20,117,1007,5,9,1200.0,0.0,10800.0,6750.0,4050.0,37.5,Venda Direta / B2B
11930,2025-03-17,87,1017,6,15,45.0,0.05,641.25,225.0,416.25,64.91,Venda Direta / B2B
11931,2024-06-29,141,1016,8,11,280.0,0.05,2926.0,1650.0,1276.0,43.61,Venda Direta / B2B
11932,2025-03-27,17,1009,6,7,550.0,0.0,3850.0,2240.0,1610.0,41.82,Website
11933,2025-09-04,25,1005,4,8,850.0,0.0,6800.0,4160.0,2640.0,38.82,Venda Direta / B2B
11934,2024-11-24,33,1010,6,2,420.0,0.1,756.0,480.0,276.0,36.51,E-commerce
11935,2024-11-26,130,1003,3,7,350.0,0.0,2450.0,1260.0,1190.0,48.57,Website
11936,2023-12-18,5,1008,4,12,2800.0,0.05,31920.0,21600.0,10320.0,32.33,Website
11937,2024-11-08,145,1005,1,13,850.0,0.05,10497.5,6760.0,3737.5,35.6,Website
11938,2024-11-17,43,1017,6,1,45.0,0.0,45.0,15.0,30.0,66.67,Website
11939,2025-01-14,39,1008,7,14,2800.0,0.05,37240.0,25200.0,12040.0,32.33,Venda Direta / B2B
11940,2023-07-26,76,1013,7,15,300.0,0.1,4050.0,1200.0,2850.0,70.37,Website
11941,2025-06-22,83,1015,3,12,32.0,0.0,384.0,216.0,168.0,43.75,Venda Direta / B2B
11942,2023-09-13,80,1018,4,15,95.0,0.15,1211.25,675.0,536.25,44.27,Website
11943,2024-12-21,16,1003,7,3,350.0,0.1,945.0,540.0,405.0,42.86,Venda Direta / B2B
11944,2025-05-01,101,1008,3,11,2800.0,0.1,27720.0,19800.0,7920.0,28.57,Venda Direta / B2B
11945,2024-12-19,90,1008,2,4,2800.0,0.0,11200.0,7200.0,4000.0,35.71,Venda Direta / B2B
11946,2025-06-21,150,1004,3,1,220.0,0.0,220.0,110.0,110.0,50.0,E-commerce
11947,2025-02-05,3,1011,2,3,12000.0,0.15,30600.0,12000.0,18600.0,60.78,E-commerce
11948,2023-10-27,60,1016,8,5,280.0,0.15,1190.0,750.0,440.0,36.97,Venda Direta / B2B
11949,2025-03-16,40,1015,2,15,32.0,0.05,456.0,270.0,186.0,40.79,Website
11950,2025-06-07,98,1002,5,2,2200.0,0.1,3960.0,2900.0,1060.0,26.77,Website
11951,2024-09-01,125,1006,5,4,650.0,0.0,2600.0,1560.0,1040.0,40.0,Website
11952,2023-10-06,62,1012,8,3,150.0,0.1,405.0,120.0,285.0,70.37,E-commerce
11953,2023-08-11,72,1004,5,15,220.0,0.15,2805.0,1650.0,1155.0,41.18,Venda Direta / B2B
11954,2024-06-19,92,1009,2,1,550.0,0.1,495.0,320.0,175.0,35.35,Venda Direta / B2B
11955,2024-04-05,57,1016,7,3,280.0,0.0,840.0,450.0,390.0,46.43,E-commerce
11956,2025-11-16,144,1016,7,10,280.0,0.1,2520.0,1500.0,1020.0,40.48,Website
11957,2023-07-11,26,1004,2,1,220.0,0.05,209.0,110.0,99.0,47.37,Website
11958,2024-12-12,101,1014,1,6,280.0,0.1,1512.0,540.0,972.0,64.29,Website
11959,2025-05-21,10,1017,7,14,45.0,0.1,567.0,210.0,357.0,62.96,Website
11960,2025-02-03,56,1001,3,1,4500.0,0.05,4275.0,3100.0,1175.0,27.49,Website
11961,2023-10-21,8,1014,8,2,280.0,0.05,532.0,180.0,352.0,66.17,E-commerce
11962,2024-07-08,71,1008,8,13,2800.0,0.05,34580.0,23400.0,11180.0,32.33,Venda Direta / B2B
11963,2024-09-24,42,1009,4,3,550.0,0.1,1485.0,960.0,525.0,35.35,E-commerce
11964,2025-03-22,128,1006,2,6,650.0,0.15,3315.0,2340.0,975.0,29.41,Venda Direta / B2B
11965,2024-11-16,82,1008,5,1,2800.0,0.1,2520.0,1800.0,720.0,28.57,Website
11966,2024-06-06,48,1016,7,4,280.0,0.1,1008.0,600.0,408.0,40.48,Venda Direta / B2B
11967,2024-07-07,93,1015,3,3,32.0,0.0,96.0,54.0,42.0,43.75,Venda Direta / B2B
11968,2023-11-08,130,1010,5,13,420.0,0.15,4641.0,3120.0,1521.0,32.77,Website
11969,2024-01-30,51,1003,2,2,350.0,0.15,595.0,360.0,235.0,39.5,Website
11970,2025-07-10,68,1013,3,3,300.0,0.15,765.0,240.0,525.0,68.63,E-commerce
11971,2024-07-09,99,1005,2,14,850.0,0.05,11305.0,7280.0,4025.0,35.6,Website
11972,2025-01-01,83,1003,4,8,350.0,0.0,2800.0,1440.0,1360.0,48.57,Venda Direta / B2B
11973,2024-11-22,7,1009,8,4,550.0,0.0,2200.0,1280.0,920.0,41.82,Website
11974,2024-04-07,113,1008,4,1,2800.0,0.05,2660.0,1800.0,860.0,32.33,Website
11975,2024-04-06,124,1001,8,7,4500.0,0.15,26775.0,21700.0,5075.0,18.95,Website
11976,2025-11-23,106,1007,3,3,1200.0,0.15,3060.0,2250.0,810.0,26.47,E-commerce
11977,2025-06-17,67,1013,6,13,300.0,0.1,3510.0,1040.0,2470.0,70.37,Venda Direta / B2B
11978,2024-07-22,82,1008,6,1,2800.0,0.05,2660.0,1800.0,860.0,32.33,Website
11979,2025-05-27,138,1008,3,2,2800.0,0.1,5040.0,3600.0,1440.0,28.57,Website
11980,2024-11-14,59,1004,6,12,220.0,0.15,2244.0,1320.0,924.0,41.18,Website
11981,2025-04-30,120,1008,5,10,2800.0,0.1,25200.0,18000.0,7200.0,28.57,Venda Direta / B2B
11982,2025-01-05,112,1016,2,1,280.0,0.15,238.0,150.0,88.0,36.97,Website
11983,2024-09-17,89,1002,8,14,2200.0,0.0,30800.0,20300.0,10500.0,34.09,Website
11984,2023-08-24,17,1012,5,10,150.0,0.0,1500.0,400.0,1100.0,73.33,Venda Direta / B2B
11985,2025-02-28,111,1016,3,2,280.0,0.1,504.0,300.0,204.0,40.48,Website
11986,2024-06-04,85,1010,4,10,420.0,0.1,3780.0,2400.0,1380.0,36.51,Website
11987,2023-12-21,81,1018,1,10,95.0,0.05,902.5,450.0,452.5,50.14,Venda Direta / B2B
11988,2024-12-17,17,1003,7,12,350.0,0.0,4200.0,2160.0,2040.0,48.57,Venda Direta / B2B
11989,2024-04-11,47,1006,1,3,650.0,0.0,1950.0,1170.0,780.0,40.0,E-commerce
11990,2024-06-22,104,1004,7,13,220.0,0.1,2574.0,1430.0,1144.0,44.44,Venda Direta / B2B
11991,2025-02-18,88,1005,3,1,850.0,0.05,807.5,520.0,287.5,35.6,E-commerce
11992,2024-01-29,65,1014,8,2,280.0,0.05,532.0,180.0,352.0,66.17,Venda Direta / B2B
11993,2024-08-15,90,1008,2,6,2800.0,0.0,16800.0,10800.0,6000.0,35.71,Venda Direta / B2B
11994,2024-11-07,16,1001,1,11,4500.0,0.0,49500.0,34100.0,15400.0,31.11,Venda Direta / B2B
11995,2024-01-19,4,1017,1,6,45.0,0.05,256.5,90.0,166.5,64.91,Venda Direta / B2B
11996,2023-06-05,18,1012,3,1,150.0,0.0,150.0,40.0,110.0,73.33,E-commerce
11997,2024-11-14,25,1012,3,10,150.0,0.15,1275.0,400.0,875.0,68.63,Venda Direta / B2B
11998,2024-01-29,46,1015,3,14,32.0,0.0,448.0,252.0,196.0,43.75,Venda Direta / B2B
11999,2025-01-07,31,1018,5,2,95.0,0.05,180.5,90.0,90.5,50.14,Website
12000,2025-02-11,43,1017,2,2,45.0,0.15,76.5,30.0,46.5,60.78,Website
12001,2024-01-04,117,1011,7,13,12000.0,0.0,156000.0,52000.0,104000.0,66.67,Venda Direta / B2B
12002,2025-02-03,87,1003,4,6,350.0,0.0,2100.0,1080.0,1020.0,48.57,Venda Direta / B2B
12003,2025-08-29,49,1016,7,1,280.0,0.0,280.0,150.0,130.0,46.43,E-commerce
12004,2025-07-12,26,1016,2,3,280.0,0.15,714.0,450.0,264.0,36.97,E-commerce
12005,2024-12-02,134,1018,7,3,95.0,0.05,270.75,135.0,135.75,50.14,Website
12006,2024-06-12,51,1015,5,11,32.0,0.1,316.8,198.0,118.8,37.5,Venda Direta / B2B
12007,2024-09-08,126,1003,1,8,350.0,0.05,2660.0,1440.0,1220.0,45.86,Venda Direta / B2B
12008,2024-12-01,79,1013,8,2,300.0,0.15,510.0,160.0,350.0,68.63,Website
12009,2025-05-07,23,1007,5,15,1200.0,0.15,15300.0,11250.0,4050.0,26.47,Website
12010,2024-11-19,13,1011,1,1,12000.0,0.1,10800.0,4000.0,6800.0,62.96,E-commerce
12011,2024-02-10,14,1018,7,12,95.0,0.15,969.0,540.0,429.0,44.27,Website
12012,2025-05-19,95,1017,1,15,45.0,0.0,675.0,225.0,450.0,66.67,Venda Direta / B2B
12013,2024-09-23,57,1006,6,1,650.0,0.1,585.0,390.0,195.0,33.33,Website
12014,2024-02-29,12,1001,7,1,4500.0,0.05,4275.0,3100.0,1175.0,27.49,Website
12015,2023-03-06,85,1008,3,7,2800.0,0.05,18620.0,12600.0,6020.0,32.33,Venda Direta / B2B
12016,2025-07-13,12,1013,3,1,300.0,0.15,255.0,80.0,175.0,68.63,Website
12017,2025-02-03,147,1014,5,4,280.0,0.05,1064.0,360.0,704.0,66.17,Website
12018,2024-08-20,107,1001,7,7,4500.0,0.0,31500.0,21700.0,9800.0,31.11,Venda Direta / B2B
12019,2025-04-28,65,1016,1,11,280.0,0.1,2772.0,1650.0,1122.0,40.48,Website
12020,2023-07-11,33,1015,4,1,32.0,0.0,32.0,18.0,14.0,43.75,Website
12021,2024-01-08,18,1016,3,3,280.0,0.0,840.0,450.0,390.0,46.43,E-commerce
12022,2025-08-08,102,1009,5,9,550.0,0.05,4702.5,2880.0,1822.5,38.76,Venda Direta / B2B
12023,2025-05-23,28,1009,2,7,550.0,0.0,3850.0,2240.0,1610.0,41.82,Venda Direta / B2B
12024,2024-11-26,52,1016,3,3,280.0,0.1,756.0,450.0,306.0,40.48,Website
12025,2024-10-08,59,1004,1,14,220.0,0.0,3080.0,1540.0,1540.0,50.0,Venda Direta / B2B
12026,2023-09-28,62,1003,7,3,350.0,0.1,945.0,540.0,405.0,42.86,E-commerce
12027,2025-03-13,11,1015,4,1,32.0,0.0,32.0,18.0,14.0,43.75,E-commerce
12028,2024-12-05,88,1005,5,1,850.0,0.1,765.0,520.0,245.0,32.03,E-commerce
12029,2024-02-23,101,1002,7,3,2200.0,0.15,5610.0,4350.0,1260.0,22.46,Venda Direta / B2B
12030,2023-08-24,50,1006,6,11,650.0,0.1,6435.0,4290.0,2145.0,33.33,Website
12031,2023-05-29,18,1015,4,3,32.0,0.15,81.6,54.0,27.6,33.82,E-commerce
12032,2024-01-11,82,1018,1,1,95.0,0.1,85.5,45.0,40.5,47.37,Website
12033,2024-11-03,44,1001,6,2,4500.0,0.0,9000.0,6200.0,2800.0,31.11,Website
12034,2025-06-28,2,1008,7,1,2800.0,0.0,2800.0,1800.0,1000.0,35.71,Website
12035,2025-04-26,58,1004,1,10,220.0,0.0,2200.0,1100.0,1100.0,50.0,Website
12036,2023-05-12,147,1016,7,5,280.0,0.15,1190.0,750.0,440.0,36.97,Website
12037,2024-08-04,126,1008,5,6,2800.0,0.1,15120.0,10800.0,4320.0,28.57,Website
12038,2024-10-08,117,1005,6,4,850.0,0.05,3230.0,2080.0,1150.0,35.6,Venda Direta / B2B
12039,2025-01-15,100,1006,5,1,650.0,0.0,650.0,390.0,260.0,40.0,E-commerce
12040,2024-09-05,37,1010,1,8,420.0,0.15,2856.0,1920.0,936.0,32.77,Venda Direta / B2B
12041,2025-05-21,33,1013,6,1,300.0,0.1,270.0,80.0,190.0,70.37,E-commerce
12042,2025-06-13,116,1015,8,7,32.0,0.05,212.8,126.0,86.8,40.79,Venda Direta / B2B
12043,2024-06-27,35,1013,4,4,300.0,0.0,1200.0,320.0,880.0,73.33,Venda Direta / B2B
12044,2024-12-05,119,1012,7,2,150.0,0.0,300.0,80.0,220.0,73.33,E-commerce
12045,2024-08-08,28,1016,8,5,280.0,0.1,1260.0,750.0,510.0,40.48,Website
12046,2023-07-30,87,1007,3,11,1200.0,0.15,11220.0,8250.0,2970.0,26.47,Venda Direta / B2B
12047,2024-09-06,7,1015,4,7,32.0,0.0,224.0,126.0,98.0,43.75,Website
12048,2024-05-03,103,1005,4,3,850.0,0.05,2422.5,1560.0,862.5,35.6,Venda Direta / B2B
12049,2024-10-01,125,1005,6,10,850.0,0.15,7225.0,5200.0,2025.0,28.03,Website
12050,2025-03-12,25,1002,2,2,2200.0,0.0,4400.0,2900.0,1500.0,34.09,Venda Direta / B2B
12051,2025-07-15,85,1002,2,6,2200.0,0.0,13200.0,8700.0,4500.0,34.09,Venda Direta / B2B
12052,2025-03-16,79,1007,2,2,1200.0,0.15,2040.0,1500.0,540.0,26.47,E-commerce
12053,2025-07-01,122,1015,6,12,32.0,0.05,364.8,216.0,148.8,40.79,Venda Direta / B2B
12054,2024-05-29,41,1018,3,3,95.0,0.0,285.0,135.0,150.0,52.63,Venda Direta / B2B
12055,2024-11-12,41,1014,8,12,280.0,0.0,3360.0,1080.0,2280.0,67.86,Venda Direta / B2B
12056,2025-09-22,114,1005,2,13,850.0,0.0,11050.0,6760.0,4290.0,38.82,Venda Direta / B2B
12057,2025-06-11,98,1016,8,3,280.0,0.15,714.0,450.0,264.0,36.97,Venda Direta / B2B
12058,2025-02-14,113,1012,3,2,150.0,0.1,270.0,80.0,190.0,70.37,Website
12059,2025-08-12,87,1012,2,15,150.0,0.0,2250.0,600.0,1650.0,73.33,Venda Direta / B2B
12060,2024-01-29,101,1010,3,2,420.0,0.0,840.0,480.0,360.0,42.86,Website
12061,2025-08-31,75,1011,2,6,12000.0,0.1,64800.0,24000.0,40800.0,62.96,Website
12062,2023-04-29,44,1014,6,2,280.0,0.15,476.0,180.0,296.0,62.18,Website
12063,2024-05-09,7,1017,8,6,45.0,0.0,270.0,90.0,180.0,66.67,Venda Direta / B2B
12064,2025-01-23,68,1010,8,2,420.0,0.0,840.0,480.0,360.0,42.86,E-commerce
12065,2024-05-03,21,1015,6,9,32.0,0.0,288.0,162.0,126.0,43.75,Venda Direta / B2B
12066,2025-06-05,147,1001,1,5,4500.0,0.0,22500.0,15500.0,7000.0,31.11,Venda Direta / B2B
12067,2025-07-01,100,1013,1,3,300.0,0.1,810.0,240.0,570.0,70.37,E-commerce
12068,2024-06-25,109,1017,7,3,45.0,0.0,135.0,45.0,90.0,66.67,E-commerce
12069,2025-08-08,142,1009,4,2,550.0,0.05,1045.0,640.0,405.0,38.76,E-commerce
12070,2023-09-27,22,1015,6,14,32.0,0.0,448.0,252.0,196.0,43.75,Website
12071,2023-05-22,28,1005,4,2,850.0,0.05,1615.0,1040.0,575.0,35.6,Venda Direta / B2B
12072,2023-08-27,23,1008,2,1,2800.0,0.0,2800.0,1800.0,1000.0,35.71,Website
12073,2025-03-12,19,1011,3,3,12000.0,0.05,34200.0,12000.0,22200.0,64.91,E-commerce
12074,2025-04-09,32,1004,1,12,220.0,0.0,2640.0,1320.0,1320.0,50.0,Venda Direta / B2B
12075,2025-07-13,48,1003,2,12,350.0,0.0,4200.0,2160.0,2040.0,48.57,Venda Direta / B2B
12076,2024-09-06,54,1008,1,12,2800.0,0.1,30240.0,21600.0,8640.0,28.57,Venda Direta / B2B
12077,2024-06-12,50,1017,8,14,45.0,0.1,567.0,210.0,357.0,62.96,Venda Direta / B2B
12078,2024-12-28,121,1006,5,3,650.0,0.1,1755.0,1170.0,585.0,33.33,Website
12079,2024-02-06,21,1001,3,4,4500.0,0.0,18000.0,12400.0,5600.0,31.11,Venda Direta / B2B
12080,2025-06-09,32,1007,2,4,1200.0,0.05,4560.0,3000.0,1560.0,34.21,Venda Direta / B2B
12081,2025-03-23,42,1008,7,3,2800.0,0.15,7140.0,5400.0,1740.0,24.37,E-commerce
12082,2024-08-22,56,1010,7,5,420.0,0.0,2100.0,1200.0,900.0,42.86,Venda Direta / B2B
12083,2024-11-11,73,1009,3,1,550.0,0.0,550.0,320.0,230.0,41.82,Website
12084,2024-10-18,111,1002,2,3,2200.0,0.0,6600.0,4350.0,2250.0,34.09,E-commerce
12085,2025-09-24,82,1003,6,3,350.0,0.15,892.5,540.0,352.5,39.5,Website
12086,2024-04-23,116,1011,6,12,12000.0,0.05,136800.0,48000.0,88800.0,64.91,Venda Direta / B2B
12087,2024-10-22,81,1016,4,4,280.0,0.0,1120.0,600.0,520.0,46.43,Website
12088,2023-07-13,105,1012,8,15,150.0,0.05,2137.5,600.0,1537.5,71.93,Venda Direta / B2B
12089,2025-07-18,119,1013,8,2,300.0,0.0,600.0,160.0,440.0,73.33,Website
12090,2025-03-13,108,1013,1,1,300.0,0.1,270.0,80.0,190.0,70.37,E-commerce
12091,2025-10-21,103,1005,6,1,850.0,0.0,850.0,520.0,330.0,38.82,Venda Direta / B2B
12092,2023-12-30,56,1006,2,1,650.0,0.1,585.0,390.0,195.0,33.33,Venda Direta / B2B
12093,2023-12-28,51,1011,1,8,12000.0,0.0,96000.0,32000.0,64000.0,66.67,Venda Direta / B2B
12094,2024-05-29,72,1018,4,4,95.0,0.15,323.0,180.0,143.0,44.27,Venda Direta / B2B
12095,2025-03-05,112,1014,3,2,280.0,0.05,532.0,180.0,352.0,66.17,Website
12096,2025-08-31,83,1003,8,10,350.0,0.0,3500.0,1800.0,1700.0,48.57,Venda Direta / B2B
12097,2024-03-29,56,1016,7,8,280.0,0.05,2128.0,1200.0,928.0,43.61,Venda Direta / B2B
12098,2025-01-12,80,1011,7,10,12000.0,0.15,102000.0,40000.0,62000.0,60.78,Venda Direta / B2B
12099,2023-12-03,88,1010,6,3,420.0,0.05,1197.0,720.0,477.0,39.85,Website
12100,2024-12-03,17,1016,1,8,280.0,0.1,2016.0,1200.0,816.0,40.48,Venda Direta / B2B
12101,2024-04-08,60,1011,6,11,12000.0,0.05,125400.0,44000.0,81400.0,64.91,Venda Direta / B2B
12102,2024-11-27,50,1011,3,6,12000.0,0.15,61200.0,24000.0,37200.0,60.78,Website
12103,2025-09-14,61,1008,4,8,2800.0,0.1,20160.0,14400.0,5760.0,28.57,Website
12104,2025-06-19,131,1011,2,7,12000.0,0.15,71400.0,28000.0,43400.0,60.78,Venda Direta / B2B
12105,2024-06-13,126,1017,8,10,45.0,0.05,427.5,150.0,277.5,64.91,Website
12106,2023-08-30,50,1013,5,12,300.0,0.05,3420.0,960.0,2460.0,71.93,Venda Direta / B2B
12107,2025-05-18,122,1002,4,4,2200.0,0.0,8800.0,5800.0,3000.0,34.09,Website
12108,2024-06-18,144,1016,3,13,280.0,0.05,3458.0,1950.0,1508.0,43.61,Venda Direta / B2B
12109,2024-10-12,138,1011,4,14,12000.0,0.0,168000.0,56000.0,112000.0,66.67,Website
12110,2025-08-26,76,1004,1,12,220.0,0.15,2244.0,1320.0,924.0,41.18,Venda Direta / B2B
12111,2025-04-17,64,1010,7,7,420.0,0.0,2940.0,1680.0,1260.0,42.86,Website
12112,2024-05-25,37,1007,5,1,1200.0,0.1,1080.0,750.0,330.0,30.56,Venda Direta / B2B
12113,2023-09-20,38,1015,8,11,32.0,0.15,299.2,198.0,101.2,33.82,Venda Direta / B2B
12114,2024-01-06,81,1015,2,15,32.0,0.1,432.0,270.0,162.0,37.5,Venda Direta / B2B
12115,2024-05-05,73,1015,3,3,32.0,0.05,91.2,54.0,37.2,40.79,Website
12116,2025-08-23,14,1004,6,9,220.0,0.05,1881.0,990.0,891.0,47.37,Venda Direta / B2B
12117,2023-12-18,141,1013,1,11,300.0,0.05,3135.0,880.0,2255.0,71.93,Venda Direta / B2B
12118,2024-08-10,9,1011,5,6,12000.0,0.15,61200.0,24000.0,37200.0,60.78,Website
12119,2023-07-05,15,1017,3,8,45.0,0.0,360.0,120.0,240.0,66.67,Venda Direta / B2B
12120,2023-12-16,134,1004,3,3,220.0,0.0,660.0,330.0,330.0,50.0,Website
12121,2025-03-22,87,1012,2,7,150.0,0.0,1050.0,280.0,770.0,73.33,Venda Direta / B2B
12122,2024-10-17,16,1018,7,11,95.0,0.0,1045.0,495.0,550.0,52.63,Venda Direta / B2B
12123,2024-11-22,54,1003,8,3,350.0,0.05,997.5,540.0,457.5,45.86,Venda Direta / B2B
12124,2024-03-21,143,1002,1,1,2200.0,0.0,2200.0,1450.0,750.0,34.09,Website
12125,2024-10-08,57,1002,4,1,2200.0,0.15,1870.0,1450.0,420.0,22.46,Website
12126,2024-06-12,102,1013,1,9,300.0,0.1,2430.0,720.0,1710.0,70.37,Venda Direta / B2B
12127,2023-05-24,141,1014,2,1,280.0,0.15,238.0,90.0,148.0,62.18,Venda Direta / B2B
12128,2023-06-27,150,1008,8,1,2800.0,0.0,2800.0,1800.0,1000.0,35.71,E-commerce
12129,2024-12-13,131,1012,3,7,150.0,0.0,1050.0,280.0,770.0,73.33,Venda Direta / B2B
12130,2024-11-15,69,1010,6,9,420.0,0.0,3780.0,2160.0,1620.0,42.86,Venda Direta / B2B
12131,2025-05-09,86,1009,4,2,550.0,0.1,990.0,640.0,350.0,35.35,E-commerce
12132,2023-11-19,116,1010,1,8,420.0,0.15,2856.0,1920.0,936.0,32.77,Website
12133,2025-03-31,48,1007,2,1,1200.0,0.0,1200.0,750.0,450.0,37.5,Venda Direta / B2B
12134,2025-03-16,52,1007,5,3,1200.0,0.15,3060.0,2250.0,810.0,26.47,Website
12135,2025-04-28,119,1012,1,3,150.0,0.15,382.5,120.0,262.5,68.63,Website
12136,2025-06-19,56,1009,1,5,550.0,0.0,2750.0,1600.0,1150.0,41.82,Venda Direta / B2B
12137,2025-05-06,53,1011,8,12,12000.0,0.05,136800.0,48000.0,88800.0,64.91,Venda Direta / B2B
12138,2024-09-24,43,1013,8,2,300.0,0.0,600.0,160.0,440.0,73.33,E-commerce
12139,2023-09-18,1,1004,1,3,220.0,0.0,660.0,330.0,330.0,50.0,Website
12140,2025-08-12,78,1001,8,7,4500.0,0.15,26775.0,21700.0,5075.0,18.95,Website
12141,2025-08-30,14,1004,6,4,220.0,0.0,880.0,440.0,440.0,50.0,Website
12142,2025-09-14,20,1012,5,7,150.0,0.0,1050.0,280.0,770.0,73.33,Website
12143,2024-05-24,31,1002,5,1,2200.0,0.1,1980.0,1450.0,530.0,26.77,E-commerce
12144,2025-07-25,31,1007,1,2,1200.0,0.0,2400.0,1500.0,900.0,37.5,Website
12145,2023-11-10,117,1008,5,5,2800.0,0.15,11900.0,9000.0,2900.0,24.37,Venda Direta / B2B
12146,2024-10-09,56,1005,2,7,850.0,0.1,5355.0,3640.0,1715.0,32.03,Website
12147,2023-06-11,111,1016,8,2,280.0,0.0,560.0,300.0,260.0,46.43,Website
12148,2024-12-10,17,1002,5,12,2200.0,0.1,23760.0,17400.0,6360.0,26.77,Venda Direta / B2B
12149,2024-02-25,7,1009,5,14,550.0,0.0,7700.0,4480.0,3220.0,41.82,Venda Direta / B2B
12150,2025-02-15,12,1001,7,3,4500.0,0.0,13500.0,9300.0,4200.0,31.11,E-commerce
12151,2025-03-01,74,1002,6,1,2200.0,0.1,1980.0,1450.0,530.0,26.77,E-commerce
12152,2025-04-30,42,1018,6,3,95.0,0.15,242.25,135.0,107.25,44.27,E-commerce
12153,2024-11-18,89,1011,7,3,12000.0,0.1,32400.0,12000.0,20400.0,62.96,Website
12154,2024-07-24,75,1012,3,14,150.0,0.1,1890.0,560.0,1330.0,70.37,Website
12155,2025-02-07,93,1014,7,2,280.0,0.05,532.0,180.0,352.0,66.17,Website
12156,2025-06-14,92,1011,8,8,12000.0,0.0,96000.0,32000.0,64000.0,66.67,Website
12157,2025-06-18,130,1011,3,10,12000.0,0.15,102000.0,40000.0,62000.0,60.78,Venda Direta / B2B
12158,2025-01-13,147,1006,3,14,650.0,0.1,8190.0,5460.0,2730.0,33.33,Venda Direta / B2B
12159,2023-09-25,29,1014,1,9,280.0,0.15,2142.0,810.0,1332.0,62.18,Venda Direta / B2B
12160,2023-03-01,43,1018,4,3,95.0,0.1,256.5,135.0,121.5,47.37,E-commerce
12161,2023-11-16,141,1012,7,9,150.0,0.1,1215.0,360.0,855.0,70.37,Website
12162,2024-03-13,105,1012,2,4,150.0,0.1,540.0,160.0,380.0,70.37,Website
12163,2024-01-04,1,1007,2,2,1200.0,0.0,2400.0,1500.0,900.0,37.5,Website
12164,2025-02-17,62,1010,7,2,420.0,0.15,714.0,480.0,234.0,32.77,Website
12165,2025-01-16,7,1007,1,1,1200.0,0.0,1200.0,750.0,450.0,37.5,Venda Direta / B2B
12166,2024-03-01,18,1003,5,2,350.0,0.1,630.0,360.0,270.0,42.86,Website
12167,2025-08-10,3,1013,5,2,300.0,0.05,570.0,160.0,410.0,71.93,E-commerce
12168,2024-03-02,123,1014,1,11,280.0,0.0,3080.0,990.0,2090.0,67.86,Venda Direta / B2B
12169,2024-10-22,8,1012,5,3,150.0,0.1,405.0,120.0,285.0,70.37,E-commerce
12170,2025-03-21,109,1004,6,3,220.0,0.0,660.0,330.0,330.0,50.0,E-commerce
12171,2024-07-30,23,1016,8,5,280.0,0.0,1400.0,750.0,650.0,46.43,Website
12172,2023-09-27,117,1004,7,12,220.0,0.0,2640.0,1320.0,1320.0,50.0,Venda Direta / B2B
12173,2024-12-26,9,1016,6,5,280.0,0.1,1260.0,750.0,510.0,40.48,Website
12174,2024-03-10,25,1014,1,11,280.0,0.15,2618.0,990.0,1628.0,62.18,Venda Direta / B2B
12175,2025-05-29,130,1001,8,2,4500.0,0.0,9000.0,6200.0,2800.0,31.11,Website
12176,2024-09-27,138,1013,1,5,300.0,0.0,1500.0,400.0,1100.0,73.33,Website
12177,2025-02-19,45,1016,8,2,280.0,0.0,560.0,300.0,260.0,46.43,Website
12178,2024-05-18,110,1011,2,11,12000.0,0.0,132000.0,44000.0,88000.0,66.67,Venda Direta / B2B
12179,2024-02-21,64,1016,1,7,280.0,0.0,1960.0,1050.0,910.0,46.43,Website
12180,2025-04-01,78,1002,3,4,2200.0,0.15,7480.0,5800.0,1680.0,22.46,Venda Direta / B2B
12181,2025-05-16,114,1008,2,2,2800.0,0.0,5600.0,3600.0,2000.0,35.71,Venda Direta / B2B
12182,2023-12-06,113,1001,8,2,4500.0,0.0,9000.0,6200.0,2800.0,31.11,E-commerce
12183,2025-02-25,140,1012,2,7,150.0,0.0,1050.0,280.0,770.0,73.33,Venda Direta / B2B
12184,2024-05-08,109,1018,2,1,95.0,0.05,90.25,45.0,45.25,50.14,Website
12185,2025-06-09,122,1012,7,9,150.0,0.0,1350.0,360.0,990.0,73.33,Venda Direta / B2B
12186,2023-11-22,23,1006,3,11,650.0,0.1,6435.0,4290.0,2145.0,33.33,Venda Direta / B2B
12187,2025-01-29,96,1018,5,8,95.0,0.0,760.0,360.0,400.0,52.63,Venda Direta / B2B
12188,2024-12-13,144,1004,1,4,220.0,0.0,880.0,440.0,440.0,50.0,Venda Direta / B2B
12189,2024-05-27,3,1013,6,1,300.0,0.0,300.0,80.0,220.0,73.33,Website
12190,2024-11-07,150,1009,1,2,550.0,0.05,1045.0,640.0,405.0,38.76,Website
12191,2025-07-16,55,1016,4,11,280.0,0.1,2772.0,1650.0,1122.0,40.48,Venda Direta / B2B
12192,2024-10-08,45,1004,7,3,220.0,0.0,660.0,330.0,330.0,50.0,Website
12193,2025-02-02,38,1017,2,8,45.0,0.0,360.0,120.0,240.0,66.67,Website
12194,2024-12-04,106,1008,6,1,2800.0,0.1,2520.0,1800.0,720.0,28.57,E-commerce
12195,2023-08-17,11,1014,6,2,280.0,0.0,560.0,180.0,380.0,67.86,Website
12196,2025-02-04,101,1012,8,10,150.0,0.0,1500.0,400.0,1100.0,73.33,Venda Direta / B2B
12197,2024-10-08,105,1017,3,4,45.0,0.15,153.0,60.0,93.0,60.78,Website
12198,2024-05-16,111,1003,1,2,350.0,0.15,595.0,360.0,235.0,39.5,Website
12199,2023-09-30,11,1005,6,2,850.0,0.05,1615.0,1040.0,575.0,35.6,E-commerce
12200,2024-09-28,78,1011,6,15,12000.0,0.1,162000.0,60000.0,102000.0,62.96,Venda Direta / B2B
12201,2024-10-30,144,1013,3,8,300.0,0.0,2400.0,640.0,1760.0,73.33,Venda Direta / B2B
12202,2025-02-16,137,1011,2,5,12000.0,0.05,57000.0,20000.0,37000.0,64.91,Website
12203,2025-07-29,132,1010,4,2,420.0,0.0,840.0,480.0,360.0,42.86,E-commerce
12204,2024-12-04,79,1012,4,2,150.0,0.05,285.0,80.0,205.0,71.93,E-commerce
12205,2024-04-25,49,1014,3,3,280.0,0.0,840.0,270.0,570.0,67.86,E-commerce
12206,2025-02-13,139,1012,6,4,150.0,0.15,510.0,160.0,350.0,68.63,Venda Direta / B2B
12207,2024-11-04,75,1004,4,4,220.0,0.05,836.0,440.0,396.0,47.37,Website
12208,2024-02-04,96,1016,4,7,280.0,0.05,1862.0,1050.0,812.0,43.61,Venda Direta / B2B
12209,2025-07-27,138,1015,6,3,32.0,0.15,81.6,54.0,27.6,33.82,Venda Direta / B2B
12210,2023-09-08,97,1004,7,1,220.0,0.0,220.0,110.0,110.0,50.0,Website
12211,2025-04-25,127,1009,8,3,550.0,0.15,1402.5,960.0,442.5,31.55,E-commerce
12212,2024-12-04,69,1007,1,7,1200.0,0.1,7560.0,5250.0,2310.0,30.56,Website
12213,2024-12-21,112,1016,7,2,280.0,0.0,560.0,300.0,260.0,46.43,Website
12214,2024-02-02,14,1012,1,14,150.0,0.05,1995.0,560.0,1435.0,71.93,Venda Direta / B2B
12215,2023-11-03,69,1018,3,13,95.0,0.1,1111.5,585.0,526.5,47.37,Venda Direta / B2B
12216,2024-02-27,3,1002,2,2,2200.0,0.05,4180.0,2900.0,1280.0,30.62,E-commerce
12217,2024-09-04,57,1008,5,3,2800.0,0.0,8400.0,5400.0,3000.0,35.71,E-commerce
12218,2023-12-30,150,1018,6,1,95.0,0.1,85.5,45.0,40.5,47.37,Website
12219,2024-02-26,42,1001,2,3,4500.0,0.1,12150.0,9300.0,2850.0,23.46,E-commerce
12220,2023-11-26,105,1008,4,4,2800.0,0.15,9520.0,7200.0,2320.0,24.37,Venda Direta / B2B
12221,2024-01-16,57,1006,5,1,650.0,0.0,650.0,390.0,260.0,40.0,Website
12222,2025-02-04,149,1014,7,2,280.0,0.0,560.0,180.0,380.0,67.86,Website
12223,2023-10-24,105,1003,8,8,350.0,0.1,2520.0,1440.0,1080.0,42.86,Venda Direta / B2B
12224,2025-05-20,6,1013,5,4,300.0,0.1,1080.0,320.0,760.0,70.37,Website
12225,2024-09-09,88,1017,6,1,45.0,0.15,38.25,15.0,23.25,60.78,E-commerce
12226,2025-01-03,53,1015,6,3,32.0,0.0,96.0,54.0,42.0,43.75,Website
12227,2024-12-25,44,1013,7,1,300.0,0.05,285.0,80.0,205.0,71.93,Website
12228,2024-07-09,64,1009,5,15,550.0,0.1,7425.0,4800.0,2625.0,35.35,Venda Direta / B2B
12229,2024-12-25,7,1016,4,11,280.0,0.0,3080.0,1650.0,1430.0,46.43,Website
12230,2024-09-20,100,1001,6,2,4500.0,0.0,9000.0,6200.0,2800.0,31.11,E-commerce
12231,2024-10-16,109,1015,2,2,32.0,0.05,60.8,36.0,24.8,40.79,E-commerce
12232,2024-03-22,67,1012,8,3,150.0,0.0,450.0,120.0,330.0,73.33,Venda Direta / B2B
12233,2025-05-22,136,1017,4,14,45.0,0.1,567.0,210.0,357.0,62.96,Venda Direta / B2B
12234,2024-07-18,24,1008,3,1,2800.0,0.05,2660.0,1800.0,860.0,32.33,Website
12235,2023-09-21,116,1009,3,5,550.0,0.1,2475.0,1600.0,875.0,35.35,Venda Direta / B2B
12236,2024-05-08,59,1006,7,5,650.0,0.15,2762.5,1950.0,812.5,29.41,Venda Direta / B2B
12237,2023-08-30,14,1003,3,5,350.0,0.1,1575.0,900.0,675.0,42.86,Website
12238,2025-08-07,61,1006,1,13,650.0,0.15,7182.5,5070.0,2112.5,29.41,Venda Direta / B2B
12239,2025-02-27,26,1003,5,1,350.0,0.1,315.0,180.0,135.0,42.86,Website
12240,2024-11-26,46,1012,3,9,150.0,0.0,1350.0,360.0,990.0,73.33,Venda Direta / B2B
12241,2025-04-09,44,1011,5,3,12000.0,0.15,30600.0,12000.0,18600.0,60.78,Website
12242,2024-10-25,101,1002,3,3,2200.0,0.1,5940.0,4350.0,1590.0,26.77,Venda Direta / B2B
12243,2024-01-04,62,1005,6,3,850.0,0.1,2295.0,1560.0,735.0,32.03,E-commerce
12244,2024-04-08,29,1006,4,3,650.0,0.15,1657.5,1170.0,487.5,29.41,Website
12245,2025-03-22,97,1003,3,1,350.0,0.1,315.0,180.0,135.0,42.86,E-commerce
12246,2024-11-10,102,1016,7,15,280.0,0.1,3780.0,2250.0,1530.0,40.48,Website
12247,2025-08-31,91,1017,7,2,45.0,0.0,90.0,30.0,60.0,66.67,E-commerce
12248,2024-10-24,33,1016,1,1,280.0,0.15,238.0,150.0,88.0,36.97,Website
12249,2025-11-05,30,1010,7,7,420.0,0.05,2793.0,1680.0,1113.0,39.85,Venda Direta / B2B
12250,2024-07-25,125,1011,4,13,12000.0,0.0,156000.0,52000.0,104000.0,66.67,Venda Direta / B2B
12251,2024-09-08,116,1005,3,11,850.0,0.1,8415.0,5720.0,2695.0,32.03,Venda Direta / B2B
12252,2024-04-07,59,1001,8,5,4500.0,0.1,20250.0,15500.0,4750.0,23.46,Venda Direta / B2B
12253,2024-09-30,96,1015,4,8,32.0,0.1,230.4,144.0,86.4,37.5,Venda Direta / B2B
12254,2025-08-28,38,1008,2,5,2800.0,0.0,14000.0,9000.0,5000.0,35.71,Venda Direta / B2B
12255,2024-07-07,111,1013,2,3,300.0,0.05,855.0,240.0,615.0,71.93,E-commerce
12256,2025-04-30,123,1018,1,15,95.0,0.0,1425.0,675.0,750.0,52.63,Venda Direta / B2B
12257,2024-07-08,80,1007,3,1,1200.0,0.0,1200.0,750.0,450.0,37.5,Venda Direta / B2B
12258,2025-03-17,70,1018,1,1,95.0,0.15,80.75,45.0,35.75,44.27,Website
12259,2024-07-23,104,1015,6,13,32.0,0.1,374.4,234.0,140.4,37.5,Website
12260,2024-07-04,73,1011,6,1,12000.0,0.1,10800.0,4000.0,6800.0,62.96,Website
12261,2025-03-24,132,1014,1,3,280.0,0.0,840.0,270.0,570.0,67.86,Website
12262,2025-07-28,85,1013,8,12,300.0,0.05,3420.0,960.0,2460.0,71.93,Website
12263,2023-12-21,24,1007,7,2,1200.0,0.0,2400.0,1500.0,900.0,37.5,E-commerce
12264,2023-07-11,4,1010,3,4,420.0,0.15,1428.0,960.0,468.0,32.77,Venda Direta / B2B
12265,2024-02-16,110,1005,5,15,850.0,0.0,12750.0,7800.0,4950.0,38.82,Venda Direta / B2B
12266,2025-10-24,10,1006,5,12,650.0,0.0,7800.0,4680.0,3120.0,40.0,Venda Direta / B2B
12267,2024-03-13,127,1006,2,1,650.0,0.05,617.5,390.0,227.5,36.84,E-commerce
12268,2025-01-03,121,1012,5,3,150.0,0.05,427.5,120.0,307.5,71.93,E-commerce
12269,2024-11-09,72,1017,4,4,45.0,0.1,162.0,60.0,102.0,62.96,Venda Direta / B2B
12270,2024-10-11,131,1011,5,8,12000.0,0.1,86400.0,32000.0,54400.0,62.96,Website
12271,2023-07-31,66,1010,2,14,420.0,0.15,4998.0,3360.0,1638.0,32.77,Venda Direta / B2B
12272,2024-03-17,64,1008,8,15,2800.0,0.0,42000.0,27000.0,15000.0,35.71,Venda Direta / B2B
12273,2025-02-19,93,1017,7,12,45.0,0.1,486.0,180.0,306.0,62.96,Venda Direta / B2B
12274,2024-12-04,21,1010,4,3,420.0,0.1,1134.0,720.0,414.0,36.51,Website
12275,2025-08-14,81,1003,1,7,350.0,0.1,2205.0,1260.0,945.0,42.86,Venda Direta / B2B
12276,2024-01-02,8,1016,6,2,280.0,0.05,532.0,300.0,232.0,43.61,Website
12277,2024-03-29,102,1016,4,7,280.0,0.0,1960.0,1050.0,910.0,46.43,Venda Direta / B2B
12278,2024-05-15,87,1006,3,10,650.0,0.15,5525.0,3900.0,1625.0,29.41,Venda Direta / B2B
12279,2024-07-27,26,1003,2,1,350.0,0.0,350.0,180.0,170.0,48.57,Website
12280,2024-11-17,24,1016,3,1,280.0,0.1,252.0,150.0,102.0,40.48,Website
12281,2024-01-29,75,1005,6,11,850.0,0.05,8882.5,5720.0,3162.5,35.6,Website
12282,2025-02-01,11,1003,3,2,350.0,0.0,700.0,360.0,340.0,48.57,E-commerce
12283,2023-07-04,11,1003,1,1,350.0,0.1,315.0,180.0,135.0,42.86,Website
12284,2025-05-02,28,1016,5,10,280.0,0.15,2380.0,1500.0,880.0,36.97,Venda Direta / B2B
12285,2025-05-11,73,1003,3,1,350.0,0.15,297.5,180.0,117.5,39.5,E-commerce
12286,2025-05-21,132,1006,2,2,650.0,0.05,1235.0,780.0,455.0,36.84,Website
12287,2023-06-17,42,1011,8,2,12000.0,0.15,20400.0,8000.0,12400.0,60.78,E-commerce
12288,2024-06-01,108,1013,4,2,300.0,0.0,600.0,160.0,440.0,73.33,E-commerce
12289,2024-04-03,40,1005,1,2,850.0,0.15,1445.0,1040.0,405.0,28.03,Venda Direta / B2B
12290,2025-06-07,28,1005,8,3,850.0,0.0,2550.0,1560.0,990.0,38.82,Venda Direta / B2B
12291,2024-05-11,82,1011,4,3,12000.0,0.1,32400.0,12000.0,20400.0,62.96,E-commerce
12292,2024-08-21,78,1018,4,15,95.0,0.0,1425.0,675.0,750.0,52.63,Venda Direta / B2B
12293,2024-07-17,50,1013,6,2,300.0,0.0,600.0,160.0,440.0,73.33,Venda Direta / B2B
12294,2025-05-13,100,1009,3,2,550.0,0.1,990.0,640.0,350.0,35.35,E-commerce
12295,2025-04-08,116,1011,3,14,12000.0,0.1,151200.0,56000.0,95200.0,62.96,Venda Direta / B2B
12296,2025-01-28,2,1006,3,5,650.0,0.0,3250.0,1950.0,1300.0,40.0,Venda Direta / B2B
12297,2024-10-14,38,1011,1,15,12000.0,0.0,180000.0,60000.0,120000.0,66.67,Venda Direta / B2B
12298,2024-10-31,72,1016,4,12,280.0,0.1,3024.0,1800.0,1224.0,40.48,Venda Direta / B2B
12299,2023-07-03,93,1001,6,13,4500.0,0.05,55575.0,40300.0,15275.0,27.49,Website
12300,2024-06-26,124,1004,4,4,220.0,0.05,836.0,440.0,396.0,47.37,Venda Direta / B2B
12301,2025-02-09,71,1017,7,15,45.0,0.15,573.75,225.0,348.75,60.78,Website
12302,2025-01-01,112,1007,1,2,1200.0,0.15,2040.0,1500.0,540.0,26.47,E-commerce
12303,2025-11-14,12,1015,5,2,32.0,0.1,57.6,36.0,21.6,37.5,Website
12304,2024-12-18,122,1003,7,15,350.0,0.15,4462.5,2700.0,1762.5,39.5,Venda Direta / B2B
12305,2024-12-07,58,1011,8,5,12000.0,0.0,60000.0,20000.0,40000.0,66.67,Venda Direta / B2B
12306,2025-04-28,102,1009,5,1,550.0,0.0,550.0,320.0,230.0,41.82,Website
12307,2023-07-08,62,1015,7,1,32.0,0.0,32.0,18.0,14.0,43.75,E-commerce
12308,2025-08-27,138,1009,7,1,550.0,0.05,522.5,320.0,202.5,38.76,Website
12309,2025-03-30,128,1002,4,9,2200.0,0.15,16830.0,13050.0,3780.0,22.46,Website
12310,2024-05-16,61,1004,7,9,220.0,0.05,1881.0,990.0,891.0,47.37,Website
12311,2024-01-29,4,1007,7,2,1200.0,0.0,2400.0,1500.0,900.0,37.5,Venda Direta / B2B
12312,2025-08-12,26,1001,3,3,4500.0,0.0,13500.0,9300.0,4200.0,31.11,E-commerce
12313,2025-01-27,107,1009,3,15,550.0,0.0,8250.0,4800.0,3450.0,41.82,Venda Direta / B2B
12314,2025-03-08,25,1012,5,5,150.0,0.15,637.5,200.0,437.5,68.63,Website
12315,2025-01-16,40,1003,2,14,350.0,0.0,4900.0,2520.0,2380.0,48.57,Venda Direta / B2B
12316,2023-08-29,46,1009,2,13,550.0,0.05,6792.5,4160.0,2632.5,38.76,Venda Direta / B2B
12317,2023-11-22,120,1018,2,8,95.0,0.15,646.0,360.0,286.0,44.27,Website
12318,2024-05-07,92,1003,2,6,350.0,0.1,1890.0,1080.0,810.0,42.86,Venda Direta / B2B
12319,2025-04-21,65,1018,1,15,95.0,0.0,1425.0,675.0,750.0,52.63,Website
12320,2025-10-28,38,1006,6,3,650.0,0.15,1657.5,1170.0,487.5,29.41,Website
12321,2024-02-16,8,1012,6,2,150.0,0.0,300.0,80.0,220.0,73.33,E-commerce
12322,2025-04-22,55,1013,3,4,300.0,0.1,1080.0,320.0,760.0,70.37,Website
12323,2025-04-02,59,1003,8,9,350.0,0.1,2835.0,1620.0,1215.0,42.86,Venda Direta / B2B
12324,2024-06-14,51,1012,1,1,150.0,0.0,150.0,40.0,110.0,73.33,Venda Direta / B2B
12325,2023-02-27,5,1012,6,11,150.0,0.1,1485.0,440.0,1045.0,70.37,Venda Direta / B2B
12326,2025-03-20,81,1001,8,2,4500.0,0.0,9000.0,6200.0,2800.0,31.11,Venda Direta / B2B
12327,2024-12-21,30,1018,3,8,95.0,0.15,646.0,360.0,286.0,44.27,Venda Direta / B2B
12328,2025-11-11,31,1011,1,3,12000.0,0.0,36000.0,12000.0,24000.0,66.67,E-commerce
12329,2024-06-05,76,1014,1,14,280.0,0.0,3920.0,1260.0,2660.0,67.86,Venda Direta / B2B
12330,2025-08-03,67,1005,7,3,850.0,0.05,2422.5,1560.0,862.5,35.6,Venda Direta / B2B
12331,2025-05-19,136,1003,6,2,350.0,0.05,665.0,360.0,305.0,45.86,Venda Direta / B2B
12332,2025-03-14,6,1014,1,5,280.0,0.0,1400.0,450.0,950.0,67.86,Venda Direta / B2B
12333,2025-02-27,135,1005,2,6,850.0,0.0,5100.0,3120.0,1980.0,38.82,Venda Direta / B2B
12334,2025-09-20,82,1011,2,1,12000.0,0.15,10200.0,4000.0,6200.0,60.78,Website
12335,2025-04-17,13,1008,5,2,2800.0,0.15,4760.0,3600.0,1160.0,24.37,Website
12336,2025-07-30,77,1018,5,2,95.0,0.0,190.0,90.0,100.0,52.63,Venda Direta / B2B
12337,2024-06-05,24,1014,6,2,280.0,0.0,560.0,180.0,380.0,67.86,Website
12338,2023-09-03,28,1001,8,1,4500.0,0.05,4275.0,3100.0,1175.0,27.49,Venda Direta / B2B
12339,2024-08-18,68,1004,3,3,220.0,0.0,660.0,330.0,330.0,50.0,Website
12340,2024-06-24,146,1006,2,11,650.0,0.1,6435.0,4290.0,2145.0,33.33,Venda Direta / B2B
12341,2024-03-12,44,1005,4,2,850.0,0.15,1445.0,1040.0,405.0,28.03,Website
12342,2025-06-07,127,1007,4,1,1200.0,0.0,1200.0,750.0,450.0,37.5,E-commerce
12343,2025-01-01,50,1013,5,6,300.0,0.1,1620.0,480.0,1140.0,70.37,Venda Direta / B2B
12344,2025-09-18,149,1014,5,2,280.0,0.15,476.0,180.0,296.0,62.18,Website
12345,2025-05-24,108,1004,5,3,220.0,0.0,660.0,330.0,330.0,50.0,E-commerce
12346,2025-09-25,49,1013,5,3,300.0,0.15,765.0,240.0,525.0,68.63,Website
12347,2024-02-06,64,1004,3,12,220.0,0.0,2640.0,1320.0,1320.0,50.0,Venda Direta / B2B
12348,2025-11-21,19,1002,7,1,2200.0,0.05,2090.0,1450.0,640.0,30.62,Website
12349,2025-08-28,54,1001,2,14,4500.0,0.0,63000.0,43400.0,19600.0,31.11,Website
12350,2024-08-23,53,1011,8,3,12000.0,0.0,36000.0,12000.0,24000.0,66.67,Venda Direta / B2B
12351,2025-06-02,106,1011,7,3,12000.0,0.1,32400.0,12000.0,20400.0,62.96,E-commerce
12352,2025-01-30,53,1005,7,6,850.0,0.0,5100.0,3120.0,1980.0,38.82,Venda Direta / B2B
12353,2024-10-16,112,1009,1,2,550.0,0.1,990.0,640.0,350.0,35.35,Website
12354,2024-09-28,16,1002,8,9,2200.0,0.0,19800.0,13050.0,6750.0,34.09,Venda Direta / B2B
12355,2024-08-23,37,1010,5,5,420.0,0.1,1890.0,1200.0,690.0,36.51,Venda Direta / B2B
12356,2025-03-30,136,1016,2,10,280.0,0.05,2660.0,1500.0,1160.0,43.61,Venda Direta / B2B
12357,2024-05-29,116,1008,4,12,2800.0,0.1,30240.0,21600.0,8640.0,28.57,Venda Direta / B2B
12358,2025-09-02,42,1009,8,1,550.0,0.0,550.0,320.0,230.0,41.82,E-commerce
12359,2023-05-03,125,1008,7,4,2800.0,0.15,9520.0,7200.0,2320.0,24.37,Website
12360,2025-01-18,29,1005,5,12,850.0,0.15,8670.0,6240.0,2430.0,28.03,Venda Direta / B2B
12361,2024-04-16,70,1004,5,3,220.0,0.0,660.0,330.0,330.0,50.0,E-commerce
12362,2023-08-23,62,1004,5,2,220.0,0.15,374.0,220.0,154.0,41.18,Website
12363,2025-05-24,47,1017,8,3,45.0,0.0,135.0,45.0,90.0,66.67,Website
12364,2025-08-27,142,1011,7,3,12000.0,0.0,36000.0,12000.0,24000.0,66.67,E-commerce
12365,2024-10-10,28,1006,5,12,650.0,0.05,7410.0,4680.0,2730.0,36.84,Venda Direta / B2B
12366,2025-02-18,52,1009,7,3,550.0,0.0,1650.0,960.0,690.0,41.82,E-commerce
12367,2024-07-29,63,1007,6,1,1200.0,0.05,1140.0,750.0,390.0,34.21,Venda Direta / B2B
12368,2024-10-03,137,1008,6,8,2800.0,0.1,20160.0,14400.0,5760.0,28.57,Venda Direta / B2B
12369,2025-08-25,20,1001,2,10,4500.0,0.0,45000.0,31000.0,14000.0,31.11,Venda Direta / B2B
12370,2024-08-21,53,1002,8,7,2200.0,0.0,15400.0,10150.0,5250.0,34.09,Website
12371,2023-10-27,113,1018,3,1,95.0,0.0,95.0,45.0,50.0,52.63,Website
12372,2024-07-23,66,1002,1,15,2200.0,0.1,29700.0,21750.0,7950.0,26.77,Website
12373,2023-11-21,116,1009,4,2,550.0,0.0,1100.0,640.0,460.0,41.82,Venda Direta / B2B
12374,2024-12-31,65,1003,4,1,350.0,0.05,332.5,180.0,152.5,45.86,Venda Direta / B2B
12375,2024-11-18,126,1001,4,13,4500.0,0.05,55575.0,40300.0,15275.0,27.49,Venda Direta / B2B
12376,2023-10-23,150,1017,4,3,45.0,0.0,135.0,45.0,90.0,66.67,E-commerce
12377,2024-09-02,92,1012,8,9,150.0,0.0,1350.0,360.0,990.0,73.33,Website
12378,2023-06-03,147,1004,1,11,220.0,0.0,2420.0,1210.0,1210.0,50.0,Venda Direta / B2B
12379,2024-01-23,60,1006,1,12,650.0,0.0,7800.0,4680.0,3120.0,40.0,Venda Direta / B2B
12380,2025-05-04,34,1007,5,8,1200.0,0.1,8640.0,6000.0,2640.0,30.56,Venda Direta / B2B
12381,2024-03-19,9,1005,2,12,850.0,0.0,10200.0,6240.0,3960.0,38.82,Website
12382,2024-07-19,111,1010,3,3,420.0,0.0,1260.0,720.0,540.0,42.86,Website
12383,2024-10-05,44,1001,6,1,4500.0,0.1,4050.0,3100.0,950.0,23.46,Website
12384,2023-11-04,55,1006,2,3,650.0,0.0,1950.0,1170.0,780.0,40.0,Venda Direta / B2B
12385,2024-09-08,69,1006,6,15,650.0,0.0,9750.0,5850.0,3900.0,40.0,Venda Direta / B2B
12386,2025-05-05,146,1018,4,8,95.0,0.0,760.0,360.0,400.0,52.63,Venda Direta / B2B
12387,2024-12-31,72,1015,6,5,32.0,0.0,160.0,90.0,70.0,43.75,Website
12388,2025-07-21,51,1001,7,5,4500.0,0.15,19125.0,15500.0,3625.0,18.95,Venda Direta / B2B
12389,2024-09-29,149,1003,2,3,350.0,0.0,1050.0,540.0,510.0,48.57,Website
12390,2024-03-23,29,1018,8,7,95.0,0.15,565.25,315.0,250.25,44.27,Website
12391,2025-02-27,14,1005,3,9,850.0,0.0,7650.0,4680.0,2970.0,38.82,Venda Direta / B2B
12392,2024-04-03,131,1002,2,4,2200.0,0.15,7480.0,5800.0,1680.0,22.46,Website
12393,2023-09-28,138,1017,2,5,45.0,0.05,213.75,75.0,138.75,64.91,Venda Direta / B2B
12394,2024-11-23,12,1006,7,2,650.0,0.0,1300.0,780.0,520.0,40.0,Website
12395,2025-04-19,23,1008,3,10,2800.0,0.0,28000.0,18000.0,10000.0,35.71,Venda Direta / B2B
12396,2024-08-30,21,1018,6,8,95.0,0.05,722.0,360.0,362.0,50.14,Venda Direta / B2B
12397,2025-10-30,8,1011,1,1,12000.0,0.0,12000.0,4000.0,8000.0,66.67,Website
12398,2025-05-29,22,1001,6,3,4500.0,0.15,11475.0,9300.0,2175.0,18.95,Website
12399,2023-09-24,124,1007,2,8,1200.0,0.05,9120.0,6000.0,3120.0,34.21,Website
12400,2023-08-12,39,1001,6,6,4500.0,0.0,27000.0,18600.0,8400.0,31.11,Venda Direta / B2B
12401,2025-04-14,75,1017,5,5,45.0,0.0,225.0,75.0,150.0,66.67,Venda Direta / B2B
12402,2024-11-21,148,1005,8,5,850.0,0.15,3612.5,2600.0,1012.5,28.03,Venda Direta / B2B
12403,2025-07-06,39,1003,3,14,350.0,0.15,4165.0,2520.0,1645.0,39.5,Venda Direta / B2B
12404,2025-01-06,81,1002,7,8,2200.0,0.15,14960.0,11600.0,3360.0,22.46,Venda Direta / B2B
12405,2024-09-08,12,1001,1,1,4500.0,0.0,4500.0,3100.0,1400.0,31.11,E-commerce
12406,2024-07-28,23,1011,6,12,12000.0,0.05,136800.0,48000.0,88800.0,64.91,Website
12407,2024-11-11,97,1013,2,1,300.0,0.0,300.0,80.0,220.0,73.33,E-commerce
12408,2025-04-16,59,1017,6,6,45.0,0.0,270.0,90.0,180.0,66.67,Website
12409,2024-07-19,148,1006,7,12,650.0,0.15,6630.0,4680.0,1950.0,29.41,Venda Direta / B2B
12410,2025-02-28,14,1016,7,4,280.0,0.1,1008.0,600.0,408.0,40.48,Venda Direta / B2B
12411,2024-12-26,118,1018,6,13,95.0,0.15,1049.75,585.0,464.75,44.27,Venda Direta / B2B
12412,2025-04-05,48,1017,3,2,45.0,0.05,85.5,30.0,55.5,64.91,Venda Direta / B2B
12413,2025-04-18,101,1004,5,14,220.0,0.0,3080.0,1540.0,1540.0,50.0,Website
12414,2025-06-19,2,1017,5,11,45.0,0.05,470.25,165.0,305.25,64.91,Website
12415,2025-09-01,141,1006,8,8,650.0,0.15,4420.0,3120.0,1300.0,29.41,Venda Direta / B2B
12416,2024-02-16,136,1007,2,7,1200.0,0.0,8400.0,5250.0,3150.0,37.5,Venda Direta / B2B
12417,2024-01-03,37,1003,7,10,350.0,0.05,3325.0,1800.0,1525.0,45.86,Website
12418,2025-03-07,147,1017,5,7,45.0,0.0,315.0,105.0,210.0,66.67,Venda Direta / B2B
12419,2023-05-15,34,1014,6,12,280.0,0.15,2856.0,1080.0,1776.0,62.18,Website
12420,2024-09-05,80,1004,5,2,220.0,0.0,440.0,220.0,220.0,50.0,Venda Direta / B2B
12421,2025-05-01,100,1010,3,2,420.0,0.05,798.0,480.0,318.0,39.85,E-commerce
12422,2025-05-31,48,1002,7,13,2200.0,0.05,27170.0,18850.0,8320.0,30.62,Venda Direta / B2B
12423,2024-06-28,76,1006,4,14,650.0,0.0,9100.0,5460.0,3640.0,40.0,Website
12424,2025-02-03,97,1016,5,2,280.0,0.05,532.0,300.0,232.0,43.61,E-commerce
12425,2024-10-31,130,1017,1,13,45.0,0.0,585.0,195.0,390.0,66.67,Venda Direta / B2B
12426,2024-07-21,129,1018,3,2,95.0,0.0,190.0,90.0,100.0,52.63,E-commerce
12427,2024-09-29,88,1002,1,2,2200.0,0.05,4180.0,2900.0,1280.0,30.62,Website
12428,2024-04-01,54,1007,6,4,1200.0,0.05,4560.0,3000.0,1560.0,34.21,Website
12429,2024-12-17,102,1004,4,13,220.0,0.0,2860.0,1430.0,1430.0,50.0,Venda Direta / B2B
12430,2023-10-08,135,1015,8,12,32.0,0.15,326.4,216.0,110.4,33.82,Venda Direta / B2B
12431,2023-07-25,62,1007,2,3,1200.0,0.1,3240.0,2250.0,990.0,30.56,Website
12432,2024-03-11,83,1013,4,1,300.0,0.0,300.0,80.0,220.0,73.33,Venda Direta / B2B
12433,2025-03-05,130,1003,8,13,350.0,0.1,4095.0,2340.0,1755.0,42.86,Venda Direta / B2B
12434,2023-10-16,105,1017,1,1,45.0,0.0,45.0,15.0,30.0,66.67,Venda Direta / B2B
12435,2025-04-30,28,1001,6,13,4500.0,0.0,58500.0,40300.0,18200.0,31.11,Venda Direta / B2B
12436,2024-11-23,4,1017,4,12,45.0,0.05,513.0,180.0,333.0,64.91,Venda Direta / B2B
12437,2024-10-04,68,1016,5,3,280.0,0.1,756.0,450.0,306.0,40.48,Website
12438,2025-07-12,101,1007,6,10,1200.0,0.0,12000.0,7500.0,4500.0,37.5,Venda Direta / B2B
12439,2025-06-15,80,1003,2,13,350.0,0.15,3867.5,2340.0,1527.5,39.5,Venda Direta / B2B
12440,2025-01-17,28,1010,5,4,420.0,0.1,1512.0,960.0,552.0,36.51,Venda Direta / B2B
12441,2024-11-11,7,1011,3,13,12000.0,0.0,156000.0,52000.0,104000.0,66.67,Venda Direta / B2B
12442,2024-01-21,56,1006,3,2,650.0,0.1,1170.0,780.0,390.0,33.33,Venda Direta / B2B
12443,2024-05-05,108,1011,2,1,12000.0,0.0,12000.0,4000.0,8000.0,66.67,E-commerce
12444,2025-02-18,34,1010,7,12,420.0,0.05,4788.0,2880.0,1908.0,39.85,Venda Direta / B2B
12445,2025-01-11,61,1011,8,15,12000.0,0.1,162000.0,60000.0,102000.0,62.96,Venda Direta / B2B
12446,2024-09-08,133,1002,2,2,2200.0,0.0,4400.0,2900.0,1500.0,34.09,Website
12447,2024-09-02,11,1001,4,1,4500.0,0.05,4275.0,3100.0,1175.0,27.49,Website
12448,2024-08-06,7,1003,7,3,350.0,0.1,945.0,540.0,405.0,42.86,Website
12449,2023-09-09,26,1007,3,1,1200.0,0.05,1140.0,750.0,390.0,34.21,E-commerce
12450,2024-07-11,131,1014,3,7,280.0,0.0,1960.0,630.0,1330.0,67.86,Website
12451,2024-10-13,109,1016,3,3,280.0,0.15,714.0,450.0,264.0,36.97,Website
12452,2025-05-07,11,1010,2,1,420.0,0.15,357.0,240.0,117.0,32.77,E-commerce
12453,2023-03-07,115,1017,4,6,45.0,0.0,270.0,90.0,180.0,66.67,Venda Direta / B2B
12454,2024-10-07,136,1018,3,7,95.0,0.0,665.0,315.0,350.0,52.63,Venda Direta / B2B
12455,2024-03-27,32,1012,1,2,150.0,0.05,285.0,80.0,205.0,71.93,Website
12456,2024-09-19,13,1001,6,3,4500.0,0.05,12825.0,9300.0,3525.0,27.49,Website
12457,2024-05-14,5,1006,8,5,650.0,0.0,3250.0,1950.0,1300.0,40.0,Website
12458,2024-08-16,147,1014,7,14,280.0,0.05,3724.0,1260.0,2464.0,66.17,Website
12459,2025-05-06,23,1015,5,3,32.0,0.05,91.2,54.0,37.2,40.79,Website
12460,2024-12-12,38,1008,6,10,2800.0,0.05,26600.0,18000.0,8600.0,32.33,Venda Direta / B2B
12461,2023-05-17,80,1017,4,3,45.0,0.0,135.0,45.0,90.0,66.67,Venda Direta / B2B
12462,2024-02-06,76,1008,3,13,2800.0,0.1,32760.0,23400.0,9360.0,28.57,Venda Direta / B2B
12463,2024-12-02,105,1002,1,9,2200.0,0.0,19800.0,13050.0,6750.0,34.09,Venda Direta / B2B
12464,2024-08-12,118,1004,7,15,220.0,0.1,2970.0,1650.0,1320.0,44.44,Venda Direta / B2B
12465,2024-01-25,80,1007,4,9,1200.0,0.0,10800.0,6750.0,4050.0,37.5,Website
12466,2024-06-17,63,1012,3,11,150.0,0.0,1650.0,440.0,1210.0,73.33,Website
12467,2025-05-10,1,1010,6,2,420.0,0.0,840.0,480.0,360.0,42.86,Website
12468,2025-06-29,88,1014,1,3,280.0,0.1,756.0,270.0,486.0,64.29,Website
12469,2024-12-19,140,1012,3,7,150.0,0.05,997.5,280.0,717.5,71.93,Website
12470,2023-10-13,98,1018,7,6,95.0,0.0,570.0,270.0,300.0,52.63,Venda Direta / B2B
12471,2025-07-18,4,1007,8,13,1200.0,0.0,15600.0,9750.0,5850.0,37.5,Venda Direta / B2B
12472,2025-02-05,49,1005,6,3,850.0,0.0,2550.0,1560.0,990.0,38.82,E-commerce
12473,2024-04-14,69,1007,7,9,1200.0,0.0,10800.0,6750.0,4050.0,37.5,Venda Direta / B2B
12474,2024-12-17,131,1010,5,11,420.0,0.0,4620.0,2640.0,1980.0,42.86,Venda Direta / B2B
12475,2025-05-08,123,1006,4,1,650.0,0.15,552.5,390.0,162.5,29.41,Venda Direta / B2B
12476,2024-09-07,100,1013,2,1,300.0,0.1,270.0,80.0,190.0,70.37,Website
12477,2024-10-25,21,1003,4,14,350.0,0.05,4655.0,2520.0,2135.0,45.86,Website
12478,2025-05-02,13,1001,2,2,4500.0,0.15,7650.0,6200.0,1450.0,18.95,Website
12479,2025-01-22,76,1003,2,14,350.0,0.05,4655.0,2520.0,2135.0,45.86,Website
12480,2023-08-06,46,1014,4,14,280.0,0.1,3528.0,1260.0,2268.0,64.29,Website
12481,2025-01-18,13,1005,6,1,850.0,0.05,807.5,520.0,287.5,35.6,E-commerce
12482,2023-05-02,113,1016,8,3,280.0,0.1,756.0,450.0,306.0,40.48,E-commerce
12483,2024-01-12,36,1015,7,13,32.0,0.0,416.0,234.0,182.0,43.75,Venda Direta / B2B
12484,2024-12-22,5,1012,2,12,150.0,0.1,1620.0,480.0,1140.0,70.37,Venda Direta / B2B
12485,2025-07-18,42,1002,2,2,2200.0,0.1,3960.0,2900.0,1060.0,26.77,Website
12486,2025-08-01,68,1018,2,1,95.0,0.0,95.0,45.0,50.0,52.63,Website
12487,2024-09-21,34,1003,6,6,350.0,0.0,2100.0,1080.0,1020.0,48.57,Website
12488,2024-02-25,28,1013,8,9,300.0,0.1,2430.0,720.0,1710.0,70.37,Venda Direta / B2B
12489,2023-04-07,27,1006,2,10,650.0,0.0,6500.0,3900.0,2600.0,40.0,Venda Direta / B2B
12490,2024-07-29,109,1008,4,3,2800.0,0.0,8400.0,5400.0,3000.0,35.71,E-commerce
12491,2024-10-01,147,1018,6,7,95.0,0.0,665.0,315.0,350.0,52.63,Venda Direta / B2B
12492,2024-03-12,140,1003,5,5,350.0,0.15,1487.5,900.0,587.5,39.5,Venda Direta / B2B
12493,2023-07-27,149,1006,6,1,650.0,0.1,585.0,390.0,195.0,33.33,Website
12494,2024-05-21,25,1002,7,5,2200.0,0.0,11000.0,7250.0,3750.0,34.09,Venda Direta / B2B
12495,2024-03-30,65,1007,2,7,1200.0,0.15,7140.0,5250.0,1890.0,26.47,Venda Direta / B2B
12496,2023-11-04,119,1005,8,3,850.0,0.0,2550.0,1560.0,990.0,38.82,Website
12497,2023-09-14,24,1006,8,3,650.0,0.0,1950.0,1170.0,780.0,40.0,Website
12498,2025-01-10,133,1009,7,3,550.0,0.15,1402.5,960.0,442.5,31.55,Website
12499,2024-06-28,113,1016,4,2,280.0,0.15,476.0,300.0,176.0,36.97,Website
12500,2024-04-05,132,1004,3,3,220.0,0.1,594.0,330.0,264.0,44.44,E-commerce
12501,2023-06-09,147,1008,8,12,2800.0,0.1,30240.0,21600.0,8640.0,28.57,Venda Direta / B2B
12502,2025-04-09,110,1018,7,11,95.0,0.1,940.5,495.0,445.5,47.37,Venda Direta / B2B
12503,2024-10-08,104,1002,8,4,2200.0,0.15,7480.0,5800.0,1680.0,22.46,Venda Direta / B2B
12504,2025-04-05,4,1005,6,13,850.0,0.1,9945.0,6760.0,3185.0,32.03,Venda Direta / B2B
12505,2024-11-18,44,1003,3,1,350.0,0.05,332.5,180.0,152.5,45.86,E-commerce
12506,2025-02-06,101,1003,6,1,350.0,0.15,297.5,180.0,117.5,39.5,Venda Direta / B2B
12507,2025-10-19,68,1004,7,3,220.0,0.0,660.0,330.0,330.0,50.0,Website
12508,2024-11-06,19,1006,3,2,650.0,0.1,1170.0,780.0,390.0,33.33,E-commerce
12509,2025-03-22,143,1002,5,4,2200.0,0.15,7480.0,5800.0,1680.0,22.46,Venda Direta / B2B
12510,2024-12-30,140,1010,1,3,420.0,0.0,1260.0,720.0,540.0,42.86,Venda Direta / B2B
12511,2025-05-20,59,1002,7,12,2200.0,0.05,25080.0,17400.0,7680.0,30.62,Website
12512,2024-10-27,34,1010,5,15,420.0,0.05,5985.0,3600.0,2385.0,39.85,Website
12513,2025-05-17,142,1017,2,3,45.0,0.05,128.25,45.0,83.25,64.91,Website
12514,2024-07-04,130,1018,8,13,95.0,0.1,1111.5,585.0,526.5,47.37,Venda Direta / B2B
12515,2023-10-10,61,1006,7,8,650.0,0.1,4680.0,3120.0,1560.0,33.33,Venda Direta / B2B
12516,2024-02-18,7,1006,8,5,650.0,0.0,3250.0,1950.0,1300.0,40.0,Venda Direta / B2B
12517,2025-09-02,119,1003,8,3,350.0,0.1,945.0,540.0,405.0,42.86,E-commerce
12518,2024-11-18,130,1014,8,12,280.0,0.0,3360.0,1080.0,2280.0,67.86,Venda Direta / B2B
12519,2024-06-12,127,1007,1,3,1200.0,0.15,3060.0,2250.0,810.0,26.47,E-commerce
12520,2023-01-24,61,1006,6,1,650.0,0.05,617.5,390.0,227.5,36.84,Website
12521,2025-06-13,100,1012,7,3,150.0,0.1,405.0,120.0,285.0,70.37,E-commerce
12522,2024-12-05,32,1001,3,5,4500.0,0.0,22500.0,15500.0,7000.0,31.11,Website
12523,2025-04-05,96,1011,5,5,12000.0,0.15,51000.0,20000.0,31000.0,60.78,Venda Direta / B2B
12524,2024-08-08,51,1013,3,6,300.0,0.05,1710.0,480.0,1230.0,71.93,Website
12525,2024-02-07,35,1008,5,13,2800.0,0.0,36400.0,23400.0,13000.0,35.71,Venda Direta / B2B
12526,2025-05-31,140,1007,2,6,1200.0,0.0,7200.0,4500.0,2700.0,37.5,Venda Direta / B2B
12527,2024-04-22,48,1011,6,12,12000.0,0.0,144000.0,48000.0,96000.0,66.67,Venda Direta / B2B
12528,2025-07-09,100,1011,3,3,12000.0,0.1,32400.0,12000.0,20400.0,62.96,Website
12529,2025-08-11,57,1008,6,3,2800.0,0.0,8400.0,5400.0,3000.0,35.71,E-commerce
12530,2024-03-17,28,1017,7,6,45.0,0.0,270.0,90.0,180.0,66.67,Venda Direta / B2B
12531,2025-08-18,133,1016,5,7,280.0,0.05,1862.0,1050.0,812.0,43.61,Website
12532,2023-04-27,125,1011,5,14,12000.0,0.0,168000.0,56000.0,112000.0,66.67,Venda Direta / B2B
12533,2023-03-23,31,1010,2,1,420.0,0.15,357.0,240.0,117.0,32.77,E-commerce
12534,2024-10-12,51,1002,6,10,2200.0,0.05,20900.0,14500.0,6400.0,30.62,Venda Direta / B2B
12535,2025-04-13,94,1003,4,7,350.0,0.0,2450.0,1260.0,1190.0,48.57,Venda Direta / B2B
12536,2024-06-16,28,1015,6,14,32.0,0.0,448.0,252.0,196.0,43.75,Venda Direta / B2B
12537,2023-11-02,94,1006,4,14,650.0,0.1,8190.0,5460.0,2730.0,33.33,Venda Direta / B2B
12538,2025-03-08,25,1017,4,13,45.0,0.1,526.5,195.0,331.5,62.96,Venda Direta / B2B
12539,2025-05-21,5,1002,5,14,2200.0,0.0,30800.0,20300.0,10500.0,34.09,Venda Direta / B2B
12540,2024-05-12,10,1003,6,3,350.0,0.1,945.0,540.0,405.0,42.86,Venda Direta / B2B
12541,2025-01-03,135,1004,8,9,220.0,0.15,1683.0,990.0,693.0,41.18,Venda Direta / B2B
12542,2025-03-10,123,1005,1,5,850.0,0.0,4250.0,2600.0,1650.0,38.82,Venda Direta / B2B
12543,2024-03-28,135,1017,6,7,45.0,0.0,315.0,105.0,210.0,66.67,Venda Direta / B2B
12544,2025-07-30,110,1018,7,1,95.0,0.15,80.75,45.0,35.75,44.27,Venda Direta / B2B
12545,2024-10-26,138,1015,8,5,32.0,0.0,160.0,90.0,70.0,43.75,Venda Direta / B2B
12546,2023-12-14,131,1011,6,12,12000.0,0.05,136800.0,48000.0,88800.0,64.91,Website
12547,2024-11-18,109,1011,6,2,12000.0,0.0,24000.0,8000.0,16000.0,66.67,E-commerce
12548,2024-10-24,31,1010,2,3,420.0,0.05,1197.0,720.0,477.0,39.85,E-commerce
12549,2023-05-29,11,1001,1,1,4500.0,0.05,4275.0,3100.0,1175.0,27.49,E-commerce
12550,2025-01-17,19,1008,4,1,2800.0,0.05,2660.0,1800.0,860.0,32.33,Website
12551,2025-06-02,54,1003,1,6,350.0,0.1,1890.0,1080.0,810.0,42.86,Venda Direta / B2B
12552,2023-06-21,109,1007,3,3,1200.0,0.05,3420.0,2250.0,1170.0,34.21,Website
12553,2024-05-29,135,1017,7,7,45.0,0.15,267.75,105.0,162.75,60.78,Website
12554,2025-11-07,37,1016,8,14,280.0,0.0,3920.0,2100.0,1820.0,46.43,Website
12555,2024-08-30,75,1015,7,3,32.0,0.0,96.0,54.0,42.0,43.75,Website
12556,2023-12-03,43,1017,6,2,45.0,0.0,90.0,30.0,60.0,66.67,Website
12557,2024-11-08,140,1006,2,12,650.0,0.0,7800.0,4680.0,3120.0,40.0,Venda Direta / B2B
12558,2025-05-10,52,1005,3,3,850.0,0.05,2422.5,1560.0,862.5,35.6,Website
12559,2025-01-08,97,1002,1,1,2200.0,0.1,1980.0,1450.0,530.0,26.77,Website
12560,2024-04-23,53,1006,8,6,650.0,0.15,3315.0,2340.0,975.0,29.41,Venda Direta / B2B
12561,2024-01-15,104,1016,2,11,280.0,0.0,3080.0,1650.0,1430.0,46.43,Venda Direta / B2B
12562,2025-04-09,123,1012,8,6,150.0,0.05,855.0,240.0,615.0,71.93,Venda Direta / B2B
12563,2024-12-01,124,1009,3,7,550.0,0.15,3272.5,2240.0,1032.5,31.55,Venda Direta / B2B
12564,2025-08-07,37,1011,2,9,12000.0,0.1,97200.0,36000.0,61200.0,62.96,Website
12565,2024-07-31,62,1018,2,2,95.0,0.15,161.5,90.0,71.5,44.27,Website
12566,2025-06-02,31,1015,8,1,32.0,0.1,28.8,18.0,10.8,37.5,Website
12567,2025-02-13,114,1007,4,15,1200.0,0.15,15300.0,11250.0,4050.0,26.47,Website
12568,2025-09-07,84,1001,3,3,4500.0,0.15,11475.0,9300.0,2175.0,18.95,Venda Direta / B2B
12569,2025-08-22,106,1007,3,1,1200.0,0.05,1140.0,750.0,390.0,34.21,E-commerce
12570,2025-01-27,78,1003,4,9,350.0,0.0,3150.0,1620.0,1530.0,48.57,Website
12571,2024-03-30,84,1006,6,12,650.0,0.15,6630.0,4680.0,1950.0,29.41,Venda Direta / B2B
12572,2025-05-24,53,1018,6,9,95.0,0.05,812.25,405.0,407.25,50.14,Venda Direta / B2B
12573,2024-08-27,119,1016,8,1,280.0,0.1,252.0,150.0,102.0,40.48,Website
12574,2024-05-18,147,1001,6,5,4500.0,0.15,19125.0,15500.0,3625.0,18.95,Venda Direta / B2B
12575,2025-04-24,30,1016,3,15,280.0,0.15,3570.0,2250.0,1320.0,36.97,Venda Direta / B2B
12576,2025-05-03,1,1015,3,3,32.0,0.1,86.4,54.0,32.4,37.5,Website
12577,2023-09-05,85,1002,4,11,2200.0,0.1,21780.0,15950.0,5830.0,26.77,Website
12578,2025-03-25,29,1016,4,8,280.0,0.05,2128.0,1200.0,928.0,43.61,Website
12579,2023-12-14,133,1018,4,3,95.0,0.0,285.0,135.0,150.0,52.63,Venda Direta / B2B
12580,2025-04-25,35,1004,6,7,220.0,0.0,1540.0,770.0,770.0,50.0,Website
12581,2024-11-22,10,1006,1,5,650.0,0.1,2925.0,1950.0,975.0,33.33,Website
12582,2024-12-28,133,1015,8,6,32.0,0.0,192.0,108.0,84.0,43.75,Website
12583,2025-02-17,132,1012,6,1,150.0,0.15,127.5,40.0,87.5,68.63,Website
12584,2024-08-09,11,1002,4,1,2200.0,0.05,2090.0,1450.0,640.0,30.62,E-commerce
12585,2024-03-30,21,1013,6,2,300.0,0.0,600.0,160.0,440.0,73.33,Venda Direta / B2B
12586,2024-07-04,54,1006,2,1,650.0,0.15,552.5,390.0,162.5,29.41,Venda Direta / B2B
12587,2024-01-18,7,1012,2,5,150.0,0.1,675.0,200.0,475.0,70.37,Venda Direta / B2B
12588,2024-05-06,50,1017,1,10,45.0,0.0,450.0,150.0,300.0,66.67,Venda Direta / B2B
12589,2024-12-10,22,1016,4,11,280.0,0.1,2772.0,1650.0,1122.0,40.48,Website
12590,2023-10-12,38,1004,7,1,220.0,0.0,220.0,110.0,110.0,50.0,Website
12591,2025-03-10,54,1004,3,2,220.0,0.1,396.0,220.0,176.0,44.44,Website
12592,2024-08-21,14,1005,2,10,850.0,0.0,8500.0,5200.0,3300.0,38.82,Website
12593,2023-11-15,104,1013,2,3,300.0,0.0,900.0,240.0,660.0,73.33,Venda Direta / B2B
12594,2023-11-21,115,1002,3,12,2200.0,0.15,22440.0,17400.0,5040.0,22.46,Venda Direta / B2B
12595,2025-03-25,51,1008,4,1,2800.0,0.15,2380.0,1800.0,580.0,24.37,Venda Direta / B2B
12596,2024-02-14,87,1013,4,9,300.0,0.0,2700.0,720.0,1980.0,73.33,Venda Direta / B2B
12597,2024-09-22,134,1010,2,1,420.0,0.0,420.0,240.0,180.0,42.86,E-commerce
12598,2023-10-24,6,1010,7,11,420.0,0.0,4620.0,2640.0,1980.0,42.86,Website
12599,2025-07-17,148,1001,6,3,4500.0,0.15,11475.0,9300.0,2175.0,18.95,Venda Direta / B2B
12600,2024-05-15,5,1005,4,12,850.0,0.05,9690.0,6240.0,3450.0,35.6,Venda Direta / B2B
12601,2025-03-04,1,1003,4,3,350.0,0.0,1050.0,540.0,510.0,48.57,E-commerce
12602,2025-04-05,5,1016,2,4,280.0,0.0,1120.0,600.0,520.0,46.43,Venda Direta / B2B
12603,2023-12-18,109,1007,6,3,1200.0,0.15,3060.0,2250.0,810.0,26.47,E-commerce
12604,2024-07-19,34,1010,4,14,420.0,0.05,5586.0,3360.0,2226.0,39.85,Venda Direta / B2B
12605,2025-08-06,7,1005,3,8,850.0,0.1,6120.0,4160.0,1960.0,32.03,Venda Direta / B2B
12606,2023-11-24,123,1006,4,9,650.0,0.05,5557.5,3510.0,2047.5,36.84,Venda Direta / B2B
12607,2023-08-18,114,1002,2,7,2200.0,0.15,13090.0,10150.0,2940.0,22.46,Venda Direta / B2B
12608,2023-05-20,34,1008,3,14,2800.0,0.15,33320.0,25200.0,8120.0,24.37,Venda Direta / B2B
12609,2025-01-23,88,1004,6,2,220.0,0.0,440.0,220.0,220.0,50.0,Website
12610,2024-03-16,9,1010,4,1,420.0,0.0,420.0,240.0,180.0,42.86,Venda Direta / B2B
12611,2025-01-03,128,1013,8,6,300.0,0.05,1710.0,480.0,1230.0,71.93,Venda Direta / B2B
12612,2025-01-07,114,1012,6,6,150.0,0.1,810.0,240.0,570.0,70.37,Venda Direta / B2B
12613,2025-05-15,65,1008,8,14,2800.0,0.0,39200.0,25200.0,14000.0,35.71,Venda Direta / B2B
12614,2025-05-11,119,1009,7,1,550.0,0.0,550.0,320.0,230.0,41.82,Website
12615,2024-11-27,132,1004,2,1,220.0,0.0,220.0,110.0,110.0,50.0,Website
12616,2025-04-21,142,1014,4,1,280.0,0.1,252.0,90.0,162.0,64.29,E-commerce
12617,2024-05-06,126,1003,3,7,350.0,0.0,2450.0,1260.0,1190.0,48.57,Website
12618,2024-11-20,25,1017,6,8,45.0,0.0,360.0,120.0,240.0,66.67,Venda Direta / B2B
12619,2024-12-20,88,1004,1,2,220.0,0.0,440.0,220.0,220.0,50.0,Website
12620,2024-10-28,116,1014,2,4,280.0,0.1,1008.0,360.0,648.0,64.29,Venda Direta / B2B
12621,2025-02-27,21,1011,1,14,12000.0,0.05,159600.0,56000.0,103600.0,64.91,Venda Direta / B2B
12622,2025-09-12,126,1009,5,4,550.0,0.0,2200.0,1280.0,920.0,41.82,Venda Direta / B2B
12623,2023-11-12,7,1007,1,10,1200.0,0.0,12000.0,7500.0,4500.0,37.5,Venda Direta / B2B
12624,2024-07-05,91,1017,8,2,45.0,0.15,76.5,30.0,46.5,60.78,E-commerce
12625,2024-04-15,53,1001,2,9,4500.0,0.05,38475.0,27900.0,10575.0,27.49,Venda Direta / B2B
12626,2024-02-21,104,1007,3,14,1200.0,0.05,15960.0,10500.0,5460.0,34.21,Venda Direta / B2B
12627,2025-05-12,112,1013,3,1,300.0,0.15,255.0,80.0,175.0,68.63,E-commerce
12628,2023-08-25,36,1008,8,1,2800.0,0.0,2800.0,1800.0,1000.0,35.71,Venda Direta / B2B
12629,2025-09-29,107,1013,7,2,300.0,0.05,570.0,160.0,410.0,71.93,Venda Direta / B2B
12630,2025-01-09,18,1001,2,1,4500.0,0.15,3825.0,3100.0,725.0,18.95,E-commerce
12631,2024-10-13,32,1015,5,1,32.0,0.05,30.4,18.0,12.4,40.79,Venda Direta / B2B
12632,2024-12-16,142,1018,2,3,95.0,0.15,242.25,135.0,107.25,44.27,E-commerce
12633,2023-02-21,17,1008,6,13,2800.0,0.0,36400.0,23400.0,13000.0,35.71,Venda Direta / B2B
12634,2024-04-17,10,1017,5,11,45.0,0.1,445.5,165.0,280.5,62.96,Website
12635,2025-07-24,136,1013,8,11,300.0,0.0,3300.0,880.0,2420.0,73.33,Venda Direta / B2B
12636,2024-02-21,31,1015,7,2,32.0,0.0,64.0,36.0,28.0,43.75,E-commerce
12637,2024-08-21,26,1013,3,1,300.0,0.05,285.0,80.0,205.0,71.93,E-commerce
12638,2025-08-19,123,1016,5,4,280.0,0.0,1120.0,600.0,520.0,46.43,Venda Direta / B2B
12639,2025-03-26,47,1014,4,3,280.0,0.15,714.0,270.0,444.0,62.18,E-commerce
12640,2024-12-05,115,1004,1,2,220.0,0.05,418.0,220.0,198.0,47.37,Website
12641,2024-01-15,36,1014,1,4,280.0,0.0,1120.0,360.0,760.0,67.86,Venda Direta / B2B
12642,2024-11-01,44,1018,2,1,95.0,0.0,95.0,45.0,50.0,52.63,E-commerce
12643,2025-05-13,67,1001,2,14,4500.0,0.0,63000.0,43400.0,19600.0,31.11,Website
12644,2024-03-29,130,1017,8,15,45.0,0.0,675.0,225.0,450.0,66.67,Venda Direta / B2B
12645,2023-09-28,6,1015,5,15,32.0,0.15,408.0,270.0,138.0,33.82,Website
12646,2023-06-13,140,1003,7,15,350.0,0.05,4987.5,2700.0,2287.5,45.86,Venda Direta / B2B
12647,2024-11-14,31,1006,8,2,650.0,0.15,1105.0,780.0,325.0,29.41,Website
12648,2025-10-05,96,1017,8,15,45.0,0.15,573.75,225.0,348.75,60.78,Venda Direta / B2B
12649,2024-01-24,67,1001,1,7,4500.0,0.05,29925.0,21700.0,8225.0,27.49,Venda Direta / B2B
12650,2024-10-04,47,1003,4,2,350.0,0.05,665.0,360.0,305.0,45.86,Website
12651,2024-12-22,22,1003,3,9,350.0,0.15,2677.5,1620.0,1057.5,39.5,Venda Direta / B2B
12652,2024-04-30,109,1006,3,2,650.0,0.15,1105.0,780.0,325.0,29.41,E-commerce
12653,2025-08-08,13,1016,5,1,280.0,0.0,280.0,150.0,130.0,46.43,E-commerce
12654,2025-02-28,23,1009,7,2,550.0,0.1,990.0,640.0,350.0,35.35,Venda Direta / B2B
12655,2023-07-16,64,1018,3,8,95.0,0.15,646.0,360.0,286.0,44.27,Venda Direta / B2B
12656,2024-11-29,97,1011,6,1,12000.0,0.15,10200.0,4000.0,6200.0,60.78,E-commerce
12657,2025-04-16,47,1013,5,3,300.0,0.15,765.0,240.0,525.0,68.63,Website
12658,2025-07-21,97,1010,7,3,420.0,0.05,1197.0,720.0,477.0,39.85,Website
12659,2025-07-31,7,1014,5,8,280.0,0.05,2128.0,720.0,1408.0,66.17,Website
12660,2023-12-30,3,1015,3,3,32.0,0.0,96.0,54.0,42.0,43.75,E-commerce
12661,2024-08-03,92,1006,4,14,650.0,0.1,8190.0,5460.0,2730.0,33.33,Website
12662,2024-05-05,33,1018,1,3,95.0,0.05,270.75,135.0,135.75,50.14,Website
12663,2024-11-14,129,1018,4,3,95.0,0.1,256.5,135.0,121.5,47.37,Website
12664,2023-12-13,102,1009,8,3,550.0,0.1,1485.0,960.0,525.0,35.35,Website
12665,2024-12-25,109,1003,1,3,350.0,0.0,1050.0,540.0,510.0,48.57,Website
12666,2024-05-26,29,1007,4,6,1200.0,0.15,6120.0,4500.0,1620.0,26.47,Website
12667,2025-01-17,53,1006,7,2,650.0,0.0,1300.0,780.0,520.0,40.0,Venda Direta / B2B
12668,2024-10-06,1,1014,6,1,280.0,0.0,280.0,90.0,190.0,67.86,Website
12669,2025-07-13,143,1011,2,7,12000.0,0.0,84000.0,28000.0,56000.0,66.67,Venda Direta / B2B
12670,2025-07-06,72,1012,5,8,150.0,0.05,1140.0,320.0,820.0,71.93,Venda Direta / B2B
12671,2023-11-26,110,1004,6,11,220.0,0.0,2420.0,1210.0,1210.0,50.0,Venda Direta / B2B
12672,2025-02-19,8,1009,7,2,550.0,0.1,990.0,640.0,350.0,35.35,Website
12673,2025-03-23,17,1016,3,12,280.0,0.15,2856.0,1800.0,1056.0,36.97,Venda Direta / B2B
12674,2024-11-16,11,1018,1,2,95.0,0.15,161.5,90.0,71.5,44.27,E-commerce
12675,2023-12-23,21,1009,8,5,550.0,0.15,2337.5,1600.0,737.5,31.55,Venda Direta / B2B
12676,2025-05-18,58,1004,6,10,220.0,0.1,1980.0,1100.0,880.0,44.44,Venda Direta / B2B
12677,2025-01-09,140,1009,7,10,550.0,0.15,4675.0,3200.0,1475.0,31.55,Website
12678,2025-01-04,149,1008,7,3,2800.0,0.05,7980.0,5400.0,2580.0,32.33,E-commerce
12679,2025-07-25,146,1013,5,12,300.0,0.05,3420.0,960.0,2460.0,71.93,Venda Direta / B2B
12680,2024-06-29,81,1009,1,2,550.0,0.15,935.0,640.0,295.0,31.55,Venda Direta / B2B
12681,2023-12-10,15,1006,8,6,650.0,0.1,3510.0,2340.0,1170.0,33.33,Venda Direta / B2B
12682,2025-06-18,90,1002,2,2,2200.0,0.0,4400.0,2900.0,1500.0,34.09,Venda Direta / B2B
12683,2024-08-30,59,1002,7,4,2200.0,0.05,8360.0,5800.0,2560.0,30.62,Venda Direta / B2B
12684,2024-04-10,26,1005,5,2,850.0,0.15,1445.0,1040.0,405.0,28.03,E-commerce
12685,2023-08-09,2,1016,1,1,280.0,0.15,238.0,150.0,88.0,36.97,Website
12686,2024-05-27,77,1005,5,3,850.0,0.05,2422.5,1560.0,862.5,35.6,Venda Direta / B2B
12687,2025-07-15,71,1013,7,7,300.0,0.1,1890.0,560.0,1330.0,70.37,Venda Direta / B2B
12688,2023-07-28,68,1014,3,1,280.0,0.05,266.0,90.0,176.0,66.17,E-commerce
12689,2024-08-31,126,1012,8,6,150.0,0.0,900.0,240.0,660.0,73.33,Website
12690,2024-12-07,82,1010,4,1,420.0,0.1,378.0,240.0,138.0,36.51,Website
12691,2023-12-05,67,1012,7,15,150.0,0.0,2250.0,600.0,1650.0,73.33,Venda Direta / B2B
12692,2025-05-23,108,1006,6,3,650.0,0.0,1950.0,1170.0,780.0,40.0,E-commerce
12693,2023-11-04,89,1011,4,15,12000.0,0.0,180000.0,60000.0,120000.0,66.67,Venda Direta / B2B
12694,2025-02-17,42,1014,3,1,280.0,0.0,280.0,90.0,190.0,67.86,Website
12695,2024-05-21,110,1015,8,12,32.0,0.1,345.6,216.0,129.6,37.5,Website
12696,2024-06-04,81,1005,2,7,850.0,0.0,5950.0,3640.0,2310.0,38.82,Venda Direta / B2B
12697,2023-09-20,26,1009,2,2,550.0,0.15,935.0,640.0,295.0,31.55,E-commerce
12698,2025-04-15,16,1013,1,13,300.0,0.0,3900.0,1040.0,2860.0,73.33,Website
12699,2023-11-04,102,1017,8,12,45.0,0.15,459.0,180.0,279.0,60.78,Venda Direta / B2B
12700,2023-12-01,45,1003,6,2,350.0,0.05,665.0,360.0,305.0,45.86,Website
12701,2024-09-16,68,1014,3,3,280.0,0.0,840.0,270.0,570.0,67.86,E-commerce
12702,2023-12-25,43,1004,1,1,220.0,0.0,220.0,110.0,110.0,50.0,E-commerce
12703,2025-03-12,88,1016,4,2,280.0,0.15,476.0,300.0,176.0,36.97,E-commerce
12704,2025-03-09,13,1018,8,3,95.0,0.0,285.0,135.0,150.0,52.63,E-commerce
12705,2024-07-21,132,1009,3,2,550.0,0.0,1100.0,640.0,460.0,41.82,Website
12706,2025-02-04,129,1008,6,2,2800.0,0.05,5320.0,3600.0,1720.0,32.33,E-commerce
12707,2023-07-22,66,1014,5,11,280.0,0.05,2926.0,990.0,1936.0,66.17,Venda Direta / B2B
12708,2025-01-24,38,1011,4,14,12000.0,0.0,168000.0,56000.0,112000.0,66.67,Venda Direta / B2B
12709,2023-12-16,40,1007,8,5,1200.0,0.15,5100.0,3750.0,1350.0,26.47,Website
12710,2025-03-28,22,1016,8,8,280.0,0.0,2240.0,1200.0,1040.0,46.43,Venda Direta / B2B
12711,2024-04-05,43,1010,8,1,420.0,0.0,420.0,240.0,180.0,42.86,Website
12712,2025-06-01,138,1018,7,11,95.0,0.0,1045.0,495.0,550.0,52.63,Venda Direta / B2B
12713,2025-06-25,4,1012,1,13,150.0,0.15,1657.5,520.0,1137.5,68.63,Venda Direta / B2B
12714,2025-04-08,11,1008,5,2,2800.0,0.0,5600.0,3600.0,2000.0,35.71,Website
12715,2024-08-04,84,1008,3,5,2800.0,0.0,14000.0,9000.0,5000.0,35.71,Website
12716,2024-06-21,79,1008,1,1,2800.0,0.15,2380.0,1800.0,580.0,24.37,Website
12717,2023-09-03,113,1013,8,3,300.0,0.15,765.0,240.0,525.0,68.63,E-commerce
12718,2025-07-01,89,1014,3,5,280.0,0.05,1330.0,450.0,880.0,66.17,Venda Direta / B2B
12719,2025-07-12,67,1012,5,7,150.0,0.15,892.5,280.0,612.5,68.63,Venda Direta / B2B
12720,2024-03-04,93,1018,2,8,95.0,0.15,646.0,360.0,286.0,44.27,Website
12721,2024-03-11,28,1018,1,11,95.0,0.05,992.75,495.0,497.75,50.14,Website
12722,2024-04-03,38,1004,8,9,220.0,0.05,1881.0,990.0,891.0,47.37,Website
12723,2025-06-06,146,1013,7,10,300.0,0.15,2550.0,800.0,1750.0,68.63,Website
12724,2025-04-03,79,1002,6,2,2200.0,0.1,3960.0,2900.0,1060.0,26.77,Website
12725,2023-10-30,36,1015,5,7,32.0,0.0,224.0,126.0,98.0,43.75,Venda Direta / B2B
12726,2025-04-23,98,1018,5,3,95.0,0.0,285.0,135.0,150.0,52.63,Venda Direta / B2B
12727,2025-07-01,58,1018,8,3,95.0,0.0,285.0,135.0,150.0,52.63,Website
12728,2024-04-01,39,1004,2,11,220.0,0.15,2057.0,1210.0,847.0,41.18,Website
12729,2024-10-22,41,1013,4,3,300.0,0.15,765.0,240.0,525.0,68.63,Website
12730,2025-07-19,55,1018,3,3,95.0,0.0,285.0,135.0,150.0,52.63,Venda Direta / B2B
12731,2025-04-27,48,1001,4,3,4500.0,0.0,13500.0,9300.0,4200.0,31.11,Venda Direta / B2B
12732,2023-08-23,99,1017,8,7,45.0,0.0,315.0,105.0,210.0,66.67,Venda Direta / B2B
12733,2023-07-18,131,1001,8,12,4500.0,0.0,54000.0,37200.0,16800.0,31.11,Venda Direta / B2B
12734,2023-04-09,76,1003,4,6,350.0,0.0,2100.0,1080.0,1020.0,48.57,Venda Direta / B2B
12735,2024-05-17,142,1008,5,2,2800.0,0.0,5600.0,3600.0,2000.0,35.71,Website
12736,2024-12-18,124,1002,5,7,2200.0,0.0,15400.0,10150.0,5250.0,34.09,Website
12737,2024-02-17,105,1010,6,14,420.0,0.0,5880.0,3360.0,2520.0,42.86,Website
12738,2023-06-24,5,1007,8,14,1200.0,0.0,16800.0,10500.0,6300.0,37.5,Venda Direta / B2B
12739,2023-02-25,85,1009,7,8,550.0,0.05,4180.0,2560.0,1620.0,38.76,Venda Direta / B2B
12740,2023-05-11,112,1002,7,3,2200.0,0.1,5940.0,4350.0,1590.0,26.77,E-commerce
12741,2024-04-29,4,1003,7,15,350.0,0.05,4987.5,2700.0,2287.5,45.86,Venda Direta / B2B
12742,2025-06-01,58,1003,5,1,350.0,0.15,297.5,180.0,117.5,39.5,Venda Direta / B2B
12743,2024-06-15,69,1013,8,1,300.0,0.15,255.0,80.0,175.0,68.63,Website
12744,2023-04-25,50,1018,7,7,95.0,0.0,665.0,315.0,350.0,52.63,Website
12745,2024-05-21,97,1005,7,1,850.0,0.15,722.5,520.0,202.5,28.03,E-commerce
12746,2024-09-25,136,1001,4,9,4500.0,0.15,34425.0,27900.0,6525.0,18.95,Venda Direta / B2B
12747,2024-11-27,121,1004,8,3,220.0,0.05,627.0,330.0,297.0,47.37,Website
12748,2023-06-13,47,1014,6,2,280.0,0.15,476.0,180.0,296.0,62.18,Website
12749,2024-09-21,6,1013,4,3,300.0,0.0,900.0,240.0,660.0,73.33,Venda Direta / B2B
12750,2023-12-07,117,1012,3,7,150.0,0.05,997.5,280.0,717.5,71.93,Venda Direta / B2B
12751,2025-09-25,2,1018,6,15,95.0,0.0,1425.0,675.0,750.0,52.63,Venda Direta / B2B
12752,2025-04-08,86,1012,6,1,150.0,0.1,135.0,40.0,95.0,70.37,E-commerce
12753,2024-09-23,36,1003,8,5,350.0,0.15,1487.5,900.0,587.5,39.5,Venda Direta / B2B
12754,2024-02-06,25,1003,3,5,350.0,0.15,1487.5,900.0,587.5,39.5,Venda Direta / B2B
12755,2025-02-27,36,1013,7,5,300.0,0.0,1500.0,400.0,1100.0,73.33,Venda Direta / B2B
12756,2023-12-17,86,1016,2,2,280.0,0.05,532.0,300.0,232.0,43.61,Website
12757,2025-03-04,69,1012,3,2,150.0,0.05,285.0,80.0,205.0,71.93,Website
12758,2025-02-10,125,1012,1,6,150.0,0.15,765.0,240.0,525.0,68.63,Venda Direta / B2B
12759,2023-11-29,33,1005,6,2,850.0,0.15,1445.0,1040.0,405.0,28.03,Website
12760,2023-05-06,17,1002,7,4,2200.0,0.05,8360.0,5800.0,2560.0,30.62,Website
12761,2024-08-21,118,1002,3,4,2200.0,0.05,8360.0,5800.0,2560.0,30.62,Venda Direta / B2B
12762,2025-05-18,46,1016,3,15,280.0,0.15,3570.0,2250.0,1320.0,36.97,Website
12763,2024-06-19,2,1009,1,2,550.0,0.15,935.0,640.0,295.0,31.55,Venda Direta / B2B
12764,2025-01-24,47,1017,3,3,45.0,0.1,121.5,45.0,76.5,62.96,E-commerce
12765,2024-04-03,108,1005,2,2,850.0,0.0,1700.0,1040.0,660.0,38.82,E-commerce
12766,2024-10-10,90,1002,1,2,2200.0,0.15,3740.0,2900.0,840.0,22.46,Venda Direta / B2B
12767,2024-07-23,46,1001,8,15,4500.0,0.0,67500.0,46500.0,21000.0,31.11,Venda Direta / B2B
12768,2024-06-08,21,1014,1,12,280.0,0.0,3360.0,1080.0,2280.0,67.86,Venda Direta / B2B
12769,2025-08-12,14,1015,3,4,32.0,0.0,128.0,72.0,56.0,43.75,Venda Direta / B2B
12770,2024-09-27,81,1014,1,1,280.0,0.05,266.0,90.0,176.0,66.17,Venda Direta / B2B
12771,2025-07-02,130,1003,5,9,350.0,0.05,2992.5,1620.0,1372.5,45.86,Website
12772,2025-02-20,37,1008,8,7,2800.0,0.15,16660.0,12600.0,4060.0,24.37,Website
12773,2024-12-08,89,1014,3,10,280.0,0.05,2660.0,900.0,1760.0,66.17,Venda Direta / B2B
12774,2025-08-24,106,1004,2,3,220.0,0.1,594.0,330.0,264.0,44.44,Website
12775,2024-02-25,138,1010,2,4,420.0,0.0,1680.0,960.0,720.0,42.86,Website
12776,2023-06-26,12,1011,3,2,12000.0,0.0,24000.0,8000.0,16000.0,66.67,E-commerce
12777,2025-02-12,120,1003,5,4,350.0,0.05,1330.0,720.0,610.0,45.86,Website
12778,2024-09-10,62,1017,6,1,45.0,0.15,38.25,15.0,23.25,60.78,E-commerce
12779,2023-08-18,140,1009,7,1,550.0,0.1,495.0,320.0,175.0,35.35,Website
12780,2024-09-17,57,1018,5,2,95.0,0.15,161.5,90.0,71.5,44.27,Website
12781,2024-05-29,82,1006,4,2,650.0,0.1,1170.0,780.0,390.0,33.33,E-commerce
12782,2025-07-10,13,1018,6,2,95.0,0.1,171.0,90.0,81.0,47.37,Website
12783,2025-04-27,13,1009,7,2,550.0,0.15,935.0,640.0,295.0,31.55,E-commerce
12784,2024-06-25,94,1003,7,3,350.0,0.15,892.5,540.0,352.5,39.5,Venda Direta / B2B
12785,2024-02-04,9,1001,6,15,4500.0,0.0,67500.0,46500.0,21000.0,31.11,Venda Direta / B2B
12786,2023-07-12,8,1010,2,1,420.0,0.0,420.0,240.0,180.0,42.86,Website
12787,2025-11-14,130,1015,7,2,32.0,0.0,64.0,36.0,28.0,43.75,Website
12788,2023-12-19,114,1010,7,1,420.0,0.0,420.0,240.0,180.0,42.86,Website
12789,2024-01-19,104,1001,6,15,4500.0,0.05,64125.0,46500.0,17625.0,27.49,Venda Direta / B2B
12790,2025-04-28,22,1009,3,1,550.0,0.0,550.0,320.0,230.0,41.82,Venda Direta / B2B
12791,2024-02-03,145,1011,6,14,12000.0,0.0,168000.0,56000.0,112000.0,66.67,Venda Direta / B2B
12792,2024-01-07,13,1014,2,2,280.0,0.05,532.0,180.0,352.0,66.17,Website
12793,2024-03-08,89,1006,5,8,650.0,0.15,4420.0,3120.0,1300.0,29.41,Website
12794,2024-06-28,73,1015,1,2,32.0,0.1,57.6,36.0,21.6,37.5,Website
12795,2025-02-23,119,1005,1,2,850.0,0.0,1700.0,1040.0,660.0,38.82,E-commerce
12796,2025-07-09,13,1003,1,2,350.0,0.15,595.0,360.0,235.0,39.5,E-commerce
12797,2024-03-10,4,1010,4,12,420.0,0.0,5040.0,2880.0,2160.0,42.86,Website
12798,2023-02-21,33,1012,1,1,150.0,0.0,150.0,40.0,110.0,73.33,E-commerce
12799,2024-10-27,17,1010,2,9,420.0,0.15,3213.0,2160.0,1053.0,32.77,Venda Direta / B2B
12800,2025-07-06,87,1008,3,9,2800.0,0.05,23940.0,16200.0,7740.0,32.33,Venda Direta / B2B
12801,2025-03-25,96,1008,6,3,2800.0,0.05,7980.0,5400.0,2580.0,32.33,Venda Direta / B2B
12802,2024-08-05,16,1002,7,8,2200.0,0.15,14960.0,11600.0,3360.0,22.46,Website
12803,2023-04-17,102,1001,7,15,4500.0,0.0,67500.0,46500.0,21000.0,31.11,Website
12804,2023-09-11,113,1013,8,2,300.0,0.0,600.0,160.0,440.0,73.33,Website
12805,2025-11-11,69,1017,3,12,45.0,0.0,540.0,180.0,360.0,66.67,Venda Direta / B2B
12806,2024-12-06,79,1010,6,1,420.0,0.0,420.0,240.0,180.0,42.86,Website
12807,2024-08-08,97,1015,3,2,32.0,0.0,64.0,36.0,28.0,43.75,E-commerce
12808,2024-03-12,3,1012,2,2,150.0,0.1,270.0,80.0,190.0,70.37,Website
12809,2024-06-06,101,1005,3,5,850.0,0.1,3825.0,2600.0,1225.0,32.03,Venda Direta / B2B
12810,2024-11-15,150,1006,1,3,650.0,0.15,1657.5,1170.0,487.5,29.41,Website
12811,2025-02-22,57,1005,4,2,850.0,0.0,1700.0,1040.0,660.0,38.82,E-commerce
12812,2023-09-04,147,1002,1,11,2200.0,0.0,24200.0,15950.0,8250.0,34.09,Venda Direta / B2B
12813,2024-07-11,139,1001,7,9,4500.0,0.0,40500.0,27900.0,12600.0,31.11,Venda Direta / B2B
12814,2023-04-21,23,1004,7,7,220.0,0.0,1540.0,770.0,770.0,50.0,Venda Direta / B2B
12815,2025-04-14,73,1001,6,2,4500.0,0.15,7650.0,6200.0,1450.0,18.95,E-commerce
12816,2024-11-28,116,1018,6,14,95.0,0.0,1330.0,630.0,700.0,52.63,Website
12817,2023-10-04,80,1014,3,7,280.0,0.0,1960.0,630.0,1330.0,67.86,Venda Direta / B2B
12818,2025-08-20,108,1008,3,1,2800.0,0.1,2520.0,1800.0,720.0,28.57,Website
12819,2024-07-22,48,1017,2,5,45.0,0.1,202.5,75.0,127.5,62.96,Venda Direta / B2B
12820,2025-06-19,1,1005,8,1,850.0,0.05,807.5,520.0,287.5,35.6,Website
12821,2025-05-14,141,1008,1,3,2800.0,0.1,7560.0,5400.0,2160.0,28.57,Venda Direta / B2B
12822,2025-02-21,26,1006,3,1,650.0,0.15,552.5,390.0,162.5,29.41,E-commerce
12823,2025-04-09,147,1017,8,12,45.0,0.05,513.0,180.0,333.0,64.91,Venda Direta / B2B
12824,2024-12-03,28,1014,2,9,280.0,0.0,2520.0,810.0,1710.0,67.86,Venda Direta / B2B
12825,2024-11-14,141,1011,2,12,12000.0,0.05,136800.0,48000.0,88800.0,64.91,Website
12826,2024-12-05,121,1015,3,3,32.0,0.1,86.4,54.0,32.4,37.5,Website
12827,2024-11-27,13,1002,6,1,2200.0,0.15,1870.0,1450.0,420.0,22.46,E-commerce
12828,2025-03-28,18,1007,7,3,1200.0,0.15,3060.0,2250.0,810.0,26.47,Website
12829,2025-07-04,45,1016,5,2,280.0,0.0,560.0,300.0,260.0,46.43,E-commerce
12830,2025-01-27,36,1017,3,12,45.0,0.0,540.0,180.0,360.0,66.67,Venda Direta / B2B
12831,2023-02-02,142,1006,4,3,650.0,0.15,1657.5,1170.0,487.5,29.41,E-commerce
12832,2023-11-30,35,1008,3,1,2800.0,0.0,2800.0,1800.0,1000.0,35.71,Venda Direta / B2B
12833,2024-05-07,72,1016,4,12,280.0,0.15,2856.0,1800.0,1056.0,36.97,Venda Direta / B2B
12834,2025-03-19,108,1003,6,3,350.0,0.0,1050.0,540.0,510.0,48.57,Website
12835,2025-02-05,33,1001,1,3,4500.0,0.0,13500.0,9300.0,4200.0,31.11,Website
12836,2024-05-06,57,1005,3,1,850.0,0.1,765.0,520.0,245.0,32.03,E-commerce
12837,2024-07-14,27,1005,4,6,850.0,0.0,5100.0,3120.0,1980.0,38.82,Website
12838,2023-07-10,129,1005,2,2,850.0,0.0,1700.0,1040.0,660.0,38.82,E-commerce
12839,2024-08-19,51,1013,1,11,300.0,0.05,3135.0,880.0,2255.0,71.93,Venda Direta / B2B
12840,2025-03-01,113,1008,8,2,2800.0,0.1,5040.0,3600.0,1440.0,28.57,E-commerce
12841,2025-06-30,138,1004,4,3,220.0,0.0,660.0,330.0,330.0,50.0,Venda Direta / B2B
12842,2025-01-24,107,1003,2,8,350.0,0.1,2520.0,1440.0,1080.0,42.86,Venda Direta / B2B
12843,2025-05-30,41,1002,4,2,2200.0,0.05,4180.0,2900.0,1280.0,30.62,Venda Direta / B2B
12844,2024-04-10,71,1018,2,10,95.0,0.1,855.0,450.0,405.0,47.37,Venda Direta / B2B
12845,2024-01-12,52,1003,2,2,350.0,0.0,700.0,360.0,340.0,48.57,E-commerce
12846,2024-10-23,104,1012,6,14,150.0,0.1,1890.0,560.0,1330.0,70.37,Venda Direta / B2B
12847,2024-09-26,99,1002,4,12,2200.0,0.0,26400.0,17400.0,9000.0,34.09,Venda Direta / B2B
12848,2023-09-29,101,1017,6,6,45.0,0.05,256.5,90.0,166.5,64.91,Venda Direta / B2B
12849,2024-12-13,77,1009,1,8,550.0,0.1,3960.0,2560.0,1400.0,35.35,Venda Direta / B2B
12850,2025-09-29,49,1010,4,3,420.0,0.05,1197.0,720.0,477.0,39.85,E-commerce
12851,2023-03-28,43,1013,8,1,300.0,0.0,300.0,80.0,220.0,73.33,Website
12852,2024-08-03,31,1014,2,2,280.0,0.05,532.0,180.0,352.0,66.17,Website
12853,2024-03-10,36,1014,6,11,280.0,0.05,2926.0,990.0,1936.0,66.17,Website
12854,2024-04-27,26,1005,1,3,850.0,0.15,2167.5,1560.0,607.5,28.03,E-commerce
12855,2025-08-16,105,1004,3,11,220.0,0.05,2299.0,1210.0,1089.0,47.37,Venda Direta / B2B
12856,2025-07-03,147,1003,7,5,350.0,0.0,1750.0,900.0,850.0,48.57,Venda Direta / B2B
12857,2024-11-30,35,1008,5,8,2800.0,0.05,21280.0,14400.0,6880.0,32.33,Venda Direta / B2B
12858,2025-02-01,137,1012,4,4,150.0,0.05,570.0,160.0,410.0,71.93,Venda Direta / B2B
12859,2025-08-15,62,1002,2,1,2200.0,0.15,1870.0,1450.0,420.0,22.46,E-commerce
12860,2024-10-22,96,1001,5,6,4500.0,0.1,24300.0,18600.0,5700.0,23.46,Venda Direta / B2B
12861,2025-07-11,128,1009,6,13,550.0,0.1,6435.0,4160.0,2275.0,35.35,Venda Direta / B2B
12862,2024-12-16,86,1009,4,2,550.0,0.1,990.0,640.0,350.0,35.35,Website
12863,2024-07-22,70,1016,7,2,280.0,0.0,560.0,300.0,260.0,46.43,E-commerce
12864,2024-09-05,33,1009,2,1,550.0,0.05,522.5,320.0,202.5,38.76,E-commerce
12865,2024-07-22,3,1018,6,3,95.0,0.15,242.25,135.0,107.25,44.27,E-commerce
12866,2023-10-04,48,1011,7,10,12000.0,0.05,114000.0,40000.0,74000.0,64.91,Venda Direta / B2B
12867,2025-04-09,148,1012,7,7,150.0,0.1,945.0,280.0,665.0,70.37,Venda Direta / B2B
12868,2024-02-03,4,1008,8,14,2800.0,0.0,39200.0,25200.0,14000.0,35.71,Venda Direta / B2B
12869,2024-04-02,69,1004,3,7,220.0,0.05,1463.0,770.0,693.0,47.37,Venda Direta / B2B
12870,2023-08-03,140,1009,4,4,550.0,0.1,1980.0,1280.0,700.0,35.35,Venda Direta / B2B
12871,2025-04-27,82,1010,5,1,420.0,0.1,378.0,240.0,138.0,36.51,Website
12872,2024-12-04,118,1008,4,2,2800.0,0.0,5600.0,3600.0,2000.0,35.71,Website
12873,2023-06-11,127,1004,6,1,220.0,0.0,220.0,110.0,110.0,50.0,Website
12874,2023-09-21,115,1018,2,15,95.0,0.05,1353.75,675.0,678.75,50.14,Website
12875,2024-06-11,93,1007,5,12,1200.0,0.1,12960.0,9000.0,3960.0,30.56,Venda Direta / B2B
12876,2025-06-18,118,1017,5,5,45.0,0.1,202.5,75.0,127.5,62.96,Website
12877,2023-07-26,50,1016,3,14,280.0,0.0,3920.0,2100.0,1820.0,46.43,Website
12878,2025-02-16,88,1014,3,1,280.0,0.1,252.0,90.0,162.0,64.29,E-commerce
12879,2024-09-20,103,1014,6,7,280.0,0.0,1960.0,630.0,1330.0,67.86,Venda Direta / B2B
12880,2024-10-01,72,1004,1,11,220.0,0.05,2299.0,1210.0,1089.0,47.37,Venda Direta / B2B
12881,2025-04-27,138,1015,2,1,32.0,0.05,30.4,18.0,12.4,40.79,Venda Direta / B2B
12882,2025-01-22,10,1002,1,15,2200.0,0.1,29700.0,21750.0,7950.0,26.77,Venda Direta / B2B
12883,2025-05-24,33,1006,2,2,650.0,0.05,1235.0,780.0,455.0,36.84,Website
12884,2024-09-27,31,1007,7,1,1200.0,0.0,1200.0,750.0,450.0,37.5,E-commerce
12885,2025-09-08,56,1004,7,9,220.0,0.0,1980.0,990.0,990.0,50.0,Website
12886,2024-10-19,9,1006,4,2,650.0,0.1,1170.0,780.0,390.0,33.33,Venda Direta / B2B
12887,2025-01-07,40,1012,7,3,150.0,0.0,450.0,120.0,330.0,73.33,Website
12888,2024-12-25,148,1006,8,13,650.0,0.05,8027.5,5070.0,2957.5,36.84,Venda Direta / B2B
12889,2023-12-01,91,1012,4,1,150.0,0.0,150.0,40.0,110.0,73.33,Website
12890,2023-12-29,59,1015,4,15,32.0,0.15,408.0,270.0,138.0,33.82,Website
12891,2024-12-29,74,1001,6,2,4500.0,0.05,8550.0,6200.0,2350.0,27.49,Website
12892,2024-03-19,109,1008,7,1,2800.0,0.0,2800.0,1800.0,1000.0,35.71,E-commerce
12893,2024-10-02,13,1003,8,1,350.0,0.1,315.0,180.0,135.0,42.86,Website
12894,2024-12-29,130,1004,3,14,220.0,0.1,2772.0,1540.0,1232.0,44.44,Venda Direta / B2B
12895,2023-07-03,126,1001,2,3,4500.0,0.0,13500.0,9300.0,4200.0,31.11,Venda Direta / B2B
12896,2024-07-10,57,1018,3,3,95.0,0.1,256.5,135.0,121.5,47.37,Website
12897,2025-02-01,68,1014,5,2,280.0,0.0,560.0,180.0,380.0,67.86,E-commerce
12898,2024-06-16,34,1009,3,4,550.0,0.0,2200.0,1280.0,920.0,41.82,Venda Direta / B2B
12899,2023-12-18,131,1006,1,11,650.0,0.15,6077.5,4290.0,1787.5,29.41,Venda Direta / B2B
12900,2024-05-19,89,1005,3,12,850.0,0.0,10200.0,6240.0,3960.0,38.82,Website
12901,2024-01-30,104,1012,1,7,150.0,0.15,892.5,280.0,612.5,68.63,Venda Direta / B2B
12902,2025-10-30,55,1011,6,11,12000.0,0.1,118800.0,44000.0,74800.0,62.96,Venda Direta / B2B
12903,2024-04-04,63,1016,2,14,280.0,0.0,3920.0,2100.0,1820.0,46.43,Website
12904,2024-11-12,102,1009,8,5,550.0,0.0,2750.0,1600.0,1150.0,41.82,Venda Direta / B2B
12905,2023-03-16,59,1011,5,13,12000.0,0.15,132600.0,52000.0,80600.0,60.78,Venda Direta / B2B
12906,2024-06-15,19,1001,4,2,4500.0,0.1,8100.0,6200.0,1900.0,23.46,Website
12907,2025-01-29,74,1017,7,1,45.0,0.05,42.75,15.0,27.75,64.91,E-commerce
12908,2024-08-03,71,1011,8,1,12000.0,0.05,11400.0,4000.0,7400.0,64.91,Venda Direta / B2B
12909,2024-04-13,45,1003,2,2,350.0,0.1,630.0,360.0,270.0,42.86,Website
12910,2025-09-24,19,1009,2,3,550.0,0.05,1567.5,960.0,607.5,38.76,E-commerce
12911,2024-09-03,146,1001,2,10,4500.0,0.1,40500.0,31000.0,9500.0,23.46,Website
12912,2024-12-20,83,1007,8,9,1200.0,0.05,10260.0,6750.0,3510.0,34.21,Venda Direta / B2B
12913,2025-04-20,123,1002,1,13,2200.0,0.0,28600.0,18850.0,9750.0,34.09,Venda Direta / B2B
12914,2024-04-15,41,1014,1,2,280.0,0.1,504.0,180.0,324.0,64.29,Website
12915,2023-10-17,39,1003,5,2,350.0,0.15,595.0,360.0,235.0,39.5,Venda Direta / B2B
12916,2024-04-06,104,1014,8,9,280.0,0.1,2268.0,810.0,1458.0,64.29,Website
12917,2024-08-18,122,1017,4,2,45.0,0.1,81.0,30.0,51.0,62.96,Venda Direta / B2B
12918,2024-10-16,60,1016,2,13,280.0,0.0,3640.0,1950.0,1690.0,46.43,Website
12919,2023-12-06,8,1013,8,2,300.0,0.15,510.0,160.0,350.0,68.63,E-commerce
12920,2024-08-28,54,1008,5,4,2800.0,0.15,9520.0,7200.0,2320.0,24.37,Venda Direta / B2B
12921,2023-10-10,85,1013,5,4,300.0,0.15,1020.0,320.0,700.0,68.63,Venda Direta / B2B
12922,2025-02-05,47,1011,4,1,12000.0,0.0,12000.0,4000.0,8000.0,66.67,Website
12923,2024-01-08,91,1003,1,2,350.0,0.1,630.0,360.0,270.0,42.86,E-commerce
12924,2024-05-02,145,1010,8,13,420.0,0.1,4914.0,3120.0,1794.0,36.51,Venda Direta / B2B
12925,2023-03-19,1,1002,3,2,2200.0,0.1,3960.0,2900.0,1060.0,26.77,E-commerce
12926,2024-06-01,112,1018,8,2,95.0,0.15,161.5,90.0,71.5,44.27,E-commerce
12927,2024-09-17,80,1015,2,7,32.0,0.1,201.6,126.0,75.6,37.5,Venda Direta / B2B
12928,2025-06-19,9,1014,5,14,280.0,0.0,3920.0,1260.0,2660.0,67.86,Venda Direta / B2B
12929,2023-05-22,91,1008,6,3,2800.0,0.1,7560.0,5400.0,2160.0,28.57,Website
12930,2024-02-22,70,1013,7,3,300.0,0.1,810.0,240.0,570.0,70.37,Website
12931,2024-09-12,145,1004,6,3,220.0,0.1,594.0,330.0,264.0,44.44,Website
12932,2024-03-17,13,1007,6,3,1200.0,0.0,3600.0,2250.0,1350.0,37.5,E-commerce
12933,2024-01-31,29,1012,3,9,150.0,0.1,1215.0,360.0,855.0,70.37,Venda Direta / B2B
12934,2024-08-23,110,1007,5,4,1200.0,0.05,4560.0,3000.0,1560.0,34.21,Venda Direta / B2B
12935,2025-01-02,144,1017,6,10,45.0,0.05,427.5,150.0,277.5,64.91,Venda Direta / B2B
12936,2025-07-17,112,1014,4,2,280.0,0.05,532.0,180.0,352.0,66.17,E-commerce
12937,2025-06-06,57,1010,5,3,420.0,0.0,1260.0,720.0,540.0,42.86,E-commerce
12938,2025-04-12,32,1010,7,10,420.0,0.15,3570.0,2400.0,1170.0,32.77,Website
12939,2024-04-07,67,1008,5,10,2800.0,0.05,26600.0,18000.0,8600.0,32.33,Venda Direta / B2B
12940,2024-03-20,105,1009,5,1,550.0,0.15,467.5,320.0,147.5,31.55,Website
12941,2024-01-22,13,1008,6,3,2800.0,0.0,8400.0,5400.0,3000.0,35.71,E-commerce
12942,2024-12-28,56,1016,5,2,280.0,0.0,560.0,300.0,260.0,46.43,Venda Direta / B2B
12943,2023-10-28,147,1001,8,3,4500.0,0.0,13500.0,9300.0,4200.0,31.11,Venda Direta / B2B
12944,2023-11-14,12,1016,8,2,280.0,0.15,476.0,300.0,176.0,36.97,E-commerce
12945,2024-07-05,106,1010,6,2,420.0,0.15,714.0,480.0,234.0,32.77,E-commerce
12946,2023-12-06,10,1005,4,1,850.0,0.05,807.5,520.0,287.5,35.6,Venda Direta / B2B
12947,2024-05-07,78,1014,7,15,280.0,0.0,4200.0,1350.0,2850.0,67.86,Venda Direta / B2B
12948,2025-03-05,146,1008,1,14,2800.0,0.0,39200.0,25200.0,14000.0,35.71,Venda Direta / B2B
12949,2025-06-25,28,1012,3,13,150.0,0.0,1950.0,520.0,1430.0,73.33,Venda Direta / B2B
12950,2025-03-11,86,1015,7,2,32.0,0.0,64.0,36.0,28.0,43.75,E-commerce
12951,2024-06-21,121,1011,1,3,12000.0,0.0,36000.0,12000.0,24000.0,66.67,E-commerce
12952,2025-07-18,18,1007,5,3,1200.0,0.15,3060.0,2250.0,810.0,26.47,E-commerce
12953,2024-05-25,84,1009,7,7,550.0,0.0,3850.0,2240.0,1610.0,41.82,Venda Direta / B2B
12954,2023-09-09,141,1018,6,1,95.0,0.05,90.25,45.0,45.25,50.14,Venda Direta / B2B
12955,2025-06-19,105,1007,3,15,1200.0,0.0,18000.0,11250.0,6750.0,37.5,Website
12956,2023-06-20,50,1008,5,8,2800.0,0.0,22400.0,14400.0,8000.0,35.71,Venda Direta / B2B
12957,2024-04-26,28,1007,1,5,1200.0,0.1,5400.0,3750.0,1650.0,30.56,Venda Direta / B2B
12958,2025-02-28,130,1014,7,13,280.0,0.0,3640.0,1170.0,2470.0,67.86,Website
12959,2023-06-18,37,1011,5,7,12000.0,0.0,84000.0,28000.0,56000.0,66.67,Website
12960,2024-01-01,125,1003,8,15,350.0,0.0,5250.0,2700.0,2550.0,48.57,Venda Direta / B2B
12961,2024-09-29,10,1007,5,4,1200.0,0.0,4800.0,3000.0,1800.0,37.5,Venda Direta / B2B
12962,2024-01-04,94,1018,1,3,95.0,0.15,242.25,135.0,107.25,44.27,Venda Direta / B2B
12963,2024-12-30,109,1009,7,2,550.0,0.1,990.0,640.0,350.0,35.35,Website
12964,2025-03-21,51,1006,4,3,650.0,0.0,1950.0,1170.0,780.0,40.0,Website
12965,2025-01-07,3,1008,3,1,2800.0,0.05,2660.0,1800.0,860.0,32.33,Website
12966,2024-08-14,56,1004,4,15,220.0,0.0,3300.0,1650.0,1650.0,50.0,Venda Direta / B2B
12967,2023-05-19,65,1007,7,8,1200.0,0.0,9600.0,6000.0,3600.0,37.5,Venda Direta / B2B
12968,2025-03-11,110,1004,8,6,220.0,0.1,1188.0,660.0,528.0,44.44,Venda Direta / B2B
12969,2025-05-24,123,1005,6,13,850.0,0.0,11050.0,6760.0,4290.0,38.82,Venda Direta / B2B
12970,2025-06-26,45,1002,5,3,2200.0,0.0,6600.0,4350.0,2250.0,34.09,E-commerce
12971,2023-08-10,60,1006,5,14,650.0,0.0,9100.0,5460.0,3640.0,40.0,Venda Direta / B2B
12972,2024-03-28,70,1007,3,1,1200.0,0.15,1020.0,750.0,270.0,26.47,Website
12973,2024-05-23,149,1003,1,1,350.0,0.0,350.0,180.0,170.0,48.57,E-commerce
12974,2025-08-25,75,1005,1,15,850.0,0.0,12750.0,7800.0,4950.0,38.82,Venda Direta / B2B
12975,2024-09-11,67,1014,8,12,280.0,0.1,3024.0,1080.0,1944.0,64.29,Venda Direta / B2B
12976,2025-01-18,83,1016,5,7,280.0,0.15,1666.0,1050.0,616.0,36.97,Venda Direta / B2B
12977,2025-04-09,68,1006,1,2,650.0,0.15,1105.0,780.0,325.0,29.41,E-commerce
12978,2024-03-21,40,1015,8,11,32.0,0.05,334.4,198.0,136.4,40.79,Venda Direta / B2B
12979,2024-10-26,47,1003,3,2,350.0,0.15,595.0,360.0,235.0,39.5,Website
12980,2025-04-07,99,1011,7,13,12000.0,0.05,148200.0,52000.0,96200.0,64.91,Website
12981,2025-02-27,38,1017,4,8,45.0,0.0,360.0,120.0,240.0,66.67,Venda Direta / B2B
12982,2024-09-19,48,1003,2,3,350.0,0.0,1050.0,540.0,510.0,48.57,Venda Direta / B2B
12983,2025-09-28,136,1004,8,9,220.0,0.0,1980.0,990.0,990.0,50.0,Venda Direta / B2B
12984,2025-02-19,107,1018,1,11,95.0,0.1,940.5,495.0,445.5,47.37,Venda Direta / B2B
12985,2025-05-23,75,1016,1,13,280.0,0.0,3640.0,1950.0,1690.0,46.43,Website
12986,2024-12-23,27,1012,5,12,150.0,0.0,1800.0,480.0,1320.0,73.33,Venda Direta / B2B
12987,2024-12-23,127,1004,2,1,220.0,0.0,220.0,110.0,110.0,50.0,Website
12988,2025-07-01,66,1013,4,4,300.0,0.1,1080.0,320.0,760.0,70.37,Website
12989,2024-02-03,93,1001,5,3,4500.0,0.0,13500.0,9300.0,4200.0,31.11,Venda Direta / B2B
12990,2024-07-26,83,1013,5,10,300.0,0.1,2700.0,800.0,1900.0,70.37,Website
12991,2025-05-20,50,1007,1,12,1200.0,0.0,14400.0,9000.0,5400.0,37.5,Website
12992,2024-02-25,76,1010,5,8,420.0,0.05,3192.0,1920.0,1272.0,39.85,Venda Direta / B2B
12993,2024-10-24,128,1017,6,1,45.0,0.1,40.5,15.0,25.5,62.96,Venda Direta / B2B
12994,2023-05-15,3,1006,6,3,650.0,0.15,1657.5,1170.0,487.5,29.41,E-commerce
12995,2025-02-12,81,1003,4,13,350.0,0.1,4095.0,2340.0,1755.0,42.86,Website
12996,2024-10-20,102,1006,7,11,650.0,0.0,7150.0,4290.0,2860.0,40.0,Website
12997,2024-01-09,107,1011,4,5,12000.0,0.1,54000.0,20000.0,34000.0,62.96,Venda Direta / B2B
12998,2025-07-16,82,1016,3,1,280.0,0.15,238.0,150.0,88.0,36.97,E-commerce
12999,2024-01-02,21,1014,7,6,280.0,0.0,1680.0,540.0,1140.0,67.86,Website
13000,2023-12-18,8,1005,6,3,850.0,0.0,2550.0,1560.0,990.0,38.82,Website
13001,2024-12-20,19,1004,6,2,220.0,0.0,440.0,220.0,220.0,50.0,Website
13002,2023-12-30,81,1011,7,4,12000.0,0.0,48000.0,16000.0,32000.0,66.67,Venda Direta / B2B
13003,2024-09-28,105,1005,3,14,850.0,0.05,11305.0,7280.0,4025.0,35.6,Website
13004,2025-01-31,11,1006,7,2,650.0,0.05,1235.0,780.0,455.0,36.84,Website
13005,2025-01-31,7,1017,6,2,45.0,0.0,90.0,30.0,60.0,66.67,Venda Direta / B2B
13006,2025-03-06,138,1008,1,1,2800.0,0.15,2380.0,1800.0,580.0,24.37,Venda Direta / B2B
13007,2024-11-14,41,1008,2,14,2800.0,0.0,39200.0,25200.0,14000.0,35.71,Website
13008,2024-01-28,25,1005,3,13,850.0,0.05,10497.5,6760.0,3737.5,35.6,Venda Direta / B2B
13009,2025-03-19,29,1017,6,9,45.0,0.1,364.5,135.0,229.5,62.96,Venda Direta / B2B
13010,2024-11-19,128,1018,7,5,95.0,0.0,475.0,225.0,250.0,52.63,Venda Direta / B2B
13011,2025-03-27,136,1004,6,5,220.0,0.15,935.0,550.0,385.0,41.18,Website
13012,2023-08-14,79,1010,3,3,420.0,0.0,1260.0,720.0,540.0,42.86,Website
13013,2025-04-14,146,1006,8,8,650.0,0.15,4420.0,3120.0,1300.0,29.41,Website
13014,2024-10-09,134,1011,6,3,12000.0,0.1,32400.0,12000.0,20400.0,62.96,E-commerce
13015,2024-05-11,80,1013,2,10,300.0,0.0,3000.0,800.0,2200.0,73.33,Venda Direta / B2B
13016,2024-03-12,29,1006,3,12,650.0,0.0,7800.0,4680.0,3120.0,40.0,Venda Direta / B2B
13017,2024-01-31,47,1007,1,2,1200.0,0.0,2400.0,1500.0,900.0,37.5,Website
13018,2024-05-13,137,1009,4,13,550.0,0.05,6792.5,4160.0,2632.5,38.76,Venda Direta / B2B
13019,2025-03-10,146,1017,2,2,45.0,0.15,76.5,30.0,46.5,60.78,Venda Direta / B2B
13020,2024-09-16,72,1014,2,11,280.0,0.15,2618.0,990.0,1628.0,62.18,Venda Direta / B2B
13021,2025-02-19,141,1004,1,1,220.0,0.1,198.0,110.0,88.0,44.44,Venda Direta / B2B
13022,2024-08-30,44,1001,1,1,4500.0,0.05,4275.0,3100.0,1175.0,27.49,Website
13023,2025-07-31,139,1006,6,4,650.0,0.1,2340.0,1560.0,780.0,33.33,Website
13024,2024-02-10,1,1004,6,3,220.0,0.05,627.0,330.0,297.0,47.37,Website
13025,2025-04-23,63,1009,4,9,550.0,0.0,4950.0,2880.0,2070.0,41.82,Website
13026,2025-07-30,42,1018,7,3,95.0,0.15,242.25,135.0,107.25,44.27,Website
13027,2025-03-29,16,1002,8,7,2200.0,0.1,13860.0,10150.0,3710.0,26.77,Website
13028,2024-01-14,112,1015,4,1,32.0,0.15,27.2,18.0,9.2,33.82,Website
13029,2025-10-30,129,1007,7,3,1200.0,0.0,3600.0,2250.0,1350.0,37.5,Website
13030,2025-04-26,22,1014,6,11,280.0,0.15,2618.0,990.0,1628.0,62.18,Venda Direta / B2B
13031,2025-07-08,46,1013,7,8,300.0,0.0,2400.0,640.0,1760.0,73.33,Venda Direta / B2B
13032,2024-09-07,28,1010,1,2,420.0,0.0,840.0,480.0,360.0,42.86,Venda Direta / B2B
13033,2025-01-31,52,1006,4,3,650.0,0.0,1950.0,1170.0,780.0,40.0,Website
13034,2025-02-05,58,1017,6,15,45.0,0.1,607.5,225.0,382.5,62.96,Venda Direta / B2B
13035,2025-03-13,136,1003,8,6,350.0,0.0,2100.0,1080.0,1020.0,48.57,Website
13036,2024-08-18,127,1016,7,1,280.0,0.1,252.0,150.0,102.0,40.48,Website
13037,2025-03-23,149,1012,3,1,150.0,0.05,142.5,40.0,102.5,71.93,Website
13038,2024-04-09,33,1003,8,3,350.0,0.1,945.0,540.0,405.0,42.86,E-commerce
13039,2023-11-16,29,1017,6,10,45.0,0.15,382.5,150.0,232.5,60.78,Venda Direta / B2B
13040,2025-05-22,139,1008,5,6,2800.0,0.1,15120.0,10800.0,4320.0,28.57,Website
13041,2024-01-30,39,1001,7,7,4500.0,0.1,28350.0,21700.0,6650.0,23.46,Venda Direta / B2B
13042,2024-11-13,91,1006,2,1,650.0,0.1,585.0,390.0,195.0,33.33,E-commerce
13043,2024-02-27,145,1017,3,6,45.0,0.0,270.0,90.0,180.0,66.67,Venda Direta / B2B
13044,2024-12-26,3,1014,8,3,280.0,0.0,840.0,270.0,570.0,67.86,E-commerce
13045,2024-12-12,114,1001,5,11,4500.0,0.0,49500.0,34100.0,15400.0,31.11,Venda Direta / B2B
13046,2025-03-28,109,1014,5,1,280.0,0.15,238.0,90.0,148.0,62.18,E-commerce
13047,2025-01-05,6,1016,1,9,280.0,0.1,2268.0,1350.0,918.0,40.48,Website
13048,2024-06-01,66,1016,6,11,280.0,0.15,2618.0,1650.0,968.0,36.97,Website
13049,2024-05-13,20,1009,4,13,550.0,0.15,6077.5,4160.0,1917.5,31.55,Website
13050,2025-05-17,106,1004,8,1,220.0,0.1,198.0,110.0,88.0,44.44,E-commerce
13051,2024-11-04,53,1011,7,12,12000.0,0.15,122400.0,48000.0,74400.0,60.78,Website
13052,2025-04-22,98,1004,5,13,220.0,0.15,2431.0,1430.0,1001.0,41.18,Website
13053,2023-06-06,81,1010,1,13,420.0,0.0,5460.0,3120.0,2340.0,42.86,Website
13054,2025-01-30,101,1017,1,6,45.0,0.0,270.0,90.0,180.0,66.67,Venda Direta / B2B
13055,2025-05-10,42,1002,7,1,2200.0,0.0,2200.0,1450.0,750.0,34.09,E-commerce
13056,2024-08-11,142,1010,1,1,420.0,0.05,399.0,240.0,159.0,39.85,Website
13057,2024-11-14,92,1009,2,13,550.0,0.0,7150.0,4160.0,2990.0,41.82,Venda Direta / B2B
13058,2024-11-27,147,1018,4,14,95.0,0.0,1330.0,630.0,700.0,52.63,Website
13059,2024-06-20,139,1010,4,10,420.0,0.1,3780.0,2400.0,1380.0,36.51,Website
13060,2024-04-23,142,1004,6,2,220.0,0.0,440.0,220.0,220.0,50.0,Website
13061,2023-12-28,95,1015,1,1,32.0,0.0,32.0,18.0,14.0,43.75,Venda Direta / B2B
13062,2023-07-20,100,1012,7,1,150.0,0.0,150.0,40.0,110.0,73.33,E-commerce
13063,2023-05-03,100,1012,5,1,150.0,0.15,127.5,40.0,87.5,68.63,E-commerce
13064,2024-02-14,139,1015,5,7,32.0,0.15,190.4,126.0,64.4,33.82,Venda Direta / B2B
13065,2023-08-01,5,1016,2,9,280.0,0.0,2520.0,1350.0,1170.0,46.43,Venda Direta / B2B
13066,2024-08-24,8,1002,2,3,2200.0,0.1,5940.0,4350.0,1590.0,26.77,Website
13067,2024-07-24,13,1004,4,2,220.0,0.05,418.0,220.0,198.0,47.37,E-commerce
13068,2025-08-15,34,1009,1,7,550.0,0.05,3657.5,2240.0,1417.5,38.76,Venda Direta / B2B
13069,2025-02-01,144,1014,7,14,280.0,0.0,3920.0,1260.0,2660.0,67.86,Venda Direta / B2B
13070,2024-05-27,97,1002,3,1,2200.0,0.05,2090.0,1450.0,640.0,30.62,Website
13071,2025-07-06,123,1014,3,6,280.0,0.0,1680.0,540.0,1140.0,67.86,Venda Direta / B2B
13072,2024-02-06,32,1006,1,6,650.0,0.0,3900.0,2340.0,1560.0,40.0,Venda Direta / B2B
13073,2025-07-27,113,1010,1,2,420.0,0.05,798.0,480.0,318.0,39.85,E-commerce
13074,2024-10-09,78,1013,5,11,300.0,0.05,3135.0,880.0,2255.0,71.93,Venda Direta / B2B
13075,2024-12-23,84,1014,3,2,280.0,0.15,476.0,180.0,296.0,62.18,Venda Direta / B2B
13076,2024-03-19,126,1001,2,3,4500.0,0.05,12825.0,9300.0,3525.0,27.49,Venda Direta / B2B
13077,2025-03-08,27,1007,3,12,1200.0,0.0,14400.0,9000.0,5400.0,37.5,Website
13078,2023-02-23,101,1008,3,11,2800.0,0.0,30800.0,19800.0,11000.0,35.71,Venda Direta / B2B
13079,2025-07-25,121,1003,4,3,350.0,0.1,945.0,540.0,405.0,42.86,Website
13080,2024-10-19,70,1014,4,3,280.0,0.15,714.0,270.0,444.0,62.18,E-commerce
13081,2024-06-13,142,1011,6,1,12000.0,0.15,10200.0,4000.0,6200.0,60.78,Website
13082,2025-02-03,89,1006,3,12,650.0,0.0,7800.0,4680.0,3120.0,40.0,Venda Direta / B2B
13083,2024-08-18,84,1017,8,6,45.0,0.0,270.0,90.0,180.0,66.67,Website
13084,2024-09-17,87,1002,1,9,2200.0,0.0,19800.0,13050.0,6750.0,34.09,Website
13085,2024-07-17,67,1003,8,8,350.0,0.05,2660.0,1440.0,1220.0,45.86,Venda Direta / B2B
13086,2024-10-03,55,1012,6,13,150.0,0.05,1852.5,520.0,1332.5,71.93,Venda Direta / B2B
13087,2024-09-10,76,1017,2,14,45.0,0.0,630.0,210.0,420.0,66.67,Venda Direta / B2B
13088,2024-07-11,147,1010,8,4,420.0,0.05,1596.0,960.0,636.0,39.85,Venda Direta / B2B
13089,2025-05-18,10,1007,6,4,1200.0,0.15,4080.0,3000.0,1080.0,26.47,Venda Direta / B2B
13090,2024-11-14,50,1008,2,9,2800.0,0.1,22680.0,16200.0,6480.0,28.57,Venda Direta / B2B
13091,2023-09-27,52,1003,4,3,350.0,0.1,945.0,540.0,405.0,42.86,Website
13092,2025-07-31,122,1017,3,13,45.0,0.0,585.0,195.0,390.0,66.67,Website
13093,2024-07-08,123,1006,8,4,650.0,0.05,2470.0,1560.0,910.0,36.84,Venda Direta / B2B
13094,2025-05-04,48,1014,6,11,280.0,0.05,2926.0,990.0,1936.0,66.17,Venda Direta / B2B
13095,2024-02-03,79,1015,7,2,32.0,0.05,60.8,36.0,24.8,40.79,Website
13096,2025-03-08,132,1016,1,1,280.0,0.05,266.0,150.0,116.0,43.61,Website
13097,2024-09-01,49,1016,5,2,280.0,0.1,504.0,300.0,204.0,40.48,E-commerce
13098,2023-10-04,114,1016,7,15,280.0,0.15,3570.0,2250.0,1320.0,36.97,Venda Direta / B2B
13099,2025-04-23,80,1003,4,4,350.0,0.0,1400.0,720.0,680.0,48.57,Venda Direta / B2B
13100,2024-12-17,97,1009,7,2,550.0,0.0,1100.0,640.0,460.0,41.82,E-commerce
13101,2024-12-30,10,1001,2,1,4500.0,0.15,3825.0,3100.0,725.0,18.95,Website
13102,2024-11-26,59,1016,1,9,280.0,0.05,2394.0,1350.0,1044.0,43.61,Venda Direta / B2B
13103,2024-01-14,139,1003,7,11,350.0,0.05,3657.5,1980.0,1677.5,45.86,Website
13104,2025-07-01,76,1006,7,5,650.0,0.15,2762.5,1950.0,812.5,29.41,Website
13105,2025-04-03,118,1010,6,8,420.0,0.15,2856.0,1920.0,936.0,32.77,Venda Direta / B2B
13106,2025-07-06,126,1012,6,11,150.0,0.15,1402.5,440.0,962.5,68.63,Website
13107,2024-07-05,33,1017,2,3,45.0,0.0,135.0,45.0,90.0,66.67,Website
13108,2023-12-20,150,1015,8,3,32.0,0.0,96.0,54.0,42.0,43.75,Website
13109,2024-05-26,49,1018,8,1,95.0,0.0,95.0,45.0,50.0,52.63,E-commerce
13110,2025-07-21,77,1017,5,15,45.0,0.0,675.0,225.0,450.0,66.67,Venda Direta / B2B
13111,2025-04-11,109,1007,8,1,1200.0,0.15,1020.0,750.0,270.0,26.47,E-commerce
13112,2023-10-30,56,1006,1,4,650.0,0.15,2210.0,1560.0,650.0,29.41,Website
13113,2024-06-30,138,1014,2,13,280.0,0.15,3094.0,1170.0,1924.0,62.18,Venda Direta / B2B
13114,2024-04-08,138,1016,2,5,280.0,0.15,1190.0,750.0,440.0,36.97,Venda Direta / B2B
13115,2023-04-10,147,1001,3,14,4500.0,0.1,56700.0,43400.0,13300.0,23.46,Venda Direta / B2B
13116,2024-10-01,95,1002,6,3,2200.0,0.1,5940.0,4350.0,1590.0,26.77,Website
13117,2025-07-19,57,1007,6,1,1200.0,0.15,1020.0,750.0,270.0,26.47,E-commerce
13118,2024-11-16,119,1001,1,3,4500.0,0.0,13500.0,9300.0,4200.0,31.11,E-commerce
13119,2023-11-29,6,1013,2,2,300.0,0.0,600.0,160.0,440.0,73.33,Website
13120,2025-04-10,3,1003,4,3,350.0,0.15,892.5,540.0,352.5,39.5,Website
13121,2025-10-09,35,1010,6,6,420.0,0.0,2520.0,1440.0,1080.0,42.86,Venda Direta / B2B
13122,2025-03-05,147,1002,1,12,2200.0,0.05,25080.0,17400.0,7680.0,30.62,Website
13123,2025-05-04,129,1004,2,1,220.0,0.05,209.0,110.0,99.0,47.37,E-commerce
13124,2023-08-19,77,1005,4,12,850.0,0.0,10200.0,6240.0,3960.0,38.82,Venda Direta / B2B
13125,2024-08-14,136,1011,8,4,12000.0,0.1,43200.0,16000.0,27200.0,62.96,Venda Direta / B2B
13126,2023-12-16,21,1015,4,12,32.0,0.15,326.4,216.0,110.4,33.82,Venda Direta / B2B
13127,2025-03-04,146,1013,4,4,300.0,0.0,1200.0,320.0,880.0,73.33,Venda Direta / B2B
13128,2025-04-16,2,1002,6,9,2200.0,0.1,17820.0,13050.0,4770.0,26.77,Venda Direta / B2B
13129,2023-10-08,116,1010,4,2,420.0,0.05,798.0,480.0,318.0,39.85,Website
13130,2025-05-27,62,1013,8,3,300.0,0.05,855.0,240.0,615.0,71.93,Website
13131,2024-07-04,26,1004,7,2,220.0,0.1,396.0,220.0,176.0,44.44,Website
13132,2025-08-24,35,1002,4,8,2200.0,0.0,17600.0,11600.0,6000.0,34.09,Venda Direta / B2B
13133,2024-09-23,140,1006,7,13,650.0,0.1,7605.0,5070.0,2535.0,33.33,Website
13134,2024-08-21,64,1011,5,3,12000.0,0.0,36000.0,12000.0,24000.0,66.67,Website
13135,2024-07-28,66,1009,2,14,550.0,0.1,6930.0,4480.0,2450.0,35.35,Website
13136,2023-09-16,119,1004,6,3,220.0,0.05,627.0,330.0,297.0,47.37,Website
13137,2024-11-14,105,1010,5,1,420.0,0.0,420.0,240.0,180.0,42.86,Venda Direta / B2B
13138,2023-06-30,140,1018,1,3,95.0,0.0,285.0,135.0,150.0,52.63,Venda Direta / B2B
13139,2023-03-26,125,1005,7,4,850.0,0.0,3400.0,2080.0,1320.0,38.82,Venda Direta / B2B
13140,2025-07-29,27,1017,5,11,45.0,0.05,470.25,165.0,305.25,64.91,Venda Direta / B2B
13141,2024-09-21,149,1017,4,3,45.0,0.0,135.0,45.0,90.0,66.67,E-commerce
13142,2025-07-21,148,1014,1,7,280.0,0.1,1764.0,630.0,1134.0,64.29,Venda Direta / B2B
13143,2024-04-21,146,1001,3,3,4500.0,0.15,11475.0,9300.0,2175.0,18.95,Website
13144,2025-03-27,131,1009,8,13,550.0,0.05,6792.5,4160.0,2632.5,38.76,Venda Direta / B2B
13145,2025-03-22,29,1012,4,14,150.0,0.15,1785.0,560.0,1225.0,68.63,Venda Direta / B2B
13146,2025-03-19,35,1015,8,2,32.0,0.05,60.8,36.0,24.8,40.79,Venda Direta / B2B
13147,2025-06-17,109,1001,2,1,4500.0,0.05,4275.0,3100.0,1175.0,27.49,E-commerce
13148,2025-04-03,52,1002,5,1,2200.0,0.15,1870.0,1450.0,420.0,22.46,Website
13149,2024-10-18,121,1018,8,3,95.0,0.15,242.25,135.0,107.25,44.27,E-commerce
13150,2024-03-16,55,1008,7,5,2800.0,0.1,12600.0,9000.0,3600.0,28.57,Venda Direta / B2B
13151,2023-04-21,25,1009,4,12,550.0,0.15,5610.0,3840.0,1770.0,31.55,Venda Direta / B2B
13152,2023-04-15,90,1004,4,9,220.0,0.1,1782.0,990.0,792.0,44.44,Website
13153,2025-09-11,140,1006,3,7,650.0,0.05,4322.5,2730.0,1592.5,36.84,Venda Direta / B2B
13154,2024-04-25,11,1006,5,1,650.0,0.0,650.0,390.0,260.0,40.0,Website
13155,2025-06-22,92,1002,8,8,2200.0,0.0,17600.0,11600.0,6000.0,34.09,Venda Direta / B2B
13156,2024-04-29,17,1009,1,1,550.0,0.1,495.0,320.0,175.0,35.35,Website
13157,2025-02-14,26,1009,4,1,550.0,0.05,522.5,320.0,202.5,38.76,E-commerce
13158,2025-11-19,142,1008,2,1,2800.0,0.15,2380.0,1800.0,580.0,24.37,E-commerce
13159,2024-06-03,37,1005,5,9,850.0,0.0,7650.0,4680.0,2970.0,38.82,Venda Direta / B2B
13160,2024-12-17,122,1018,3,12,95.0,0.05,1083.0,540.0,543.0,50.14,Venda Direta / B2B
13161,2025-05-31,53,1014,3,3,280.0,0.0,840.0,270.0,570.0,67.86,Venda Direta / B2B
13162,2025-10-27,37,1010,3,5,420.0,0.05,1995.0,1200.0,795.0,39.85,Venda Direta / B2B
13163,2025-05-08,45,1007,7,1,1200.0,0.15,1020.0,750.0,270.0,26.47,Website
13164,2025-05-05,10,1002,4,5,2200.0,0.15,9350.0,7250.0,2100.0,22.46,Venda Direta / B2B
13165,2024-09-05,56,1013,1,8,300.0,0.0,2400.0,640.0,1760.0,73.33,Venda Direta / B2B
13166,2024-11-21,44,1015,1,1,32.0,0.0,32.0,18.0,14.0,43.75,Website
13167,2024-12-21,101,1008,7,12,2800.0,0.0,33600.0,21600.0,12000.0,35.71,Venda Direta / B2B
13168,2024-12-07,105,1007,1,1,1200.0,0.1,1080.0,750.0,330.0,30.56,Venda Direta / B2B
13169,2024-10-06,8,1011,1,1,12000.0,0.0,12000.0,4000.0,8000.0,66.67,E-commerce
13170,2023-12-12,7,1001,8,4,4500.0,0.1,16200.0,12400.0,3800.0,23.46,Website
13171,2023-10-07,116,1002,3,3,2200.0,0.0,6600.0,4350.0,2250.0,34.09,Venda Direta / B2B
13172,2024-02-27,145,1013,1,12,300.0,0.1,3240.0,960.0,2280.0,70.37,Website
13173,2025-06-14,127,1013,3,1,300.0,0.0,300.0,80.0,220.0,73.33,Website
13174,2025-04-20,81,1009,5,12,550.0,0.0,6600.0,3840.0,2760.0,41.82,Venda Direta / B2B
13175,2025-11-26,146,1004,3,9,220.0,0.1,1782.0,990.0,792.0,44.44,Venda Direta / B2B
13176,2025-05-09,66,1015,5,4,32.0,0.0,128.0,72.0,56.0,43.75,Venda Direta / B2B
13177,2025-10-06,58,1005,5,5,850.0,0.0,4250.0,2600.0,1650.0,38.82,Venda Direta / B2B
13178,2024-07-15,102,1003,1,3,350.0,0.0,1050.0,540.0,510.0,48.57,Venda Direta / B2B
13179,2024-03-08,22,1009,3,12,550.0,0.0,6600.0,3840.0,2760.0,41.82,Website
13180,2024-12-14,115,1010,8,15,420.0,0.1,5670.0,3600.0,2070.0,36.51,Venda Direta / B2B
13181,2025-01-04,47,1007,7,3,1200.0,0.05,3420.0,2250.0,1170.0,34.21,E-commerce
13182,2023-10-15,121,1005,7,1,850.0,0.15,722.5,520.0,202.5,28.03,E-commerce
13183,2025-04-29,7,1018,3,5,95.0,0.05,451.25,225.0,226.25,50.14,Venda Direta / B2B
13184,2024-12-15,29,1012,7,1,150.0,0.0,150.0,40.0,110.0,73.33,Venda Direta / B2B
13185,2023-11-01,82,1004,2,1,220.0,0.15,187.0,110.0,77.0,41.18,E-commerce
13186,2025-06-11,138,1010,7,5,420.0,0.15,1785.0,1200.0,585.0,32.77,Venda Direta / B2B
13187,2024-09-03,108,1017,3,1,45.0,0.1,40.5,15.0,25.5,62.96,E-commerce
13188,2025-11-29,129,1001,5,2,4500.0,0.05,8550.0,6200.0,2350.0,27.49,E-commerce
13189,2023-05-24,113,1008,2,3,2800.0,0.15,7140.0,5400.0,1740.0,24.37,Website
13190,2023-06-18,146,1010,3,2,420.0,0.05,798.0,480.0,318.0,39.85,Venda Direta / B2B
13191,2023-07-15,147,1013,4,7,300.0,0.0,2100.0,560.0,1540.0,73.33,Website
13192,2025-05-08,59,1011,5,9,12000.0,0.15,91800.0,36000.0,55800.0,60.78,Venda Direta / B2B
13193,2024-09-09,11,1015,3,1,32.0,0.15,27.2,18.0,9.2,33.82,Website
13194,2025-09-05,82,1014,5,2,280.0,0.0,560.0,180.0,380.0,67.86,Website
13195,2025-02-28,44,1001,2,1,4500.0,0.1,4050.0,3100.0,950.0,23.46,Website
13196,2025-02-13,4,1005,6,15,850.0,0.0,12750.0,7800.0,4950.0,38.82,Venda Direta / B2B
13197,2025-06-10,1,1007,1,1,1200.0,0.15,1020.0,750.0,270.0,26.47,Website
13198,2024-11-04,75,1008,7,8,2800.0,0.15,19040.0,14400.0,4640.0,24.37,Venda Direta / B2B
13199,2023-11-08,1,1001,2,1,4500.0,0.0,4500.0,3100.0,1400.0,31.11,E-commerce
13200,2024-08-18,6,1001,2,7,4500.0,0.0,31500.0,21700.0,9800.0,31.11,Website
13201,2025-04-30,127,1005,4,2,850.0,0.15,1445.0,1040.0,405.0,28.03,E-commerce
13202,2023-07-17,139,1001,6,5,4500.0,0.0,22500.0,15500.0,7000.0,31.11,Website
13203,2025-08-07,109,1018,8,2,95.0,0.0,190.0,90.0,100.0,52.63,E-commerce
13204,2023-07-08,132,1001,5,3,4500.0,0.0,13500.0,9300.0,4200.0,31.11,Website
13205,2024-09-07,63,1004,8,2,220.0,0.15,374.0,220.0,154.0,41.18,Venda Direta / B2B
13206,2025-06-12,24,1011,6,3,12000.0,0.05,34200.0,12000.0,22200.0,64.91,E-commerce
13207,2024-10-23,39,1010,1,4,420.0,0.05,1596.0,960.0,636.0,39.85,Website
13208,2025-04-20,18,1001,6,1,4500.0,0.0,4500.0,3100.0,1400.0,31.11,E-commerce
13209,2024-05-07,8,1014,8,2,280.0,0.15,476.0,180.0,296.0,62.18,E-commerce
13210,2024-12-29,73,1009,5,2,550.0,0.1,990.0,640.0,350.0,35.35,E-commerce
13211,2023-12-26,25,1002,1,9,2200.0,0.05,18810.0,13050.0,5760.0,30.62,Venda Direta / B2B
13212,2025-06-12,36,1001,2,12,4500.0,0.0,54000.0,37200.0,16800.0,31.11,Website
13213,2025-07-16,132,1008,8,3,2800.0,0.0,8400.0,5400.0,3000.0,35.71,E-commerce
13214,2023-12-28,37,1013,1,9,300.0,0.15,2295.0,720.0,1575.0,68.63,Venda Direta / B2B
13215,2025-06-16,68,1016,6,1,280.0,0.0,280.0,150.0,130.0,46.43,E-commerce
13216,2025-04-11,50,1012,7,5,150.0,0.0,750.0,200.0,550.0,73.33,Venda Direta / B2B
13217,2024-07-02,5,1015,1,5,32.0,0.0,160.0,90.0,70.0,43.75,Venda Direta / B2B
13218,2025-01-05,36,1018,6,2,95.0,0.0,190.0,90.0,100.0,52.63,Website
13219,2025-02-13,46,1003,6,6,350.0,0.0,2100.0,1080.0,1020.0,48.57,Website
13220,2024-05-15,30,1013,1,1,300.0,0.15,255.0,80.0,175.0,68.63,Venda Direta / B2B
13221,2024-01-24,68,1002,7,2,2200.0,0.0,4400.0,2900.0,1500.0,34.09,Website
13222,2023-09-30,63,1018,3,8,95.0,0.0,760.0,360.0,400.0,52.63,Venda Direta / B2B
13223,2023-10-07,52,1006,3,3,650.0,0.0,1950.0,1170.0,780.0,40.0,E-commerce
13224,2024-07-07,8,1005,5,3,850.0,0.0,2550.0,1560.0,990.0,38.82,E-commerce
13225,2024-10-21,112,1014,6,1,280.0,0.05,266.0,90.0,176.0,66.17,E-commerce
13226,2024-07-31,79,1002,3,1,2200.0,0.1,1980.0,1450.0,530.0,26.77,E-commerce
13227,2025-10-15,99,1010,1,2,420.0,0.0,840.0,480.0,360.0,42.86,Website
13228,2024-06-23,94,1001,8,12,4500.0,0.0,54000.0,37200.0,16800.0,31.11,Website
13229,2025-09-03,126,1010,3,5,420.0,0.05,1995.0,1200.0,795.0,39.85,Venda Direta / B2B
13230,2024-11-29,22,1014,8,7,280.0,0.0,1960.0,630.0,1330.0,67.86,Website
13231,2024-01-13,26,1011,3,2,12000.0,0.1,21600.0,8000.0,13600.0,62.96,Website
13232,2024-09-20,131,1001,7,14,4500.0,0.1,56700.0,43400.0,13300.0,23.46,Venda Direta / B2B
13233,2025-07-30,40,1013,3,5,300.0,0.15,1275.0,400.0,875.0,68.63,Venda Direta / B2B
13234,2025-06-10,140,1014,8,9,280.0,0.15,2142.0,810.0,1332.0,62.18,Venda Direta / B2B
13235,2024-05-21,21,1015,3,10,32.0,0.0,320.0,180.0,140.0,43.75,Venda Direta / B2B
13236,2024-07-15,106,1002,2,3,2200.0,0.15,5610.0,4350.0,1260.0,22.46,E-commerce
13237,2024-12-03,38,1010,3,4,420.0,0.05,1596.0,960.0,636.0,39.85,Venda Direta / B2B
13238,2025-04-24,14,1010,5,12,420.0,0.1,4536.0,2880.0,1656.0,36.51,Venda Direta / B2B
13239,2024-11-22,39,1004,2,6,220.0,0.1,1188.0,660.0,528.0,44.44,Website
13240,2025-05-15,42,1012,6,2,150.0,0.0,300.0,80.0,220.0,73.33,Website
13241,2025-09-12,73,1009,2,1,550.0,0.15,467.5,320.0,147.5,31.55,Website
13242,2024-10-18,140,1007,2,9,1200.0,0.1,9720.0,6750.0,2970.0,30.56,Venda Direta / B2B
13243,2024-04-11,60,1014,5,4,280.0,0.15,952.0,360.0,592.0,62.18,Venda Direta / B2B
13244,2025-04-11,129,1017,3,3,45.0,0.15,114.75,45.0,69.75,60.78,Website
13245,2024-11-02,138,1014,1,7,280.0,0.05,1862.0,630.0,1232.0,66.17,Venda Direta / B2B
13246,2025-05-31,89,1001,2,14,4500.0,0.0,63000.0,43400.0,19600.0,31.11,Venda Direta / B2B
13247,2024-02-03,95,1006,5,4,650.0,0.05,2470.0,1560.0,910.0,36.84,Website
13248,2023-09-26,64,1006,1,2,650.0,0.1,1170.0,780.0,390.0,33.33,Website
13249,2023-07-30,109,1017,1,1,45.0,0.0,45.0,15.0,30.0,66.67,E-commerce
13250,2023-10-24,99,1017,1,1,45.0,0.0,45.0,15.0,30.0,66.67,Venda Direta / B2B
13251,2023-08-22,27,1007,8,9,1200.0,0.15,9180.0,6750.0,2430.0,26.47,Website
13252,2024-12-27,21,1002,2,13,2200.0,0.0,28600.0,18850.0,9750.0,34.09,Venda Direta / B2B
13253,2025-08-03,77,1007,8,14,1200.0,0.0,16800.0,10500.0,6300.0,37.5,Venda Direta / B2B
13254,2023-11-02,26,1016,8,3,280.0,0.0,840.0,450.0,390.0,46.43,E-commerce
13255,2025-04-06,100,1004,3,2,220.0,0.15,374.0,220.0,154.0,41.18,Website
13256,2024-04-19,120,1010,6,14,420.0,0.0,5880.0,3360.0,2520.0,42.86,Venda Direta / B2B
13257,2025-01-10,53,1003,8,6,350.0,0.05,1995.0,1080.0,915.0,45.86,Venda Direta / B2B
13258,2024-11-11,6,1004,8,15,220.0,0.15,2805.0,1650.0,1155.0,41.18,Venda Direta / B2B
13259,2024-11-10,134,1015,1,2,32.0,0.1,57.6,36.0,21.6,37.5,Website
13260,2024-12-24,59,1002,8,2,2200.0,0.0,4400.0,2900.0,1500.0,34.09,Venda Direta / B2B
13261,2024-09-02,132,1018,2,3,95.0,0.0,285.0,135.0,150.0,52.63,E-commerce
13262,2023-12-03,99,1007,5,8,1200.0,0.0,9600.0,6000.0,3600.0,37.5,Venda Direta / B2B
13263,2024-11-14,87,1016,4,1,280.0,0.1,252.0,150.0,102.0,40.48,Venda Direta / B2B
13264,2024-11-30,2,1004,3,13,220.0,0.15,2431.0,1430.0,1001.0,41.18,Venda Direta / B2B
13265,2023-04-25,94,1018,6,8,95.0,0.0,760.0,360.0,400.0,52.63,Website
13266,2023-04-24,76,1009,4,13,550.0,0.0,7150.0,4160.0,2990.0,41.82,Venda Direta / B2B
13267,2025-06-08,42,1006,2,2,650.0,0.1,1170.0,780.0,390.0,33.33,Website
13268,2024-12-26,142,1013,6,2,300.0,0.1,540.0,160.0,380.0,70.37,E-commerce
13269,2025-02-01,100,1001,8,3,4500.0,0.0,13500.0,9300.0,4200.0,31.11,E-commerce
13270,2024-09-09,63,1004,6,12,220.0,0.0,2640.0,1320.0,1320.0,50.0,Website
13271,2023-10-07,30,1002,7,15,2200.0,0.0,33000.0,21750.0,11250.0,34.09,Venda Direta / B2B
13272,2024-08-05,123,1001,1,4,4500.0,0.05,17100.0,12400.0,4700.0,27.49,Venda Direta / B2B
13273,2023-07-21,67,1017,3,5,45.0,0.0,225.0,75.0,150.0,66.67,Venda Direta / B2B
13274,2025-01-05,148,1008,3,5,2800.0,0.05,13300.0,9000.0,4300.0,32.33,Website
13275,2024-10-24,7,1008,1,5,2800.0,0.1,12600.0,9000.0,3600.0,28.57,Venda Direta / B2B
13276,2024-12-25,4,1003,6,14,350.0,0.0,4900.0,2520.0,2380.0,48.57,Venda Direta / B2B
13277,2023-12-25,19,1012,7,2,150.0,0.15,255.0,80.0,175.0,68.63,E-commerce
13278,2025-10-19,104,1010,4,4,420.0,0.15,1428.0,960.0,468.0,32.77,Website
13279,2025-05-28,80,1008,2,2,2800.0,0.05,5320.0,3600.0,1720.0,32.33,Venda Direta / B2B
13280,2023-05-03,71,1004,8,7,220.0,0.0,1540.0,770.0,770.0,50.0,Venda Direta / B2B
13281,2024-10-16,32,1014,6,8,280.0,0.15,1904.0,720.0,1184.0,62.18,Venda Direta / B2B
13282,2024-06-26,36,1004,2,15,220.0,0.1,2970.0,1650.0,1320.0,44.44,Venda Direta / B2B
13283,2024-06-20,35,1004,4,10,220.0,0.15,1870.0,1100.0,770.0,41.18,Venda Direta / B2B
13284,2024-10-21,88,1004,6,2,220.0,0.1,396.0,220.0,176.0,44.44,Website
13285,2025-05-22,119,1002,3,1,2200.0,0.0,2200.0,1450.0,750.0,34.09,E-commerce
13286,2024-01-02,112,1010,6,2,420.0,0.1,756.0,480.0,276.0,36.51,E-commerce
13287,2024-10-01,92,1002,2,8,2200.0,0.0,17600.0,11600.0,6000.0,34.09,Venda Direta / B2B
13288,2024-09-26,129,1002,8,1,2200.0,0.1,1980.0,1450.0,530.0,26.77,E-commerce
13289,2025-04-21,137,1016,4,8,280.0,0.0,2240.0,1200.0,1040.0,46.43,Website
13290,2024-03-10,82,1016,5,1,280.0,0.0,280.0,150.0,130.0,46.43,Website
13291,2025-06-17,19,1010,5,3,420.0,0.1,1134.0,720.0,414.0,36.51,E-commerce
13292,2025-02-04,13,1013,3,3,300.0,0.05,855.0,240.0,615.0,71.93,Website
13293,2024-04-21,136,1013,7,3,300.0,0.0,900.0,240.0,660.0,73.33,Venda Direta / B2B
13294,2024-11-27,12,1010,8,2,420.0,0.05,798.0,480.0,318.0,39.85,E-commerce
13295,2023-12-11,97,1015,4,1,32.0,0.0,32.0,18.0,14.0,43.75,E-commerce
13296,2025-05-26,87,1007,4,12,1200.0,0.1,12960.0,9000.0,3960.0,30.56,Website
13297,2024-10-06,92,1005,3,4,850.0,0.1,3060.0,2080.0,980.0,32.03,Website
13298,2025-03-05,14,1016,7,15,280.0,0.0,4200.0,2250.0,1950.0,46.43,Website
13299,2025-04-16,134,1017,7,3,45.0,0.0,135.0,45.0,90.0,66.67,Website
13300,2023-08-13,95,1011,4,5,12000.0,0.05,57000.0,20000.0,37000.0,64.91,Venda Direta / B2B
13301,2025-04-10,38,1017,8,4,45.0,0.1,162.0,60.0,102.0,62.96,Website
13302,2025-03-16,116,1011,7,5,12000.0,0.05,57000.0,20000.0,37000.0,64.91,Venda Direta / B2B
13303,2024-02-14,106,1011,8,1,12000.0,0.15,10200.0,4000.0,6200.0,60.78,E-commerce
13304,2024-12-22,128,1015,6,6,32.0,0.0,192.0,108.0,84.0,43.75,Venda Direta / B2B
13305,2024-09-09,8,1003,4,3,350.0,0.0,1050.0,540.0,510.0,48.57,E-commerce
13306,2025-05-16,54,1016,7,12,280.0,0.1,3024.0,1800.0,1224.0,40.48,Venda Direta / B2B
13307,2025-03-08,16,1006,3,3,650.0,0.0,1950.0,1170.0,780.0,40.0,Website
13308,2024-10-10,20,1004,8,14,220.0,0.1,2772.0,1540.0,1232.0,44.44,Venda Direta / B2B
13309,2024-09-01,126,1004,2,7,220.0,0.0,1540.0,770.0,770.0,50.0,Venda Direta / B2B
13310,2025-04-05,140,1006,6,2,650.0,0.05,1235.0,780.0,455.0,36.84,Venda Direta / B2B
13311,2025-05-11,148,1013,4,1,300.0,0.0,300.0,80.0,220.0,73.33,Venda Direta / B2B
13312,2025-08-04,149,1014,1,1,280.0,0.0,280.0,90.0,190.0,67.86,Website
13313,2023-06-10,106,1006,1,1,650.0,0.0,650.0,390.0,260.0,40.0,E-commerce
13314,2025-02-08,127,1009,2,1,550.0,0.15,467.5,320.0,147.5,31.55,E-commerce
13315,2023-05-29,116,1003,8,15,350.0,0.0,5250.0,2700.0,2550.0,48.57,Venda Direta / B2B
13316,2025-04-21,103,1003,4,8,350.0,0.05,2660.0,1440.0,1220.0,45.86,Venda Direta / B2B
13317,2025-02-12,75,1002,4,4,2200.0,0.1,7920.0,5800.0,2120.0,26.77,Venda Direta / B2B
13318,2025-05-09,65,1006,5,7,650.0,0.0,4550.0,2730.0,1820.0,40.0,Website
13319,2025-05-22,41,1015,5,13,32.0,0.1,374.4,234.0,140.4,37.5,Venda Direta / B2B
13320,2025-09-27,2,1018,4,10,95.0,0.1,855.0,450.0,405.0,47.37,Venda Direta / B2B
13321,2025-03-23,67,1011,1,3,12000.0,0.15,30600.0,12000.0,18600.0,60.78,Venda Direta / B2B
13322,2025-03-08,84,1018,2,12,95.0,0.0,1140.0,540.0,600.0,52.63,Website
13323,2025-03-13,33,1008,8,3,2800.0,0.1,7560.0,5400.0,2160.0,28.57,Website
13324,2024-02-01,41,1003,2,14,350.0,0.0,4900.0,2520.0,2380.0,48.57,Venda Direta / B2B
13325,2024-07-05,77,1002,7,1,2200.0,0.1,1980.0,1450.0,530.0,26.77,Venda Direta / B2B
13326,2025-03-03,102,1015,6,14,32.0,0.1,403.2,252.0,151.2,37.5,Venda Direta / B2B
13327,2025-05-29,78,1018,6,4,95.0,0.1,342.0,180.0,162.0,47.37,Website
13328,2024-04-25,6,1012,8,12,150.0,0.15,1530.0,480.0,1050.0,68.63,Venda Direta / B2B
13329,2025-05-26,78,1014,1,7,280.0,0.1,1764.0,630.0,1134.0,64.29,Website
13330,2025-11-02,6,1014,3,1,280.0,0.0,280.0,90.0,190.0,67.86,Website
13331,2025-02-01,145,1004,3,10,220.0,0.0,2200.0,1100.0,1100.0,50.0,Venda Direta / B2B
13332,2024-02-08,96,1003,5,15,350.0,0.15,4462.5,2700.0,1762.5,39.5,Venda Direta / B2B
13333,2023-06-18,139,1009,1,10,550.0,0.0,5500.0,3200.0,2300.0,41.82,Venda Direta / B2B
13334,2025-06-26,50,1012,4,4,150.0,0.0,600.0,160.0,440.0,73.33,Venda Direta / B2B
13335,2025-08-25,92,1008,2,1,2800.0,0.05,2660.0,1800.0,860.0,32.33,Venda Direta / B2B
13336,2025-07-02,89,1011,1,2,12000.0,0.0,24000.0,8000.0,16000.0,66.67,Website
13337,2025-10-20,85,1010,1,4,420.0,0.15,1428.0,960.0,468.0,32.77,Venda Direta / B2B
13338,2024-10-25,144,1018,5,12,95.0,0.15,969.0,540.0,429.0,44.27,Venda Direta / B2B
13339,2024-02-16,50,1008,3,5,2800.0,0.1,12600.0,9000.0,3600.0,28.57,Venda Direta / B2B
13340,2025-07-14,34,1014,1,13,280.0,0.0,3640.0,1170.0,2470.0,67.86,Website
13341,2024-07-04,60,1018,2,3,95.0,0.05,270.75,135.0,135.75,50.14,Venda Direta / B2B
13342,2023-10-09,114,1002,6,13,2200.0,0.1,25740.0,18850.0,6890.0,26.77,Website
13343,2024-06-06,15,1005,2,3,850.0,0.1,2295.0,1560.0,735.0,32.03,Venda Direta / B2B
13344,2024-08-15,124,1003,8,5,350.0,0.05,1662.5,900.0,762.5,45.86,Website
13345,2024-05-07,4,1003,7,3,350.0,0.05,997.5,540.0,457.5,45.86,Website
13346,2025-01-18,115,1007,6,10,1200.0,0.15,10200.0,7500.0,2700.0,26.47,Venda Direta / B2B
13347,2023-12-07,115,1013,2,12,300.0,0.0,3600.0,960.0,2640.0,73.33,Venda Direta / B2B
13348,2024-10-10,103,1008,3,7,2800.0,0.1,17640.0,12600.0,5040.0,28.57,Venda Direta / B2B
13349,2024-06-11,103,1017,5,7,45.0,0.0,315.0,105.0,210.0,66.67,Venda Direta / B2B
13350,2025-02-21,31,1014,8,1,280.0,0.0,280.0,90.0,190.0,67.86,Website
13351,2024-12-07,137,1006,5,6,650.0,0.05,3705.0,2340.0,1365.0,36.84,Venda Direta / B2B
13352,2023-08-19,28,1006,2,6,650.0,0.0,3900.0,2340.0,1560.0,40.0,Website
13353,2025-05-27,3,1012,6,1,150.0,0.0,150.0,40.0,110.0,73.33,E-commerce
13354,2025-03-03,26,1005,2,2,850.0,0.0,1700.0,1040.0,660.0,38.82,Website
13355,2024-11-03,125,1015,8,11,32.0,0.05,334.4,198.0,136.4,40.79,Venda Direta / B2B
13356,2024-09-29,96,1005,5,14,850.0,0.0,11900.0,7280.0,4620.0,38.82,Venda Direta / B2B
13357,2025-09-13,140,1017,4,12,45.0,0.05,513.0,180.0,333.0,64.91,Venda Direta / B2B
13358,2025-02-21,29,1018,3,12,95.0,0.05,1083.0,540.0,543.0,50.14,Venda Direta / B2B
13359,2025-04-01,127,1016,1,2,280.0,0.1,504.0,300.0,204.0,40.48,E-commerce
13360,2025-05-06,54,1007,4,13,1200.0,0.15,13260.0,9750.0,3510.0,26.47,Venda Direta / B2B
13361,2024-12-18,111,1018,6,1,95.0,0.15,80.75,45.0,35.75,44.27,E-commerce
13362,2025-08-07,88,1006,8,3,650.0,0.1,1755.0,1170.0,585.0,33.33,E-commerce
13363,2024-05-04,86,1017,6,3,45.0,0.15,114.75,45.0,69.75,60.78,Website
13364,2024-01-23,112,1011,8,1,12000.0,0.0,12000.0,4000.0,8000.0,66.67,E-commerce
13365,2023-05-06,69,1017,7,8,45.0,0.15,306.0,120.0,186.0,60.78,Venda Direta / B2B
13366,2025-04-05,79,1012,4,3,150.0,0.05,427.5,120.0,307.5,71.93,E-commerce
13367,2023-09-22,44,1013,3,1,300.0,0.05,285.0,80.0,205.0,71.93,Website
13368,2023-03-28,137,1004,3,6,220.0,0.1,1188.0,660.0,528.0,44.44,Website
13369,2024-01-19,115,1010,3,9,420.0,0.0,3780.0,2160.0,1620.0,42.86,Venda Direta / B2B
13370,2024-12-18,47,1009,1,1,550.0,0.0,550.0,320.0,230.0,41.82,Website
13371,2024-04-08,23,1009,5,10,550.0,0.0,5500.0,3200.0,2300.0,41.82,Website
13372,2024-12-21,107,1001,7,3,4500.0,0.1,12150.0,9300.0,2850.0,23.46,Website
13373,2023-07-06,103,1014,1,5,280.0,0.0,1400.0,450.0,950.0,67.86,Venda Direta / B2B
13374,2025-09-02,111,1012,4,1,150.0,0.1,135.0,40.0,95.0,70.37,Website
13375,2025-05-10,5,1002,4,10,2200.0,0.0,22000.0,14500.0,7500.0,34.09,Venda Direta / B2B
13376,2025-03-13,148,1003,4,4,350.0,0.0,1400.0,720.0,680.0,48.57,Venda Direta / B2B
13377,2024-11-16,35,1006,3,5,650.0,0.0,3250.0,1950.0,1300.0,40.0,Venda Direta / B2B
13378,2023-10-03,98,1008,1,12,2800.0,0.1,30240.0,21600.0,8640.0,28.57,Venda Direta / B2B
13379,2025-09-05,37,1017,8,8,45.0,0.0,360.0,120.0,240.0,66.67,Website
13380,2024-06-12,103,1009,2,15,550.0,0.1,7425.0,4800.0,2625.0,35.35,Website
13381,2025-05-07,122,1002,7,14,2200.0,0.1,27720.0,20300.0,7420.0,26.77,Venda Direta / B2B
13382,2024-05-10,91,1017,1,1,45.0,0.0,45.0,15.0,30.0,66.67,E-commerce
13383,2024-09-27,70,1007,7,1,1200.0,0.1,1080.0,750.0,330.0,30.56,E-commerce
13384,2025-01-28,29,1008,4,14,2800.0,0.1,35280.0,25200.0,10080.0,28.57,Venda Direta / B2B
13385,2023-11-13,73,1009,2,2,550.0,0.0,1100.0,640.0,460.0,41.82,E-commerce
13386,2025-08-03,100,1004,6,2,220.0,0.0,440.0,220.0,220.0,50.0,E-commerce
13387,2025-07-11,118,1007,3,8,1200.0,0.1,8640.0,6000.0,2640.0,30.56,Venda Direta / B2B
13388,2024-11-07,108,1016,1,2,280.0,0.05,532.0,300.0,232.0,43.61,Website
13389,2024-12-27,12,1006,5,2,650.0,0.1,1170.0,780.0,390.0,33.33,Website
13390,2024-06-18,26,1011,8,1,12000.0,0.1,10800.0,4000.0,6800.0,62.96,Website
13391,2025-01-05,45,1007,5,3,1200.0,0.0,3600.0,2250.0,1350.0,37.5,Website
13392,2025-06-12,144,1010,4,8,420.0,0.05,3192.0,1920.0,1272.0,39.85,Venda Direta / B2B
13393,2025-04-01,128,1003,3,4,350.0,0.05,1330.0,720.0,610.0,45.86,Venda Direta / B2B
13394,2024-09-03,51,1011,7,10,12000.0,0.1,108000.0,40000.0,68000.0,62.96,Venda Direta / B2B
13395,2024-12-06,43,1001,6,2,4500.0,0.0,9000.0,6200.0,2800.0,31.11,E-commerce
13396,2024-07-28,108,1005,1,2,850.0,0.0,1700.0,1040.0,660.0,38.82,E-commerce
13397,2024-02-20,69,1014,2,11,280.0,0.0,3080.0,990.0,2090.0,67.86,Venda Direta / B2B
13398,2024-12-22,129,1008,6,3,2800.0,0.1,7560.0,5400.0,2160.0,28.57,E-commerce
13399,2025-03-15,45,1009,2,2,550.0,0.0,1100.0,640.0,460.0,41.82,E-commerce
13400,2024-06-13,9,1001,4,8,4500.0,0.0,36000.0,24800.0,11200.0,31.11,Website
13401,2024-04-23,13,1014,5,2,280.0,0.0,560.0,180.0,380.0,67.86,E-commerce
13402,2024-05-21,130,1015,5,5,32.0,0.1,144.0,90.0,54.0,37.5,Venda Direta / B2B
13403,2023-07-31,22,1013,8,14,300.0,0.05,3990.0,1120.0,2870.0,71.93,Website
13404,2025-06-09,107,1009,8,3,550.0,0.1,1485.0,960.0,525.0,35.35,Website
13405,2025-03-22,142,1013,2,2,300.0,0.0,600.0,160.0,440.0,73.33,E-commerce
13406,2024-11-04,147,1017,1,1,45.0,0.1,40.5,15.0,25.5,62.96,Venda Direta / B2B
13407,2024-10-06,148,1006,2,1,650.0,0.05,617.5,390.0,227.5,36.84,Website
13408,2024-06-24,144,1015,7,1,32.0,0.0,32.0,18.0,14.0,43.75,Venda Direta / B2B
13409,2024-07-17,9,1014,6,15,280.0,0.0,4200.0,1350.0,2850.0,67.86,Venda Direta / B2B
13410,2025-02-24,69,1015,7,10,32.0,0.0,320.0,180.0,140.0,43.75,Website
13411,2024-03-05,124,1013,8,11,300.0,0.0,3300.0,880.0,2420.0,73.33,Venda Direta / B2B
13412,2025-04-28,31,1016,3,1,280.0,0.1,252.0,150.0,102.0,40.48,Website
13413,2024-08-21,148,1016,5,13,280.0,0.15,3094.0,1950.0,1144.0,36.97,Venda Direta / B2B
13414,2023-04-29,116,1017,7,6,45.0,0.15,229.5,90.0,139.5,60.78,Venda Direta / B2B
13415,2025-03-25,100,1002,8,1,2200.0,0.0,2200.0,1450.0,750.0,34.09,E-commerce
13416,2024-05-30,132,1006,8,2,650.0,0.05,1235.0,780.0,455.0,36.84,Website
13417,2025-04-17,6,1011,5,10,12000.0,0.0,120000.0,40000.0,80000.0,66.67,Venda Direta / B2B
13418,2025-05-05,16,1015,5,11,32.0,0.1,316.8,198.0,118.8,37.5,Website
13419,2025-03-28,140,1003,7,11,350.0,0.1,3465.0,1980.0,1485.0,42.86,Website
13420,2023-06-11,53,1013,3,14,300.0,0.0,4200.0,1120.0,3080.0,73.33,Venda Direta / B2B
13421,2024-08-15,148,1006,1,8,650.0,0.15,4420.0,3120.0,1300.0,29.41,Venda Direta / B2B
13422,2024-12-13,21,1017,3,8,45.0,0.15,306.0,120.0,186.0,60.78,Venda Direta / B2B
13423,2024-01-02,53,1011,4,8,12000.0,0.1,86400.0,32000.0,54400.0,62.96,Venda Direta / B2B
13424,2025-03-13,137,1001,7,14,4500.0,0.15,53550.0,43400.0,10150.0,18.95,Venda Direta / B2B
13425,2024-04-23,75,1013,3,1,300.0,0.15,255.0,80.0,175.0,68.63,Venda Direta / B2B
13426,2024-11-14,23,1008,4,6,2800.0,0.15,14280.0,10800.0,3480.0,24.37,Venda Direta / B2B
13427,2025-02-16,73,1004,6,3,220.0,0.1,594.0,330.0,264.0,44.44,E-commerce
13428,2023-06-02,46,1013,2,10,300.0,0.15,2550.0,800.0,1750.0,68.63,Venda Direta / B2B
13429,2024-09-11,95,1001,5,10,4500.0,0.0,45000.0,31000.0,14000.0,31.11,Website
13430,2025-08-27,60,1009,5,11,550.0,0.0,6050.0,3520.0,2530.0,41.82,Venda Direta / B2B
13431,2025-02-19,120,1003,2,7,350.0,0.15,2082.5,1260.0,822.5,39.5,Venda Direta / B2B
13432,2025-05-27,99,1001,7,11,4500.0,0.0,49500.0,34100.0,15400.0,31.11,Venda Direta / B2B
13433,2025-02-08,136,1011,1,2,12000.0,0.05,22800.0,8000.0,14800.0,64.91,Venda Direta / B2B
13434,2025-06-13,131,1005,2,6,850.0,0.0,5100.0,3120.0,1980.0,38.82,Venda Direta / B2B
13435,2025-08-04,30,1002,8,1,2200.0,0.0,2200.0,1450.0,750.0,34.09,Website
13436,2024-08-22,11,1010,8,1,420.0,0.0,420.0,240.0,180.0,42.86,Website
13437,2024-10-31,9,1018,2,8,95.0,0.1,684.0,360.0,324.0,47.37,Venda Direta / B2B
13438,2023-12-29,107,1006,3,11,650.0,0.05,6792.5,4290.0,2502.5,36.84,Venda Direta / B2B
13439,2025-05-14,8,1011,1,2,12000.0,0.15,20400.0,8000.0,12400.0,60.78,Website
13440,2024-10-27,145,1011,3,11,12000.0,0.1,118800.0,44000.0,74800.0,62.96,Website
13441,2025-01-12,20,1003,7,9,350.0,0.1,2835.0,1620.0,1215.0,42.86,Venda Direta / B2B
13442,2025-08-01,99,1004,2,3,220.0,0.1,594.0,330.0,264.0,44.44,Venda Direta / B2B
13443,2024-08-07,143,1001,1,9,4500.0,0.0,40500.0,27900.0,12600.0,31.11,Venda Direta / B2B
13444,2024-04-02,117,1004,1,11,220.0,0.1,2178.0,1210.0,968.0,44.44,Venda Direta / B2B
13445,2024-02-17,72,1009,5,4,550.0,0.15,1870.0,1280.0,590.0,31.55,Venda Direta / B2B
13446,2024-07-31,65,1006,6,9,650.0,0.1,5265.0,3510.0,1755.0,33.33,Website
13447,2025-06-27,46,1003,1,12,350.0,0.05,3990.0,2160.0,1830.0,45.86,Website
13448,2025-04-24,77,1005,3,11,850.0,0.0,9350.0,5720.0,3630.0,38.82,Venda Direta / B2B
13449,2024-08-19,150,1001,2,1,4500.0,0.1,4050.0,3100.0,950.0,23.46,Website
13450,2024-07-17,47,1001,5,3,4500.0,0.1,12150.0,9300.0,2850.0,23.46,E-commerce
13451,2025-05-01,64,1002,7,11,2200.0,0.0,24200.0,15950.0,8250.0,34.09,Venda Direta / B2B
13452,2023-12-06,63,1010,7,6,420.0,0.05,2394.0,1440.0,954.0,39.85,Venda Direta / B2B
13453,2023-07-11,57,1012,7,2,150.0,0.15,255.0,80.0,175.0,68.63,Website
13454,2025-04-27,72,1012,1,4,150.0,0.05,570.0,160.0,410.0,71.93,Venda Direta / B2B
13455,2025-05-13,140,1017,3,2,45.0,0.15,76.5,30.0,46.5,60.78,Venda Direta / B2B
13456,2024-09-20,64,1016,6,5,280.0,0.1,1260.0,750.0,510.0,40.48,Website
13457,2024-08-22,33,1007,4,2,1200.0,0.1,2160.0,1500.0,660.0,30.56,Website
13458,2024-08-16,136,1015,7,5,32.0,0.0,160.0,90.0,70.0,43.75,Website
13459,2023-12-03,146,1010,8,15,420.0,0.0,6300.0,3600.0,2700.0,42.86,Website
13460,2023-12-10,66,1002,3,10,2200.0,0.1,19800.0,14500.0,5300.0,26.77,Website
13461,2024-02-06,145,1014,3,1,280.0,0.1,252.0,90.0,162.0,64.29,Venda Direta / B2B
13462,2024-08-12,146,1015,7,3,32.0,0.05,91.2,54.0,37.2,40.79,Venda Direta / B2B
13463,2024-07-27,141,1005,4,4,850.0,0.15,2890.0,2080.0,810.0,28.03,Venda Direta / B2B
13464,2025-03-12,143,1013,8,12,300.0,0.1,3240.0,960.0,2280.0,70.37,Venda Direta / B2B
13465,2024-12-31,112,1012,1,2,150.0,0.0,300.0,80.0,220.0,73.33,Website
13466,2024-04-16,13,1006,5,3,650.0,0.0,1950.0,1170.0,780.0,40.0,Website
13467,2024-06-18,49,1017,2,1,45.0,0.1,40.5,15.0,25.5,62.96,Website
13468,2023-04-03,18,1001,5,2,4500.0,0.1,8100.0,6200.0,1900.0,23.46,Website
13469,2025-07-25,18,1005,5,3,850.0,0.0,2550.0,1560.0,990.0,38.82,Website
13470,2025-06-04,56,1003,5,2,350.0,0.0,700.0,360.0,340.0,48.57,Venda Direta / B2B
13471,2024-11-02,83,1016,3,15,280.0,0.15,3570.0,2250.0,1320.0,36.97,Website
13472,2024-10-02,139,1002,7,11,2200.0,0.1,21780.0,15950.0,5830.0,26.77,Venda Direta / B2B
13473,2024-05-24,76,1005,1,6,850.0,0.0,5100.0,3120.0,1980.0,38.82,Website
13474,2023-08-09,60,1006,6,14,650.0,0.0,9100.0,5460.0,3640.0,40.0,Venda Direta / B2B
13475,2024-12-06,110,1016,7,10,280.0,0.15,2380.0,1500.0,880.0,36.97,Venda Direta / B2B
13476,2025-08-08,103,1018,3,15,95.0,0.15,1211.25,675.0,536.25,44.27,Website
13477,2025-07-16,95,1002,7,9,2200.0,0.0,19800.0,13050.0,6750.0,34.09,Venda Direta / B2B
13478,2023-09-30,63,1012,1,8,150.0,0.1,1080.0,320.0,760.0,70.37,Website
13479,2024-08-20,111,1017,6,2,45.0,0.05,85.5,30.0,55.5,64.91,Website
13480,2025-05-19,80,1001,4,13,4500.0,0.1,52650.0,40300.0,12350.0,23.46,Venda Direta / B2B
13481,2024-04-19,82,1006,4,1,650.0,0.1,585.0,390.0,195.0,33.33,Website
13482,2025-01-29,104,1011,2,1,12000.0,0.1,10800.0,4000.0,6800.0,62.96,Venda Direta / B2B
13483,2024-10-16,44,1007,2,2,1200.0,0.0,2400.0,1500.0,900.0,37.5,E-commerce
13484,2024-03-19,148,1003,3,1,350.0,0.05,332.5,180.0,152.5,45.86,Venda Direta / B2B
13485,2025-05-08,51,1003,8,4,350.0,0.1,1260.0,720.0,540.0,42.86,Venda Direta / B2B
13486,2023-07-07,48,1010,5,14,420.0,0.05,5586.0,3360.0,2226.0,39.85,Venda Direta / B2B
13487,2025-05-17,141,1010,1,13,420.0,0.1,4914.0,3120.0,1794.0,36.51,Venda Direta / B2B
13488,2024-09-05,137,1015,7,14,32.0,0.0,448.0,252.0,196.0,43.75,Venda Direta / B2B
13489,2024-06-08,2,1003,8,7,350.0,0.0,2450.0,1260.0,1190.0,48.57,Venda Direta / B2B
13490,2025-04-04,121,1003,1,3,350.0,0.0,1050.0,540.0,510.0,48.57,E-commerce
13491,2024-10-11,43,1008,6,1,2800.0,0.05,2660.0,1800.0,860.0,32.33,E-commerce
13492,2024-08-01,10,1009,2,9,550.0,0.15,4207.5,2880.0,1327.5,31.55,Venda Direta / B2B
13493,2023-02-05,140,1012,2,12,150.0,0.0,1800.0,480.0,1320.0,73.33,Website
13494,2024-06-13,67,1015,5,12,32.0,0.1,345.6,216.0,129.6,37.5,Website
13495,2025-02-03,30,1008,7,1,2800.0,0.1,2520.0,1800.0,720.0,28.57,Website
13496,2025-04-30,13,1001,5,1,4500.0,0.0,4500.0,3100.0,1400.0,31.11,Website
13497,2025-03-02,80,1011,2,9,12000.0,0.0,108000.0,36000.0,72000.0,66.67,Venda Direta / B2B
13498,2025-11-04,140,1008,3,3,2800.0,0.15,7140.0,5400.0,1740.0,24.37,Venda Direta / B2B
13499,2023-05-26,98,1007,7,13,1200.0,0.0,15600.0,9750.0,5850.0,37.5,Venda Direta / B2B
13500,2024-04-01,140,1012,7,11,150.0,0.0,1650.0,440.0,1210.0,73.33,Venda Direta / B2B
